﻿"Date ","Symbol ","Security Name ","Client Name ","Buy / Sell ","Quantity Traded ","Trade Price / Wght. Avg. Price ","Remarks "
"10-JUN-2025","BAJFINANCE","Bajaj Finance Limited","NEW HORIZON OPPORTUNITIES MASTER FUND","BUY","1,75,000","9,703.00",
"10-JUN-2025","BAJFINANCE","Bajaj Finance Limited","NEW HORIZON OPPORTUNITIES MASTER FUND","SELL","1,75,000","9,703.00",
"10-JUN-2025","PREMIERENE","Premier Energies Limited","360 ONE ASSET MANAGEMENT LIMITED","BUY","4,74,697","1,051.60",
"10-JUN-2025","PREMIERENE","Premier Energies Limited","AGEAS FEDERAL LIFE INSURANCE COMPANY LIMITED","BUY","1,69,000","1,051.60",
"10-JUN-2025","PREMIERENE","Premier Energies Limited","AL MEHWAR COMMERCIAL INVESTMENTS L.L.C.","BUY","2,82,513","1,051.60",
"10-JUN-2025","PREMIERENE","Premier Energies Limited","AXIS MUTUAL FUND","BUY","10,93,675","1,051.60",
"10-JUN-2025","PREMIERENE","Premier Energies Limited","BANDHAN MUTUAL FUND","BUY","1,90,000","1,051.60",
"10-JUN-2025","PREMIERENE","Premier Energies Limited","BLACKSTONE AQUA MASTER SUB-FUND","BUY","4,07,180","1,051.60",
"10-JUN-2025","PREMIERENE","Premier Energies Limited","CITIGROUP GLOBAL MARKETS MAURITIUS PRIVATE LIMITED","BUY","5,70,052","1,051.60",
"10-JUN-2025","PREMIERENE","Premier Energies Limited","CITIGROUP GLOBAL MARKETS MAURITIUS PRIVATE LIMITED","BUY","6,51,488","1,051.60",
"10-JUN-2025","PREMIERENE","Premier Energies Limited","EDELWEISS MUTUAL FUND","BUY","14,26,533","1,051.60",
"10-JUN-2025","PREMIERENE","Premier Energies Limited","GHISALLO MASTER FUND LP","BUY","6,51,488","1,051.60",
"10-JUN-2025","PREMIERENE","Premier Energies Limited","GOLDMAN SACHS (SINGAPORE) PTE","BUY","1,62,872","1,051.60",
"10-JUN-2025","PREMIERENE","Premier Energies Limited","GOLDMAN SACHS INVESTMENTS MAURITIUS I LIMITED","BUY","4,07,180","1,051.60",
"10-JUN-2025","PREMIERENE","Premier Energies Limited","HDFC LIFE INSURANCE COMPANY LIMITED","BUY","2,00,000","1,051.60",
"10-JUN-2025","PREMIERENE","Premier Energies Limited","ICICI PRUDENTIAL MUTUAL FUND","BUY","4,75,511","1,051.60",
"10-JUN-2025","PREMIERENE","Premier Energies Limited","KOTAK MAHINDRA LIFE INSURANCE COMPANY LIMITED","BUY","9,48,303","1,051.60",
"10-JUN-2025","PREMIERENE","Premier Energies Limited","MORGAN STANLEY ASIA SINGAPORE PTE","BUY","16,77,563","1,051.60",
"10-JUN-2025","PREMIERENE","Premier Energies Limited","MORGAN STANLEY ASIA SINGAPORE PTE","BUY","1,62,872","1,051.60",
"10-JUN-2025","PREMIERENE","Premier Energies Limited","MOTILAL OSWAL MUTUAL FUND","BUY","2,37,755","1,051.60",
"10-JUN-2025","PREMIERENE","Premier Energies Limited","NOMURA SINGAPORE LIMITED","BUY","2,44,308","1,051.60",
"10-JUN-2025","PREMIERENE","Premier Energies Limited","PI OPPORTUNITIES AIF V LLP","BUY","33,28,578","1,051.60",
"10-JUN-2025","PREMIERENE","Premier Energies Limited","PUBLIC SECTOR PENSION INVESTMENT BOARD","BUY","4,12,130","1,051.60",
"10-JUN-2025","PREMIERENE","Premier Energies Limited","QUANT MUTUAL FUND","BUY","47,55,111","1,051.60",
"10-JUN-2025","PREMIERENE","Premier Energies Limited","SBI LIFE INSURANCE COMPANY LIMITED","BUY","23,77,555","1,051.60",
"10-JUN-2025","PREMIERENE","Premier Energies Limited","SOCIETE GENERALE","BUY","17,91,592","1,051.60",
"10-JUN-2025","PREMIERENE","Premier Energies Limited","SOUTH ASIA GROWTH FUND II HOLDINGS LLC","SELL","2,50,00,000","1,051.60",
"10-JUN-2025","PREMIERENE","Premier Energies Limited","THELEME INDIA MASTER FUND LIMITED","BUY","19,02,044","1,051.60",