﻿"Date ","Symbol ","Security Name ","Client Name ","Buy / Sell ","Quantity Traded ","Trade Price / Wght. Avg. Price ","Remarks "
"12-JUN-2025","ASIANPAINT","Asian Paints Limited","SBI MUTUAL FUND","BUY","3,50,00,000","2,201.00",
"12-JUN-2025","ASIANPAINT","Asian Paints Limited","SIDDHANT COMMERCIALS PRIVATE LIMITED","SELL","3,50,00,000","2,201.00",
"12-JUN-2025","BAJFINANCE","Bajaj Finance Limited","NEW HORIZON OPPORTUNITIES MASTER FUND","BUY","1,75,000","9,519.00",
"12-JUN-2025","BAJFINANCE","Bajaj Finance Limited","NEW HORIZON OPPORTUNITIES MASTER FUND","SELL","1,75,000","9,519.00",
"12-JUN-2025","ETERNAL","ETERNAL LIMITED","MARSHALL WACE INVESTMENT STRATEGIES - EUREKA FUND","SELL","60,93,605","257.07",
"12-JUN-2025","ETERNAL","ETERNAL LIMITED","SOCIETE GENERALE","BUY","60,93,605","257.07",
"12-JUN-2025","SCHAEFFLER","Schaeffler India Ltd","MARSHALL WACE INVESTMENT STRATEGIES - EUREKA FUND","SELL","79,559","4,188.40",
"12-JUN-2025","SCHAEFFLER","Schaeffler India Ltd","SOCIETE GENERALE","BUY","79,559","4,188.40",