﻿"Date ","Symbol ","Security Name ","Client Name ","Buy / Sell ","Quantity Traded ","Trade Price / Wght. Avg. Price ","Remarks "
"06-JUN-2025","BAJAJFINSV","Bajaj Finserv Limited","ADITYA BIRLA SUN LIFE MUTUAL FUND","BUY","12,98,684","1,925.20",
"06-JUN-2025","BAJAJFINSV","Bajaj Finserv Limited","ASK ABSOLUTE RETURN FUND","BUY","1,11,394","1,925.20",
"06-JUN-2025","BAJAJFINSV","Bajaj Finserv Limited","BAJAJ HOLDINGS AND INVESTMENT LIMITED","SELL","1,04,00,000","1,925.20",
"06-JUN-2025","BAJAJFINSV","Bajaj Finserv Limited","BARCLAYS MERCHANT BANK (SINGAPORE) LIMITED","BUY","53,468","1,925.20",
"06-JUN-2025","BAJAJFINSV","Bajaj Finserv Limited","BOFA SECURITIES EUROPE SA","BUY","3,11,903","1,925.20",
"06-JUN-2025","BAJAJFINSV","Bajaj Finserv Limited","BOFA SECURITIES EUROPE SA - ODI","BUY","13,09,986","1,925.20",
"06-JUN-2025","BAJAJFINSV","Bajaj Finserv Limited","CITIGROUP GLOBAL MARKETS MAURITIUS PVT LTD","BUY","2,89,624","1,925.20",
"06-JUN-2025","BAJAJFINSV","Bajaj Finserv Limited","COPTHALL MAURITIUS INVESTMENT LIMITED","BUY","66,837","1,925.20",
"06-JUN-2025","BAJAJFINSV","Bajaj Finserv Limited","DFC EMERGING MARKETS EQUITY FUND","BUY","420","1,925.20",
"06-JUN-2025","BAJAJFINSV","Bajaj Finserv Limited","DSP MUTUAL FUND","BUY","54,592","1,925.20",
"06-JUN-2025","BAJAJFINSV","Bajaj Finserv Limited","EASTSPRING INVESTMENTS INDIA CONSUMER EQUITY OPEN LIMITED","BUY","2,35,000","1,925.20",
"06-JUN-2025","BAJAJFINSV","Bajaj Finserv Limited","EASTSPRING INVESTMENTS INDIA EQUITY FUND","BUY","2,10,000","1,925.20",
"06-JUN-2025","BAJAJFINSV","Bajaj Finserv Limited","EASTSPRING INVESTMENTS INDIA EQUITY OPEN LIMITED","BUY","1,95,988","1,925.20",
"06-JUN-2025","BAJAJFINSV","Bajaj Finserv Limited","EDELWEISS MUTUAL FUND","BUY","5,19,481","1,925.20",
"06-JUN-2025","BAJAJFINSV","Bajaj Finserv Limited","GOLDMAN SACHS (SINGAPORE) PTE","BUY","2,22,788","1,925.20",
"06-JUN-2025","BAJAJFINSV","Bajaj Finserv Limited","GOLDMAN SACHS INVESTMENTS (MAURITIUS) I LIMITED  SHORT TERM","BUY","2,22,788","1,925.20",
"06-JUN-2025","BAJAJFINSV","Bajaj Finserv Limited","HDFC MUTUAL FUND","BUY","11,65,845","1,925.20",
"06-JUN-2025","BAJAJFINSV","Bajaj Finserv Limited","ICICI PRUDENTIAL LIFE INSURANCE COMPANY LIMITED","BUY","4,67,533","1,925.20",
"06-JUN-2025","BAJAJFINSV","Bajaj Finserv Limited","ICICI PRUDENTIAL MUTUAL FUND","BUY","77,92,208","1,925.20",
"06-JUN-2025","BAJAJFINSV","Bajaj Finserv Limited","INDIA ACORN ICAV - ASHOKA WHITEOAK EMERGING MARKETS EQUITY FUND","BUY","1,35,065","1,925.20",
"06-JUN-2025","BAJAJFINSV","Bajaj Finserv Limited","INSTITUTIONAL VANDHA A/C","BUY","1,23,139","1,925.20",
"06-JUN-2025","BAJAJFINSV","Bajaj Finserv Limited","JAMNALAL SONS PRIVATE LIMITED","SELL","1,82,00,000","1,925.20",
"06-JUN-2025","BAJAJFINSV","Bajaj Finserv Limited","JAPAN TRUSTEES SERVICE BANK LTD A/C JF INDIA EQUITY OPEN MOTHER FUND","BUY","69,409","1,925.20",
"06-JUN-2025","BAJAJFINSV","Bajaj Finserv Limited","JP MORGAN FUNDS","BUY","1,86,577","1,925.20",
"06-JUN-2025","BAJAJFINSV","Bajaj Finserv Limited","JPMORGAN INDIA FUND","BUY","2,83,430","1,925.20",
"06-JUN-2025","BAJAJFINSV","Bajaj Finserv Limited","JPMORGAN INDIAN INVESTMENT TRUST PLC","BUY","4,65,408","1,925.20",
"06-JUN-2025","BAJAJFINSV","Bajaj Finserv Limited","LANSFORSAKRINGAR TILLVAXTMARKNAD AKTIV","BUY","4,811","1,925.20",
"06-JUN-2025","BAJAJFINSV","Bajaj Finserv Limited","LEADING LIGHT FUND VCC - THE TRIUMPH FUND","BUY","75,748","1,925.20",
"06-JUN-2025","BAJAJFINSV","Bajaj Finserv Limited","MORGAN STANLEY ASIA SINGAPORE PTE","BUY","1,33,674","1,925.20",
"06-JUN-2025","BAJAJFINSV","Bajaj Finserv Limited","MORGAN STANLEY ASIA SINGAPORE PTE","BUY","21,78,856","1,925.20",
"06-JUN-2025","BAJAJFINSV","Bajaj Finserv Limited","NOMURA SINGAPORE LIMITED","BUY","53,471","1,925.20",
"06-JUN-2025","BAJAJFINSV","Bajaj Finserv Limited","NTCC COLL FUNDS FOR EMPLOYEE BENEFIT TRUST -NTCC EMERGING MARKETS FUND FEBT","BUY","2,043","1,925.20",
"06-JUN-2025","BAJAJFINSV","Bajaj Finserv Limited","OP-INDIA FUND","BUY","40,333","1,925.20",
"06-JUN-2025","BAJAJFINSV","Bajaj Finserv Limited","PRUDENTAL ASSET MGT (SINGAPORE) A/C PRU AST MGT SINGAPORE AC INT OPP FD DRAGON PEACOCK","BUY","41,121","1,925.20",
"06-JUN-2025","BAJAJFINSV","Bajaj Finserv Limited","PRUDENTIAL ASSET MGT. (SINGAPORE) A/C DRAGON PEACOCK INVESTMENTS LTD","BUY","62,642","1,925.20",
"06-JUN-2025","BAJAJFINSV","Bajaj Finserv Limited","SBI LIFE INSURANCE COMPANY LIMITED","BUY","3,11,689","1,925.20",
"06-JUN-2025","BAJAJFINSV","Bajaj Finserv Limited","SBI MUTUAL FUND","BUY","77,92,208","1,925.20",
"06-JUN-2025","BAJAJFINSV","Bajaj Finserv Limited","SCOTIA PRIVATE EMERGING MARKETS POOL","BUY","1,041","1,925.20",
"06-JUN-2025","BAJAJFINSV","Bajaj Finserv Limited","SOCIETE GENERALE","BUY","10,11,452","1,925.20",
"06-JUN-2025","BAJAJFINSV","Bajaj Finserv Limited","TARA EMERGING ASIA LIQUID FUND","BUY","51,952","1,925.20",
"06-JUN-2025","BAJAJFINSV","Bajaj Finserv Limited","TATA EQUITY PLUS ABSOLUTE RETURNS FUND","BUY","1,03,897","1,925.20",
"06-JUN-2025","BAJAJFINSV","Bajaj Finserv Limited","TATA MUTUAL FUND","BUY","4,54,284","1,925.20",
"06-JUN-2025","BAJAJFINSV","Bajaj Finserv Limited","THE INCUBATION FUND LIMITED","BUY","23","1,925.20",
"06-JUN-2025","BAJAJFINSV","Bajaj Finserv Limited","VANGUARD EMERGING MARKETS SELECT STOCK FUND","BUY","4,844","1,925.20",
"06-JUN-2025","BAJAJFINSV","Bajaj Finserv Limited","VIRIDIAN ASIA OPPORTUNITIES MASTER FUND","BUY","4,45,575","1,925.20",
"06-JUN-2025","BAJAJFINSV","Bajaj Finserv Limited","WELLINGTON MANAGEMENT FUNDS (LUXEMBOURG) III SICAV - WELLINGTON EMERGING MAR RESEACH EQ CORE FD","BUY","921","1,925.20",
"06-JUN-2025","BAJAJFINSV","Bajaj Finserv Limited","WMF (LUXEMBOURG)- WELLINGTON EMERGING MARKETS RESEARCH EQUITY FUND","BUY","11,575","1,925.20",
"06-JUN-2025","BAJAJFINSV","Bajaj Finserv Limited","WMF LUXEMBOURG II SICAV WELLINGTON GLOBAL MULTI ASSET TARGET RETURN FUND","BUY","552","1,925.20",
"06-JUN-2025","BAJAJFINSV","Bajaj Finserv Limited","WTCNAM CIF TRUST II EMERGING MARKETS RESEARCH EQUITY PORTFOLIO","BUY","6,630","1,925.20",
"06-JUN-2025","BAJAJFINSV","Bajaj Finserv Limited","WTCNAM COMMON TRUST FUNDS TRUST EMERGING MARKETS RESEARCH EQUITY PORTFOLIO","BUY","13,724","1,925.20",
"06-JUN-2025","BAJAJFINSV","Bajaj Finserv Limited","ZURICH INVEST INSTITUTIONAL FUNDS - ZIF AKTIEN EMERGING MARKETS","BUY","5,367","1,925.20",
"06-JUN-2025","ZFCVINDIA","ZF Com Ve Ctr Sys Ind Ltd","ADITYA BIRLA SUNLIFE MUTUAL FUND","BUY","1,23,109","13,191.00",
"06-JUN-2025","ZFCVINDIA","ZF Com Ve Ctr Sys Ind Ltd","BANDHAN MUTUAL FUND","BUY","10,999","13,191.00",
"06-JUN-2025","ZFCVINDIA","ZF Com Ve Ctr Sys Ind Ltd","CITIGROUP GLOBAL MARKETS MAURITIUS PVT LTD","BUY","37,041","13,191.00",
"06-JUN-2025","ZFCVINDIA","ZF Com Ve Ctr Sys Ind Ltd","EDELWEISS MUTUAL FUND","BUY","10,997","13,191.00",
"06-JUN-2025","ZFCVINDIA","ZF Com Ve Ctr Sys Ind Ltd","FRANKLIN TEMPLETON MUTUAL FUND","BUY","1,40,217","13,191.00",
"06-JUN-2025","ZFCVINDIA","ZF Com Ve Ctr Sys Ind Ltd","GHISALLO MASTER FUND LP","BUY","7,631","13,191.00",
"06-JUN-2025","ZFCVINDIA","ZF Com Ve Ctr Sys Ind Ltd","GOLDMAN SACHS (SINGAPORE) PTE","BUY","13,000","13,191.00",
"06-JUN-2025","ZFCVINDIA","ZF Com Ve Ctr Sys Ind Ltd","HDFC STANDARD LIFE INSURANCE COMPANY LIMITED","BUY","18,977","13,191.00",
"06-JUN-2025","ZFCVINDIA","ZF Com Ve Ctr Sys Ind Ltd","ICICI PRUDENTIAL MUTUAL FUND","BUY","15,097","13,191.00",
"06-JUN-2025","ZFCVINDIA","ZF Com Ve Ctr Sys Ind Ltd","INVESCO MUTUAL FUND","BUY","30,013","13,191.00",
"06-JUN-2025","ZFCVINDIA","ZF Com Ve Ctr Sys Ind Ltd","KOTAK MAHINDRA MUTUAL FUND","BUY","7,635","13,191.00",
"06-JUN-2025","ZFCVINDIA","ZF Com Ve Ctr Sys Ind Ltd","NIPPON INDIA MUTUAL FUND","BUY","18,977","13,191.00",
"06-JUN-2025","ZFCVINDIA","ZF Com Ve Ctr Sys Ind Ltd","SOCIETE GENERALE","BUY","35,694","13,191.00",
"06-JUN-2025","ZFCVINDIA","ZF Com Ve Ctr Sys Ind Ltd","SUNDARAM MUTUAL FUND","BUY","1,23,113","13,191.00",
"06-JUN-2025","ZFCVINDIA","ZF Com Ve Ctr Sys Ind Ltd","UTI MUTUAL FUND","BUY","7,633","13,191.00",
"06-JUN-2025","ZFCVINDIA","ZF Com Ve Ctr Sys Ind Ltd","WABCO ASIA PRIVATE LIMITED","SELL","6,00,133","13,191.00",