﻿"Date ","Symbol ","Security Name ","Client Name ","Buy / Sell ","Quantity Traded ","Trade Price / Wght. Avg. Price ","Remarks "
"08-OCT-2025","ASIANPAINT","Asian Paints Limited","GOLDMAN SACHS (SINGAPORE) PTE - ODI","SELL","1,80,537","2,327.00",
"08-OCT-2025","ASIANPAINT","Asian Paints Limited","GOLDMAN SACHS BANK EUROPE SE - ODI","BUY","1,80,537","2,327.00",
"08-OCT-2025","EFCIL","EFC (I) Limited","ABAKKUS DIVERSIFIED ALPHA FUND - 2","BUY","3,50,000","296.10",
"08-OCT-2025","EFCIL","EFC (I) Limited","FORBES EMF","SELL","3,50,000","296.10",
"08-OCT-2025","HCLTECH","HCL Technologies Ltd.","GOLDMAN SACHS (SINGAPORE) PTE - ODI","SELL","2,00,817","1,451.00",
"08-OCT-2025","HCLTECH","HCL Technologies Ltd.","GOLDMAN SACHS BANK EUROPE SE - ODI","BUY","2,00,817","1,451.00",
"08-OCT-2025","IDFCFIRSTB","IDFC First Bank Limited","GOLDMAN SACHS (SINGAPORE) PTE - ODI","SELL","1,10,00,000","72.45",
"08-OCT-2025","IDFCFIRSTB","IDFC First Bank Limited","GOLDMAN SACHS BANK EUROPE SE - ODI","BUY","1,10,00,000","72.45",
"08-OCT-2025","LT","Larsen & Toubro Limited","GOLDMAN SACHS (SINGAPORE) PTE - ODI","SELL","72,034","3,749.00",
"08-OCT-2025","LT","Larsen & Toubro Limited","GOLDMAN SACHS BANK EUROPE SE - ODI","BUY","72,034","3,749.00",
"08-OCT-2025","POLICYBZR","PB Fintech Limited","GOLDMAN SACHS (SINGAPORE) PTE - ODI","SELL","2,06,987","1,769.00",
"08-OCT-2025","POLICYBZR","PB Fintech Limited","GOLDMAN SACHS BANK EUROPE SE - ODI","BUY","2,06,987","1,769.00",
"08-OCT-2025","SBIN","State Bank of India","GOLDMAN SACHS (SINGAPORE) PTE - ODI","SELL","5,41,064","861.50",
"08-OCT-2025","SBIN","State Bank of India","GOLDMAN SACHS BANK EUROPE SE - ODI","BUY","5,41,064","861.50",
"08-OCT-2025","YESBANK","Yes Bank Limited","GOLDMAN SACHS (SINGAPORE) PTE - ODI","SELL","1,46,63,226","22.17",
"08-OCT-2025","YESBANK","Yes Bank Limited","GOLDMAN SACHS BANK EUROPE SE - ODI","BUY","1,46,63,226","22.17",