﻿"Date ","Symbol ","Security Name ","Client Name ","Buy / Sell ","Quantity Traded ","Trade Price / Wght. Avg. Price ","Remarks "
"13-JUN-2025","BAJFINANCE","Bajaj Finance Limited","NEW HORIZON OPPORTUNITIES MASTER FUND","BUY","1,48,000","9,419.50",
"13-JUN-2025","BAJFINANCE","Bajaj Finance Limited","NEW HORIZON OPPORTUNITIES MASTER FUND","SELL","1,48,000","9,419.50",
"13-JUN-2025","JUBLFOOD","Jubilant Foodworks Limite","AIMCO AS A TRUSTEE OF THE GOVERNMENT OF THE PROVINCE OF ALBERTA","BUY","6,858","662.00",
"13-JUN-2025","JUBLFOOD","Jubilant Foodworks Limite","BAJAJ ALLIANZ LIFE INSURANCE COMPANY LIMITED","BUY","5,00,000","662.00",
"13-JUN-2025","JUBLFOOD","Jubilant Foodworks Limite","BANDHAN MUTUAL FUND","BUY","1,80,000","662.00",
"13-JUN-2025","JUBLFOOD","Jubilant Foodworks Limite","BNP PARIBAS FINANCIAL MARKETS","BUY","4,00,000","662.00",
"13-JUN-2025","JUBLFOOD","Jubilant Foodworks Limite","CANARA HSBC LIFE INSURANCE COMPANY LIMITED","BUY","2,80,000","662.00",
"13-JUN-2025","JUBLFOOD","Jubilant Foodworks Limite","GHISALLO MASTER FUND LP","BUY","4,00,000","662.00",
"13-JUN-2025","JUBLFOOD","Jubilant Foodworks Limite","GRANDEUR PEAK GLOBAL TRUST GRANDEUR PEAK GLOBAL STALWARTS FUND","BUY","8,081","662.00",
"13-JUN-2025","JUBLFOOD","Jubilant Foodworks Limite","GRANDEUR PEAK GLOBAL TRUST GRANDEUR PEAK INTERNATIONAL STALWARTS FUND","BUY","1,38,741","662.00",
"13-JUN-2025","JUBLFOOD","Jubilant Foodworks Limite","GRANDEUR PEAK INTERNATIONAL STALWARTS L.P.","BUY","15,430","662.00",
"13-JUN-2025","JUBLFOOD","Jubilant Foodworks Limite","HSBC MUTUAL FUND","BUY","10,00,000","662.00",
"13-JUN-2025","JUBLFOOD","Jubilant Foodworks Limite","ICICI PRUDENTIAL LIFE INSURANCE COMPANY LIMITED","BUY","19,00,000","662.00",
"13-JUN-2025","JUBLFOOD","Jubilant Foodworks Limite","INVESCO MUTUAL FUND","BUY","2,80,000","662.00",
"13-JUN-2025","JUBLFOOD","Jubilant Foodworks Limite","JUBILANT CONSUMER PRIVATE LIMITED","SELL","1,06,00,000","662.00",
"13-JUN-2025","JUBLFOOD","Jubilant Foodworks Limite","KOTAK FUNDS - INDIA MIDCAP FUND","BUY","11,50,000","662.00",
"13-JUN-2025","JUBLFOOD","Jubilant Foodworks Limite","KOTAK MAHINDRA MUTUAL FUND","BUY","16,00,000","662.00",
"13-JUN-2025","JUBLFOOD","Jubilant Foodworks Limite","MIRAE ASSET MUTUAL FUND","BUY","4,00,000","662.00",
"13-JUN-2025","JUBLFOOD","Jubilant Foodworks Limite","MORGAN STANLEY ASIA SINGAPORE PTE","BUY","11,70,000","662.00",
"13-JUN-2025","JUBLFOOD","Jubilant Foodworks Limite","SOCIETE GENERALE","BUY","7,40,000","662.00",
"13-JUN-2025","JUBLFOOD","Jubilant Foodworks Limite","TEACHERS RETIREMENT SYSTEM OF THE STATE OF ILLINOIS","BUY","30,890","662.00",
"13-JUN-2025","JUBLFOOD","Jubilant Foodworks Limite","UTI MUTUAL FUND","BUY","4,00,000","662.00",
"13-JUN-2025","JUBLINGREA","Jubilant Ingrevia Limited","AXIS MUTUAL FUND","BUY","19,00,000","676.00",
"13-JUN-2025","JUBLINGREA","Jubilant Ingrevia Limited","BANDHAN MUTUAL FUND","BUY","4,00,000","676.00",
"13-JUN-2025","JUBLINGREA","Jubilant Ingrevia Limited","HDFC MUTUAL FUND","BUY","19,70,000","676.00",
"13-JUN-2025","JUBLINGREA","Jubilant Ingrevia Limited","ICICI PRUDENTIAL LIFE INSURANCE COMPANY LIMITED","BUY","3,60,000","676.00",
"13-JUN-2025","JUBLINGREA","Jubilant Ingrevia Limited","JUBILANT ENPRO PRIVATE LIMITED","SELL","28,27,071","676.00",
"13-JUN-2025","JUBLINGREA","Jubilant Ingrevia Limited","KOTAK MAHINDRA MUTUAL FUND","BUY","44,65,071","676.00",
"13-JUN-2025","JUBLINGREA","Jubilant Ingrevia Limited","MORGAN STANLEY ASIA SINGAPORE PTE","BUY","3,90,000","676.00",
"13-JUN-2025","JUBLINGREA","Jubilant Ingrevia Limited","NIKITA RESOURCES PRIVATE LIMITED","SELL","34,14,540","676.00",
"13-JUN-2025","JUBLINGREA","Jubilant Ingrevia Limited","SHYAM SUNDER BHARTIA FAMILY TRUST","SELL","36,23,460","676.00",
"13-JUN-2025","JUBLINGREA","Jubilant Ingrevia Limited","SOCIETE GENERALE","BUY","3,80,000","676.00",
"13-JUN-2025","SHALBY","Shalby Limited","FIRST WATER FUND","BUY","7,00,000","180.00",
"13-JUN-2025","SHALBY","Shalby Limited","HARESH TIKAMDAS KASWANI","SELL","7,00,000","180.00",