﻿"Date ","Symbol ","Security Name ","Client Name ","Buy / Sell ","Quantity Traded ","Trade Price / Wght. Avg. Price ","Remarks "
"07-OCT-2025","ADANIPOWER","Adani Power Limited","GOLDMAN SACHS (SINGAPORE) PTE","SELL","41,50,207","151.99",
"07-OCT-2025","ADANIPOWER","Adani Power Limited","GOLDMAN SACHS BANK EUROPESE","BUY","41,50,207","151.99",
"07-OCT-2025","ASIANPAINT","Asian Paints Limited","GOLDMAN SACHS (SINGAPORE) PTE - ODI","SELL","1,80,538","2,368.00",
"07-OCT-2025","ASIANPAINT","Asian Paints Limited","GOLDMAN SACHS BANK EUROPE SE - ODI","BUY","1,80,538","2,368.00",
"07-OCT-2025","BAJAJHLDNG","Bajaj Holdings & Invs Ltd","GOLDMAN SACHS (SINGAPORE) PTE","SELL","36,863","11,802.00",
"07-OCT-2025","BAJAJHLDNG","Bajaj Holdings & Invs Ltd","GOLDMAN SACHS BANK EUROPESE","BUY","36,863","11,802.00",
"07-OCT-2025","BALKRISIND","Balkrishna Ind. Ltd","GOLDMAN SACHS (SINGAPORE) PTE","SELL","1,06,539","2,296.50",
"07-OCT-2025","BALKRISIND","Balkrishna Ind. Ltd","GOLDMAN SACHS BANK EUROPESE","BUY","1,06,539","2,296.50",
"07-OCT-2025","COROMANDEL","Coromandel Internl Ltd.","GOLDMAN SACHS (SINGAPORE) PTE","SELL","1,62,324","2,350.50",
"07-OCT-2025","COROMANDEL","Coromandel Internl Ltd.","GOLDMAN SACHS BANK EUROPESE","BUY","1,62,324","2,350.50",
"07-OCT-2025","FORTIS","Fortis Healthcare Limited","GOLDMAN SACHS (SINGAPORE) PTE - ODI","SELL","2,19,013","1,042.00",
"07-OCT-2025","FORTIS","Fortis Healthcare Limited","GOLDMAN SACHS BANK EUROPE SE - ODI","BUY","2,19,013","1,042.00",
"07-OCT-2025","HCLTECH","HCL Technologies Ltd.","GOLDMAN SACHS (SINGAPORE) PTE - ODI","SELL","2,00,818","1,439.00",
"07-OCT-2025","HCLTECH","HCL Technologies Ltd.","GOLDMAN SACHS BANK EUROPE SE - ODI","BUY","2,00,818","1,439.00",
"07-OCT-2025","HYUNDAI","Hyundai Motor India Ltd","GOLDMAN SACHS (SINGAPORE) PTE","SELL","2,22,666","2,480.80",
"07-OCT-2025","HYUNDAI","Hyundai Motor India Ltd","GOLDMAN SACHS BANK EUROPESE","BUY","2,22,666","2,480.80",
"07-OCT-2025","IDFCFIRSTB","IDFC First Bank Limited","GOLDMAN SACHS (SINGAPORE) PTE - ODI","SELL","1,10,00,000","71.75",
"07-OCT-2025","IDFCFIRSTB","IDFC First Bank Limited","GOLDMAN SACHS BANK EUROPE SE - ODI","BUY","1,10,00,000","71.75",
"07-OCT-2025","JSL","Jindal Stainless Limited","GOLDMAN SACHS (SINGAPORE) PTE","SELL","4,54,005","761.00",
"07-OCT-2025","JSL","Jindal Stainless Limited","GOLDMAN SACHS BANK EUROPESE","BUY","4,54,005","761.00",
"07-OCT-2025","LT","Larsen & Toubro Limited","GOLDMAN SACHS (SINGAPORE) PTE - ODI","SELL","72,035","3,740.00",
"07-OCT-2025","LT","Larsen & Toubro Limited","GOLDMAN SACHS BANK EUROPE SE - ODI","BUY","72,035","3,740.00",
"07-OCT-2025","MRF","MRF Ltd.","GOLDMAN SACHS (SINGAPORE) PTE","SELL","3,195","1,52,350.00",
"07-OCT-2025","MRF","MRF Ltd.","GOLDMAN SACHS BANK EUROPESE","BUY","3,195","1,52,350.00",
"07-OCT-2025","POLICYBZR","PB Fintech Limited","GOLDMAN SACHS (SINGAPORE) PTE - ODI","SELL","2,06,987","1,772.00",
"07-OCT-2025","POLICYBZR","PB Fintech Limited","GOLDMAN SACHS BANK EUROPE SE - ODI","BUY","2,06,987","1,772.00",
"07-OCT-2025","SAMMAANCAP","Sammaan Capital Limited","GOLDMAN SACHS (SINGAPORE) PTE - ODI","SELL","23,16,632","163.00",
"07-OCT-2025","SAMMAANCAP","Sammaan Capital Limited","GOLDMAN SACHS BANK EUROPE SE - ODI","BUY","23,16,632","163.00",
"07-OCT-2025","SBIN","State Bank of India","GOLDMAN SACHS (SINGAPORE) PTE - ODI","SELL","5,41,065","870.00",
"07-OCT-2025","SBIN","State Bank of India","GOLDMAN SACHS BANK EUROPE SE - ODI","BUY","5,41,065","870.00",
"07-OCT-2025","SUNDARMFIN","Sundaram Finance Ltd.","GOLDMAN SACHS (SINGAPORE) PTE","SELL","91,315","4,486.60",
"07-OCT-2025","SUNDARMFIN","Sundaram Finance Ltd.","GOLDMAN SACHS BANK EUROPESE","BUY","91,315","4,486.60",
"07-OCT-2025","SWIGGY","Swiggy Limited","GOLDMAN SACHS (SINGAPORE) PTE","SELL","12,10,536","421.55",
"07-OCT-2025","SWIGGY","Swiggy Limited","GOLDMAN SACHS BANK EUROPESE","BUY","12,10,536","421.55",
"07-OCT-2025","TATACOMM","Tata Communications Ltd.","GOLDMAN SACHS (SINGAPORE) PTE","SELL","1,57,166","1,658.50",
"07-OCT-2025","TATACOMM","Tata Communications Ltd.","GOLDMAN SACHS BANK EUROPESE","BUY","1,57,166","1,658.50",
"07-OCT-2025","VMM","Vishal Mega Mart Limited","GOLDMAN SACHS (SINGAPORE) PTE","SELL","28,73,980","150.63",
"07-OCT-2025","VMM","Vishal Mega Mart Limited","GOLDMAN SACHS BANK EUROPESE","BUY","28,73,980","150.63",
"07-OCT-2025","WAAREEENER","Waaree Energies Limited","GOLDMAN SACHS (SINGAPORE) PTE","SELL","1,18,604","3,441.50",
"07-OCT-2025","WAAREEENER","Waaree Energies Limited","GOLDMAN SACHS BANK EUROPESE","BUY","1,18,604","3,441.50",
"07-OCT-2025","YESBANK","Yes Bank Limited","GOLDMAN SACHS (SINGAPORE) PTE - ODI","SELL","1,46,63,226","22.30",
"07-OCT-2025","YESBANK","Yes Bank Limited","GOLDMAN SACHS BANK EUROPE SE - ODI","BUY","1,46,63,226","22.30",