﻿"Date ","Symbol ","Security Name ","Client Name ","Buy / Sell ","Quantity Traded ","Trade Price / Wght. Avg. Price ","Remarks "
"25-SEP-2025","GRMOVER","GRM Overseas Limited","GARG ATUL","SELL","10,00,000","357.00",
"25-SEP-2025","GRMOVER","GRM Overseas Limited","MAMTA  GARG","SELL","6,25,000","357.00",
"25-SEP-2025","GRMOVER","GRM Overseas Limited","NIKHIL VORA","BUY","3,10,000","357.00",
"25-SEP-2025","GRMOVER","GRM Overseas Limited","R G  FAMILY TRUST","BUY","6,25,000","357.00",
"25-SEP-2025","GRMOVER","GRM Overseas Limited","SINGULARITY EQUITY FUND I","BUY","6,90,000","357.00",
"25-SEP-2025","POLYCAB","Polycab India Limited","AJAY JAISINGHANI","SELL","4,69,518","7,458.00",
"25-SEP-2025","POLYCAB","Polycab India Limited","ANIL HARIRAM HARIANI","SELL","1,13,661","7,458.00",
"25-SEP-2025","POLYCAB","Polycab India Limited","ASK ABSOLUTE RETURN FUND","BUY","13,424","7,458.00",
"25-SEP-2025","POLYCAB","Polycab India Limited","BHARAT JAISINGHANI","SELL","1,13,661","7,458.00",
"25-SEP-2025","POLYCAB","Polycab India Limited","GHISALLO MASTER FUND LP","BUY","59,506","7,458.00",
"25-SEP-2025","POLYCAB","Polycab India Limited","GIRDHARI THAKURDAS JAISINGHANI","SELL","4,69,518","7,458.00",
"25-SEP-2025","POLYCAB","Polycab India Limited","HDFC STANDARD LIFE INSURANCE CO LTD","BUY","1,30,000","7,458.00",
"25-SEP-2025","POLYCAB","Polycab India Limited","INDER THAKURDAS JAISINGHANI","SELL","5,83,182","7,458.00",
"25-SEP-2025","POLYCAB","Polycab India Limited","J P MORGAN FUND ICVC","BUY","14,84,437","7,458.00",
"25-SEP-2025","POLYCAB","Polycab India Limited","KOTAK MAHINDRA LIFE INSURANCE COMPANY LIMITED","BUY","1,233","7,458.00",
"25-SEP-2025","POLYCAB","Polycab India Limited","KOTAK MAHINDRA LIFE INSURANCE COMPANY LIMITED","BUY","1,198","7,458.00",
"25-SEP-2025","POLYCAB","Polycab India Limited","KOTAK MAHINDRA LIFE INSURANCE COMPANY LIMITED","BUY","645","7,458.00",
"25-SEP-2025","POLYCAB","Polycab India Limited","KOTAK MAHINDRA LIFE INSURANCE COMPANY LIMITED","BUY","533","7,458.00",
"25-SEP-2025","POLYCAB","Polycab India Limited","KOTAK MAHINDRA LIFE INSURANCE COMPANY LIMITED","BUY","395","7,458.00",
"25-SEP-2025","POLYCAB","Polycab India Limited","KOTAK MAHINDRA LIFE INSURANCE COMPANY LIMITED","BUY","316","7,458.00",
"25-SEP-2025","POLYCAB","Polycab India Limited","KOTAK MAHINDRA LIFE INSURANCE COMPANY LIMITED","BUY","252","7,458.00",
"25-SEP-2025","POLYCAB","Polycab India Limited","KOTAK MAHINDRA LIFE INSURANCE COMPANY LIMITED","BUY","232","7,458.00",
"25-SEP-2025","POLYCAB","Polycab India Limited","KOTAK MAHINDRA LIFE INSURANCE COMPANY LIMITED","BUY","16","7,458.00",
"25-SEP-2025","POLYCAB","Polycab India Limited","KOTAK MAHINDRA LIFE INSURANCE COMPANY LIMITED","BUY","10,249","7,458.00",
"25-SEP-2025","POLYCAB","Polycab India Limited","KOTAK MAHINDRA LIFE INSURANCE COMPANY LIMITED","BUY","25,836","7,458.00",
"25-SEP-2025","POLYCAB","Polycab India Limited","KOTAK MAHINDRA LIFE INSURANCE COMPANY LIMITED","BUY","26,941","7,458.00",
"25-SEP-2025","POLYCAB","Polycab India Limited","KOTAK MAHINDRA LIFE INSURANCE COMPANY LIMITED","BUY","32,257","7,458.00",
"25-SEP-2025","POLYCAB","Polycab India Limited","KOTAK MAHINDRA LIFE INSURANCE COMPANY LIMITED","BUY","248","7,458.00",
"25-SEP-2025","POLYCAB","Polycab India Limited","KOTAK MAHINDRA LIFE INSURANCE COMPANY LIMITED","BUY","212","7,458.00",
"25-SEP-2025","POLYCAB","Polycab India Limited","MORGAN STANLEY ASIA SINGAPORE PTE","BUY","71,408","7,458.00",
"25-SEP-2025","POLYCAB","Polycab India Limited","MORGAN STANLEY ASIA SINGAPORE PTE","BUY","2,93,333","7,458.00",
"25-SEP-2025","POLYCAB","Polycab India Limited","NIKHIL RAMESH JAISINGHANI","SELL","1,36,393","7,458.00",
"25-SEP-2025","POLYCAB","Polycab India Limited","RAMESH THAKURDAS JAISINGHANI","SELL","4,46,785","7,458.00",
"25-SEP-2025","POLYCAB","Polycab India Limited","SOCIETE GENERALE","BUY","83,309","7,458.00",
"25-SEP-2025","POLYCAB","Polycab India Limited","TATA EQUITY PLUS ABSOLUTE RETURNS FUND","BUY","13,429","7,458.00",
"25-SEP-2025","POLYCAB","Polycab India Limited","VIRIDIAN ASIA OPPORTUNITIES MASTER FUND","BUY","83,309","7,458.00",