﻿"Date ","Symbol ","Security Name ","Client Name ","Buy / Sell ","Quantity Traded ","Trade Price / Wght. Avg. Price ","Remarks "
"15-OCT-2025","APOLLO","Apollo Micro Systems Ltd","GOLDMAN SACHS (SINGAPORE) PTE - ODI","SELL","3,97,100","292.50",
"15-OCT-2025","APOLLO","Apollo Micro Systems Ltd","GOLDMAN SACHS BANK EUROPE SE - ODI","BUY","3,97,100","292.50",
"15-OCT-2025","ATHERENERG","Ather Energy Limited","GOLDMAN SACHS (SINGAPORE) PTE - ODI","SELL","2,01,248","628.50",
"15-OCT-2025","ATHERENERG","Ather Energy Limited","GOLDMAN SACHS BANK EUROPE SE - ODI","BUY","2,01,248","628.50",
"15-OCT-2025","CANBK","Canara Bank","GOLDMAN SACHS (SINGAPORE) PTE - ODI","SELL","10,22,108","128.00",
"15-OCT-2025","CANBK","Canara Bank","GOLDMAN SACHS BANK EUROPE SE - ODI","BUY","10,22,108","128.00",
"15-OCT-2025","KAYNES","Kaynes Technology Ind Ltd","GOLDMAN SACHS (SINGAPORE) PTE - ODI","SELL","67,702","6,940.00",
"15-OCT-2025","KAYNES","Kaynes Technology Ind Ltd","GOLDMAN SACHS BANK EUROPE SE - ODI","BUY","67,702","6,940.00",