﻿"Date ","Symbol ","Security Name ","Client Name ","Buy / Sell ","Quantity Traded ","Trade Price / Wght. Avg. Price ","Remarks "
"22-AUG-2025","APOLLOHOSP","Apollo Hospitals Ltd","ABU DHABI INVESTMENT AUTHORITY","BUY","12,985","7,850.00",
"22-AUG-2025","APOLLOHOSP","Apollo Hospitals Ltd","AXIS MUTUAL FUND","BUY","58,015","7,850.00",
"22-AUG-2025","APOLLOHOSP","Apollo Hospitals Ltd","BANK OF INDIA MUTUAL FUND","BUY","12,985","7,850.00",
"22-AUG-2025","APOLLOHOSP","Apollo Hospitals Ltd","BNP PARIBAS FINANCIAL MARKETS","BUY","28,015","7,850.00",
"22-AUG-2025","APOLLOHOSP","Apollo Hospitals Ltd","COPTHALL MAURITIUS INVESTMENT LIMITED","BUY","12,985","7,850.00",
"22-AUG-2025","APOLLOHOSP","Apollo Hospitals Ltd","DENDANA INVESTMENTS MAURITIUS LIMITED","BUY","1,949","7,850.00",
"22-AUG-2025","APOLLOHOSP","Apollo Hospitals Ltd","EMERGING MARKETS EQUITY TRUST","BUY","4,28,314","7,850.00",
"22-AUG-2025","APOLLOHOSP","Apollo Hospitals Ltd","FIDELITY FUNDS.- INDIA FOCUS FUND","BUY","67,262","7,850.00",
"22-AUG-2025","APOLLOHOSP","Apollo Hospitals Ltd","FIDELITY INDIA FUND","BUY","5,806","7,850.00",
"22-AUG-2025","APOLLOHOSP","Apollo Hospitals Ltd","GHISALLO MASTER FUND LP","BUY","2,30,043","7,850.00",
"22-AUG-2025","APOLLOHOSP","Apollo Hospitals Ltd","GOLDMAN SACHS (SINGAPORE) PTE","BUY","12,985","7,850.00",
"22-AUG-2025","APOLLOHOSP","Apollo Hospitals Ltd","INVESCO MUTUAL FUND","BUY","5,600","7,850.00",
"22-AUG-2025","APOLLOHOSP","Apollo Hospitals Ltd","INVESCO MUTUAL FUND","BUY","1,400","7,850.00",
"22-AUG-2025","APOLLOHOSP","Apollo Hospitals Ltd","INVESCO MUTUAL FUND","BUY","6,720","7,850.00",
"22-AUG-2025","APOLLOHOSP","Apollo Hospitals Ltd","INVESCO MUTUAL FUND","BUY","7,280","7,850.00",
"22-AUG-2025","APOLLOHOSP","Apollo Hospitals Ltd","KOTAK MAHINDRA LIFE INSURANCE COMPANY LIMITED","BUY","260","7,850.00",
"22-AUG-2025","APOLLOHOSP","Apollo Hospitals Ltd","KOTAK MAHINDRA LIFE INSURANCE COMPANY LIMITED","BUY","282","7,850.00",
"22-AUG-2025","APOLLOHOSP","Apollo Hospitals Ltd","KOTAK MAHINDRA LIFE INSURANCE COMPANY LIMITED","BUY","299","7,850.00",
"22-AUG-2025","APOLLOHOSP","Apollo Hospitals Ltd","KOTAK MAHINDRA LIFE INSURANCE COMPANY LIMITED","BUY","385","7,850.00",
"22-AUG-2025","APOLLOHOSP","Apollo Hospitals Ltd","KOTAK MAHINDRA LIFE INSURANCE COMPANY LIMITED","BUY","772","7,850.00",
"22-AUG-2025","APOLLOHOSP","Apollo Hospitals Ltd","KOTAK MAHINDRA LIFE INSURANCE COMPANY LIMITED","BUY","1,506","7,850.00",
"22-AUG-2025","APOLLOHOSP","Apollo Hospitals Ltd","KOTAK MAHINDRA LIFE INSURANCE COMPANY LIMITED","BUY","31,957","7,850.00",
"22-AUG-2025","APOLLOHOSP","Apollo Hospitals Ltd","KOTAK MAHINDRA LIFE INSURANCE COMPANY LIMITED","BUY","22,586","7,850.00",
"22-AUG-2025","APOLLOHOSP","Apollo Hospitals Ltd","MORGAN STANLEY ASIA SINGAPORE PTE","BUY","80,212","7,850.00",
"22-AUG-2025","APOLLOHOSP","Apollo Hospitals Ltd","MORGAN STANLEY ASIA SINGAPORE PTE","BUY","90,885","7,850.00",
"22-AUG-2025","APOLLOHOSP","Apollo Hospitals Ltd","MORNINGSTAR FUNDS TRUST - MORNINGSTAR INTERNATIONAL EQUITY FUND","BUY","4,708","7,850.00",
"22-AUG-2025","APOLLOHOSP","Apollo Hospitals Ltd","SOCIETE GENERALE","BUY","3,28,047","7,850.00",
"22-AUG-2025","APOLLOHOSP","Apollo Hospitals Ltd","SUNEETHA REDDY","SELL","18,97,239","7,850.00",
"22-AUG-2025","APOLLOHOSP","Apollo Hospitals Ltd","T ROWE PRICE FUNDS SICAV  GLOBAL ALLOCATION EXTENDED FUND","BUY","195","7,850.00",
"22-AUG-2025","APOLLOHOSP","Apollo Hospitals Ltd","T ROWE PRICE FUNDS SICAV EMERGING MARKETS EQUITY FUND","BUY","9,377","7,850.00",
"22-AUG-2025","APOLLOHOSP","Apollo Hospitals Ltd","T ROWE PRICE FUNDS SICAV GLOBAL ALLOCATION FUND","BUY","182","7,850.00",
"22-AUG-2025","APOLLOHOSP","Apollo Hospitals Ltd","T ROWE PRICE GLOBAL ALLOCATION FUND","BUY","2,299","7,850.00",
"22-AUG-2025","APOLLOHOSP","Apollo Hospitals Ltd","T ROWE PRICE INSTITUTIONAL EMERGING MARKETS EQUITY FUND","BUY","29,937","7,850.00",
"22-AUG-2025","APOLLOHOSP","Apollo Hospitals Ltd","T ROWE PRICE RETIREMENT HYBRID TRUST- T ROWE PRICE NON US EQUITIES TRUST","BUY","46,069","7,850.00",
"22-AUG-2025","APOLLOHOSP","Apollo Hospitals Ltd","T. ROWE PRICE EMERGING MARKETS STOCK FUND","BUY","3,28,635","7,850.00",
"22-AUG-2025","APOLLOHOSP","Apollo Hospitals Ltd","T. ROWE PRICE GLOBAL ALLOCATION FUND","BUY","332","7,850.00",
"22-AUG-2025","APOLLOHOSP","Apollo Hospitals Ltd","TATA MUTUAL FUND","BUY","12,985","7,850.00",
"22-AUG-2025","APOLLOHOSP","Apollo Hospitals Ltd","VIRIDIAN ASIA OPPORTUNITIES MASTER FUND","BUY","12,985","7,850.00",