﻿"Date ","Symbol ","Security Name ","Client Name ","Buy / Sell ","Quantity Traded ","Trade Price / Wght. Avg. Price ","Remarks "
"23-SEP-2025","NDRINVIT","NDR INVIT Trust","ARYAMAN JHUNJHUNWALA DISCRETIONARY TRUST","BUY","29,00,000","115.00",
"23-SEP-2025","NDRINVIT","NDR INVIT Trust","ARYAVIR JHUNJHUNWALA DISCRETIONARY TRUST","BUY","29,00,000","115.00",
"23-SEP-2025","NDRINVIT","NDR INVIT Trust","DAMANI RADHAKISHAN","BUY","87,00,000","115.00",
"23-SEP-2025","NDRINVIT","NDR INVIT Trust","INFRA INDIA OPPORTUNITIES PARENT LIMITED","SELL","90,75,000","115.00",
"23-SEP-2025","NDRINVIT","NDR INVIT Trust","INFRA INDIA OPPORTUNITIES PARENT LIMITED","SELL","1,73,75,000","115.00",
"23-SEP-2025","NDRINVIT","NDR INVIT Trust","NISHTHA JHUNJHUNWALA DISCRETIONARY TRUST","BUY","28,75,000","115.00",
"23-SEP-2025","NDRINVIT","NDR INVIT Trust","STAR UNION DAI-ICHI LIFE INSURANCE COMPANY LIMITED","BUY","26,00,000","115.00",
"23-SEP-2025","NDRINVIT","NDR INVIT Trust","TARA EMERGING ASIA LIQUID FUND","BUY","17,50,000","115.00",
"23-SEP-2025","NDRINVIT","NDR INVIT Trust","TARA INSTITUTIONAL INDIA ALPHA (INCORPORATED VCC SUB-FUND)","BUY","8,75,000","115.00",
"23-SEP-2025","NDRINVIT","NDR INVIT Trust","VALUEQUEST INVESTMENT ADVISORS PVT LTD","BUY","38,50,000","115.00",
"23-SEP-2025","VERTIS","Vertis Infrastructure Tst","DEZERV INVESTMENTS PRIVATE LIMITED","BUY","10,25,000","101.19",
"23-SEP-2025","VERTIS","Vertis Infrastructure Tst","DEZERV SECURITIES PRIVATE LIMITED","SELL","10,25,000","101.19",