﻿"Date ","Symbol ","Security Name ","Client Name ","Buy / Sell ","Quantity Traded ","Trade Price / Wght. Avg. Price ","Remarks "
"16-OCT-2025","AEGISVOPAK","Aegis Vopak Terminals Ltd","GOLDMAN SACHS (SINGAPORE) PTE.- ODI","SELL","4,96,666","285.50",
"16-OCT-2025","AEGISVOPAK","Aegis Vopak Terminals Ltd","GOLDMAN SACHS BANK EUROPESE - ODI","BUY","4,96,666","285.50",
"16-OCT-2025","ANANTRAJ","Anant Raj Industries Limi","GOLDMAN SACHS (SINGAPORE) PTE.- ODI","SELL","1,71,094","637.50",
"16-OCT-2025","ANANTRAJ","Anant Raj Industries Limi","GOLDMAN SACHS BANK EUROPESE - ODI","BUY","1,71,094","637.50",
"16-OCT-2025","ASTERDM","Aster DM Healthcare Ltd.","GOLDMAN SACHS (SINGAPORE) PTE.- ODI","SELL","2,44,229","697.50",
"16-OCT-2025","ASTERDM","Aster DM Healthcare Ltd.","GOLDMAN SACHS BANK EUROPESE - ODI","BUY","2,44,229","697.50",
"16-OCT-2025","AUBANK","AU Small Finance Bank Ltd","GOLDMAN SACHS (SINGAPORE) PTE.- ODI","SELL","1,34,120","804.50",
"16-OCT-2025","AUBANK","AU Small Finance Bank Ltd","GOLDMAN SACHS BANK EUROPESE - ODI","BUY","1,34,120","804.50",
"16-OCT-2025","AUROPHARMA","Aurobindo Pharma Ltd.","GOLDMAN SACHS (SINGAPORE) PTE.- ODI","SELL","1,06,228","1,107.00",
"16-OCT-2025","AUROPHARMA","Aurobindo Pharma Ltd.","GOLDMAN SACHS BANK EUROPESE - ODI","BUY","1,06,228","1,107.00",
"16-OCT-2025","BLUESTARCO","Blue Star Ltd.","GOLDMAN SACHS (SINGAPORE) PTE.- ODI","SELL","94,851","1,953.00",
"16-OCT-2025","BLUESTARCO","Blue Star Ltd.","GOLDMAN SACHS BANK EUROPESE - ODI","BUY","94,851","1,953.00",
"16-OCT-2025","CIPLA","Cipla Ltd","GOLDMAN SACHS (SINGAPORE) PTE.- ODI","SELL","91,604","1,565.00",
"16-OCT-2025","CIPLA","Cipla Ltd","GOLDMAN SACHS BANK EUROPESE - ODI","BUY","91,604","1,565.00",
"16-OCT-2025","DLF","DLF Limited","GOLDMAN SACHS (SINGAPORE) PTE.- ODI","SELL","1,47,493","767.50",
"16-OCT-2025","DLF","DLF Limited","GOLDMAN SACHS BANK EUROPESE - ODI","BUY","1,47,493","767.50",
"16-OCT-2025","ETERNAL","ETERNAL LIMITED","GOLDMAN SACHS (SINGAPORE) PTE.- ODI","SELL","73,01,403","349.50",
"16-OCT-2025","ETERNAL","ETERNAL LIMITED","GOLDMAN SACHS BANK EUROPESE - ODI","BUY","73,01,403","349.50",
"16-OCT-2025","HYUNDAI","Hyundai Motor India Ltd","GOLDMAN SACHS (SINGAPORE) PTE.- ODI","SELL","48,291","2,349.50",
"16-OCT-2025","HYUNDAI","Hyundai Motor India Ltd","GOLDMAN SACHS BANK EUROPESE - ODI","BUY","48,291","2,349.50",
"16-OCT-2025","JKCEMENT","JK Cement Limited","GOLDMAN SACHS (SINGAPORE) PTE.- ODI","SELL","22,666","6,590.00",
"16-OCT-2025","JKCEMENT","JK Cement Limited","GOLDMAN SACHS BANK EUROPESE - ODI","BUY","22,666","6,590.00",
"16-OCT-2025","METROPOLIS","Metropolis Healthcare Ltd","GOLDMAN SACHS (SINGAPORE) PTE.- ODI","SELL","55,000","1,944.00",
"16-OCT-2025","METROPOLIS","Metropolis Healthcare Ltd","GOLDMAN SACHS BANK EUROPESE - ODI","BUY","55,000","1,944.00",
"16-OCT-2025","NUVAMA","Nuvama Wealth Manage Ltd","GOLDMAN SACHS (SINGAPORE) PTE.- ODI","SELL","18,270","7,227.00",
"16-OCT-2025","NUVAMA","Nuvama Wealth Manage Ltd","GOLDMAN SACHS BANK EUROPESE - ODI","BUY","18,270","7,227.00",
"16-OCT-2025","PARADEEP","Paradeep Phosphates Ltd","GOLDMAN SACHS (SINGAPORE) PTE.- ODI","SELL","6,17,043","178.40",
"16-OCT-2025","PARADEEP","Paradeep Phosphates Ltd","GOLDMAN SACHS BANK EUROPESE - ODI","BUY","6,17,043","178.40",
"16-OCT-2025","PATANJALI","Patanjali Foods Limited","GOLDMAN SACHS (SINGAPORE) PTE.- ODI","SELL","3,00,000","591.00",
"16-OCT-2025","PATANJALI","Patanjali Foods Limited","GOLDMAN SACHS BANK EUROPESE - ODI","BUY","3,00,000","591.00",
"16-OCT-2025","PNB","Punjab National Bank","GOLDMAN SACHS (SINGAPORE) PTE.- ODI","SELL","12,09,279","117.00",
"16-OCT-2025","PNB","Punjab National Bank","GOLDMAN SACHS BANK EUROPESE - ODI","BUY","12,09,279","117.00",
"16-OCT-2025","POWERINDIA","Hitachi Energy India Ltd","GOLDMAN SACHS (SINGAPORE) PTE.- ODI","SELL","10,510","17,703.00",
"16-OCT-2025","POWERINDIA","Hitachi Energy India Ltd","GOLDMAN SACHS BANK EUROPESE - ODI","BUY","10,510","17,703.00",
"16-OCT-2025","RADICO","Radico Khaitan Limited","GOLDMAN SACHS (SINGAPORE) PTE.- ODI","SELL","41,182","3,005.00",
"16-OCT-2025","RADICO","Radico Khaitan Limited","GOLDMAN SACHS BANK EUROPESE - ODI","BUY","41,182","3,005.00",
"16-OCT-2025","SAMHI","Samhi Hotels Limited","GOLDMAN SACHS (SINGAPORE) PTE.- ODI","SELL","5,91,052","197.70",
"16-OCT-2025","SAMHI","Samhi Hotels Limited","GOLDMAN SACHS BANK EUROPESE - ODI","BUY","5,91,052","197.70",
"16-OCT-2025","TECHM","Tech Mahindra Limited","GOLDMAN SACHS (SINGAPORE) PTE.- ODI","SELL","1,02,050","1,464.00",
"16-OCT-2025","TECHM","Tech Mahindra Limited","GOLDMAN SACHS BANK EUROPESE - ODI","BUY","1,02,050","1,464.00",
"16-OCT-2025","VERANDA","Veranda Learning Sol Ltd","GOLDMAN SACHS (SINGAPORE) PTE.- ODI","SELL","7,60,870","230.50",
"16-OCT-2025","VERANDA","Veranda Learning Sol Ltd","GOLDMAN SACHS BANK EUROPESE - ODI","BUY","7,60,870","230.50",