﻿"Date ","Symbol ","Security Name ","Client Name ","Buy / Sell ","Quantity Traded ","Trade Price / Wght. Avg. Price ","Remarks "
"04-SEP-2025","APTUS","Aptus Value Hsg Fin I Ltd","ADITYA BIRLA SUNLIFE MUTUAL FUND","BUY","45,00,826","328.85",
"04-SEP-2025","APTUS","Aptus Value Hsg Fin I Ltd","ALLIANZ GLOBAL INVESTORS FUND-ALLIANZ INDIA EQUITY","BUY","20,00,000","328.85",
"04-SEP-2025","APTUS","Aptus Value Hsg Fin I Ltd","AROHI EMERGING INDIA MASTER FUND","BUY","24,11,478","328.85",
"04-SEP-2025","APTUS","Aptus Value Hsg Fin I Ltd","AUTHUM INVESTMENT & INFRASTRUCTURE LIMITED","BUY","3,04,109","328.85",
"04-SEP-2025","APTUS","Aptus Value Hsg Fin I Ltd","BANDHAN MUTUAL FUND","BUY","30,41,098","328.85",
"04-SEP-2025","APTUS","Aptus Value Hsg Fin I Ltd","COPTHALL MAURITIUS INVESTMENT LIMITED","BUY","13,39,710","328.85",
"04-SEP-2025","APTUS","Aptus Value Hsg Fin I Ltd","EAST BRIDGE CAPITAL MASTER FUND LIMITED","BUY","26,79,421","328.85",
"04-SEP-2025","APTUS","Aptus Value Hsg Fin I Ltd","EDELWEISS LIFE INSURANCE COMPANY LIMITED","BUY","4,56,164","328.85",
"04-SEP-2025","APTUS","Aptus Value Hsg Fin I Ltd","EDELWEISS MUTUAL FUND","BUY","9,12,329","328.85",
"04-SEP-2025","APTUS","Aptus Value Hsg Fin I Ltd","GO DIGIT GENERAL INSURANCE LIMITED","BUY","3,04,109","328.85",
"04-SEP-2025","APTUS","Aptus Value Hsg Fin I Ltd","GOLDMAN SACHS INVESTMENTS MAURITIUS I LIMITED","BUY","8,36,483","328.85",
"04-SEP-2025","APTUS","Aptus Value Hsg Fin I Ltd","ICICI PRUDENTIAL LIFE INSURANCE COMPANY LIMITED","BUY","15,20,549","328.85",
"04-SEP-2025","APTUS","Aptus Value Hsg Fin I Ltd","ICICI PRUDENTIAL MUTUAL FUND","BUY","30,41,098","328.85",
"04-SEP-2025","APTUS","Aptus Value Hsg Fin I Ltd","IROHA EMERGING INDIA FUND - I","BUY","24,11,478","328.85",
"04-SEP-2025","APTUS","Aptus Value Hsg Fin I Ltd","ITI MUTUAL FUND","BUY","6,38,630","328.85",
"04-SEP-2025","APTUS","Aptus Value Hsg Fin I Ltd","KIFS FINSTOCK LIMITED","BUY","3,04,109","328.85",
"04-SEP-2025","APTUS","Aptus Value Hsg Fin I Ltd","KOTAK MAHINDRA LIFE INSURANCE COMPANY LIMITED","BUY","24,32,879","328.85",
"04-SEP-2025","APTUS","Aptus Value Hsg Fin I Ltd","KOTAK MAHINDRA MUTUAL FUND","BUY","1,76,38,373","328.85",
"04-SEP-2025","APTUS","Aptus Value Hsg Fin I Ltd","MAP INSTITUTIONAL LLC - MAP INSTITUTIONAL LLC 804 SERIES","BUY","18,75,594","328.85",
"04-SEP-2025","APTUS","Aptus Value Hsg Fin I Ltd","MOTILAL OSWAL MUTUAL FUND","BUY","9,12,329","328.85",
"04-SEP-2025","APTUS","Aptus Value Hsg Fin I Ltd","OXBOW MASTER FUND LIMITED","BUY","26,79,421","328.85",
"04-SEP-2025","APTUS","Aptus Value Hsg Fin I Ltd","QUANT MUTUAL FUND","BUY","36,49,318","328.85",
"04-SEP-2025","APTUS","Aptus Value Hsg Fin I Ltd","TATA AIG GENERAL INSURANCE CO LTD","BUY","45,61,648","328.85",
"04-SEP-2025","APTUS","Aptus Value Hsg Fin I Ltd","TATA MUTUAL FUND","BUY","5,47,397","328.85",
"04-SEP-2025","APTUS","Aptus Value Hsg Fin I Ltd","WESTBRIDGE CROSSOVER FUND LLC","SELL","6,09,98,550","328.85",
"04-SEP-2025","DHANI","Dhani Services Limited","GOLDMAN SACHS (SINGAPORE) PTE - ODI","SELL","15,15,128","66.35",
"04-SEP-2025","DHANI","Dhani Services Limited","GOLDMAN SACHS BANK EUROPE SE - ODI","BUY","15,15,128","66.35",
"04-SEP-2025","ETERNAL","ETERNAL LIMITED","GOLDMAN SACHS (SINGAPORE) PTE - ODI","SELL","1,05,22,922","326.10",
"04-SEP-2025","ETERNAL","ETERNAL LIMITED","GOLDMAN SACHS BANK EUROPE SE - ODI","BUY","1,05,22,922","326.10",
"04-SEP-2025","GODREJPROP","Godrej Properties Ltd","GOLDMAN SACHS (SINGAPORE) PTE - ODI","SELL","2,83,896","2,011.90",
"04-SEP-2025","GODREJPROP","Godrej Properties Ltd","GOLDMAN SACHS BANK EUROPE SE - ODI","BUY","2,83,896","2,011.90",
"04-SEP-2025","KOTAKBANK","Kotak Mahindra Bank Limit","GOLDMAN SACHS (SINGAPORE) PTE - ODI","SELL","3,17,055","1,960.20",
"04-SEP-2025","KOTAKBANK","Kotak Mahindra Bank Limit","GOLDMAN SACHS BANK EUROPE SE - ODI","BUY","3,17,055","1,960.20",
"04-SEP-2025","LEMONTREE","Lemon Tree Hotels Ltd","GOLDMAN SACHS (SINGAPORE) PTE - ODI","SELL","8,26,056","169.71",
"04-SEP-2025","LEMONTREE","Lemon Tree Hotels Ltd","GOLDMAN SACHS BANK EUROPE SE - ODI","BUY","8,26,056","169.71",
"04-SEP-2025","RAMCOIND","Ramco Industries Ltd","ALAGARAJA RAMALAKSHMI","SELL","5,00,000","308.10",
"04-SEP-2025","RAMCOIND","Ramco Industries Ltd","RAJAPALAYAM MILLS LTD","BUY","5,00,000","308.10",
"04-SEP-2025","SHRIRAMFIN","Shriram Finance Limited","GOLDMAN SACHS (SINGAPORE) PTE - ODI","SELL","20,68,046","586.30",
"04-SEP-2025","SHRIRAMFIN","Shriram Finance Limited","GOLDMAN SACHS BANK EUROPE SE - ODI","BUY","20,68,046","586.30",
"04-SEP-2025","VBL","Varun Beverages Limited","GOLDMAN SACHS (SINGAPORE) PTE - ODI","SELL","15,52,506","505.25",
"04-SEP-2025","VBL","Varun Beverages Limited","GOLDMAN SACHS BANK EUROPE SE - ODI","BUY","15,52,506","505.25",
"04-SEP-2025","VERTIS","Vertis Infrastructure Tst","360 ONE PORTFOLIO MANAGERS LIMITED","BUY","95,00,000","99.57",
"04-SEP-2025","VERTIS","Vertis Infrastructure Tst","360 ONE PRIME LIMITED","BUY","1,28,00,000","99.57",
"04-SEP-2025","VERTIS","Vertis Infrastructure Tst","360 ONE REAL ASSETS ADVANTAGE FUND","BUY","75,00,000","99.57",
"04-SEP-2025","VERTIS","Vertis Infrastructure Tst","GALAXY INVESTMENTS II PTE LTD","SELL","10,25,000","98.30",
"04-SEP-2025","VERTIS","Vertis Infrastructure Tst","MANIPAL EDUCATION AND MEDICAL GROUP INDIA PRIVATE LIMITED","SELL","2,98,00,000","99.57",
"04-SEP-2025","VERTIS","Vertis Infrastructure Tst","WHITEOAK CAPITAL MUTUAL FUND","BUY","10,25,000","98.30",