﻿"Date ","Symbol ","Security Name ","Client Name ","Buy / Sell ","Quantity Traded ","Trade Price / Wght. Avg. Price ","Remarks "
"13-OCT-2025","BANKBARODA","Bank of Baroda","GOLDMAN SACHS (SINGAPORE) PTE - ODI","SELL","4,97,965","267.50",
"13-OCT-2025","BANKBARODA","Bank of Baroda","GOLDMAN SACHS BANK EUROPE SE - ODI","BUY","4,97,965","267.50",
"13-OCT-2025","CANBK","Canara Bank","GOLDMAN SACHS (SINGAPORE) PTE - ODI","SELL","8,28,660","127.00",
"13-OCT-2025","CANBK","Canara Bank","GOLDMAN SACHS BANK EUROPE SE - ODI","BUY","8,28,660","127.00",
"13-OCT-2025","COALINDIA","Coal India Ltd","GOLDMAN SACHS (SINGAPORE) PTE - ODI","SELL","5,78,569","381.50",
"13-OCT-2025","COALINDIA","Coal India Ltd","GOLDMAN SACHS BANK EUROPE SE - ODI","BUY","5,78,569","381.50",
"13-OCT-2025","COFORGE","Coforge Limited","GOLDMAN SACHS (SINGAPORE) PTE - ODI","SELL","58,319","1,715.00",
"13-OCT-2025","COFORGE","Coforge Limited","GOLDMAN SACHS BANK EUROPE SE - ODI","BUY","58,319","1,715.00",
"13-OCT-2025","HDFCBANK","HDFC Bank Ltd.","GOLDMAN SACHS (SINGAPORE) PTE - ODI","SELL","2,72,219","978.50",
"13-OCT-2025","HDFCBANK","HDFC Bank Ltd.","GOLDMAN SACHS BANK EUROPE SE - ODI","BUY","2,72,219","978.50",
"13-OCT-2025","LUPIN","Lupin Limited","GOLDMAN SACHS (SINGAPORE) PTE - ODI","SELL","81,892","1,977.00",
"13-OCT-2025","LUPIN","Lupin Limited","GOLDMAN SACHS BANK EUROPE SE - ODI","BUY","81,892","1,977.00",
"13-OCT-2025","MANKIND","Mankind Pharma Limited","GOLDMAN SACHS (SINGAPORE) PTE - ODI","SELL","42,245","2,440.00",
"13-OCT-2025","MANKIND","Mankind Pharma Limited","GOLDMAN SACHS BANK EUROPE SE - ODI","BUY","42,245","2,440.00",
"13-OCT-2025","PVRINOX","PVR INOX Limited","GOLDMAN SACHS (SINGAPORE) PTE - ODI","SELL","1,41,767","1,100.00",
"13-OCT-2025","PVRINOX","PVR INOX Limited","GOLDMAN SACHS BANK EUROPE SE - ODI","BUY","1,41,767","1,100.00",
"13-OCT-2025","SHREECEM","SHREE CEMENT LIMITED","GOLDMAN SACHS (SINGAPORE) PTE - ODI","SELL","4,837","29,630.00",
"13-OCT-2025","SHREECEM","SHREE CEMENT LIMITED","GOLDMAN SACHS BANK EUROPE SE - ODI","BUY","4,837","29,630.00",
"13-OCT-2025","SOLARINDS","Solar Industries (I) Ltd","GOLDMAN SACHS (SINGAPORE) PTE - ODI","SELL","8,575","14,005.00",
"13-OCT-2025","SOLARINDS","Solar Industries (I) Ltd","GOLDMAN SACHS BANK EUROPE SE - ODI","BUY","8,575","14,005.00",
"13-OCT-2025","VEDL","Vedanta Limited","GOLDMAN SACHS (SINGAPORE) PTE - ODI","SELL","2,67,412","478.00",
"13-OCT-2025","VEDL","Vedanta Limited","GOLDMAN SACHS BANK EUROPE SE - ODI","BUY","2,67,412","478.00",