﻿"Date ","Symbol ","Security Name ","Client Name ","Buy / Sell ","Quantity Traded ","Trade Price / Wght. Avg. Price ","Remarks "
"02-SEP-2025","AGARWALEYE","Dr Agarwals Health Care L","GOLDMAN SACHS (SINGAPORE) PTE - ODI","SELL","16,53,725","433.25",
"02-SEP-2025","AGARWALEYE","Dr Agarwals Health Care L","GOLDMAN SACHS BANK EUROPE SE- ODI","BUY","16,53,725","433.25",
"02-SEP-2025","CGCL","Money Matters F S Limited","GOLDMAN SACHS (SINGAPORE) PTE - ODI","SELL","18,79,131","189.00",
"02-SEP-2025","CGCL","Money Matters F S Limited","GOLDMAN SACHS BANK EUROPE SE - ODI","BUY","18,79,131","189.00",
"02-SEP-2025","CHOLAFIN","Cholamandalam In & Fin Co","GOLDMAN SACHS (SINGAPORE) PTE - ODI","SELL","6,70,924","1,453.80",
"02-SEP-2025","CHOLAFIN","Cholamandalam In & Fin Co","GOLDMAN SACHS BANK EUROPE SE - ODI","BUY","6,70,924","1,453.80",
"02-SEP-2025","ETERNAL","ETERNAL LIMITED","GOLDMAN SACHS (SINGAPORE) PTE - ODI","SELL","69,11,714","321.10",
"02-SEP-2025","ETERNAL","ETERNAL LIMITED","GOLDMAN SACHS BANK EUROPE SE - ODI","BUY","69,11,714","321.10",
"02-SEP-2025","FIVESTAR","Five-Star Bus Fin Ltd","GOLDMAN SACHS (SINGAPORE) PTE - ODI","SELL","4,11,359","549.20",
"02-SEP-2025","FIVESTAR","Five-Star Bus Fin Ltd","GOLDMAN SACHS BANK EUROPE SE - ODI","BUY","4,11,359","549.20",
"02-SEP-2025","GODREJPROP","Godrej Properties Ltd","GOLDMAN SACHS (SINGAPORE) PTE - ODI","SELL","2,90,394","1,952.20",
"02-SEP-2025","GODREJPROP","Godrej Properties Ltd","GOLDMAN SACHS BANK EUROPE SE - ODI","BUY","2,90,394","1,952.20",
"02-SEP-2025","KIMS","Krishna Inst of Med Sci L","GOLDMAN SACHS (SINGAPORE) PTE - ODI","SELL","5,01,458","727.50",
"02-SEP-2025","KIMS","Krishna Inst of Med Sci L","GOLDMAN SACHS BANK EUROPE SE - ODI","BUY","5,01,458","727.50",
"02-SEP-2025","LEMONTREE","Lemon Tree Hotels Ltd","GOLDMAN SACHS (SINGAPORE) PTE - ODI","SELL","15,50,068","170.20",
"02-SEP-2025","LEMONTREE","Lemon Tree Hotels Ltd","GOLDMAN SACHS BANK EUROPE SE - ODI","BUY","15,50,068","170.20",
"02-SEP-2025","VBL","Varun Beverages Limited","GOLDMAN SACHS (SINGAPORE) PTE - ODI","SELL","18,94,144","495.35",
"02-SEP-2025","VBL","Varun Beverages Limited","GOLDMAN SACHS BANK EUROPE SE - ODI","BUY","18,94,144","495.35",
"02-SEP-2025","VERTIS","Vertis Infrastructure Tst","2452991 ONTARIO LIMITED","SELL","4,69,75,000","98.02",
"02-SEP-2025","VERTIS","Vertis Infrastructure Tst","360 ONE PRIME LIMITED","BUY","2,29,25,000","98.00",
"02-SEP-2025","VERTIS","Vertis Infrastructure Tst","360 ONE REAL ASSETS ADVANTAGE FUND","BUY","23,00,000","98.00",
"02-SEP-2025","VERTIS","Vertis Infrastructure Tst","ABHILASH SANDHYALA","BUY","16,25,000","98.09",
"02-SEP-2025","VERTIS","Vertis Infrastructure Tst","ALKRAM VENTURE PRIVATE LIMITED","BUY","20,25,000","98.07",
"02-SEP-2025","VERTIS","Vertis Infrastructure Tst","ALKRAM VENTURE PRIVATE LIMITED","BUY","30,50,000","98.00",
"02-SEP-2025","VERTIS","Vertis Infrastructure Tst","AMAR H PATEL HUF","BUY","10,25,000","98.07",
"02-SEP-2025","VERTIS","Vertis Infrastructure Tst","AMBIT WEALTH PRIVATE LIMITED","BUY","14,25,000","98.07",
"02-SEP-2025","VERTIS","Vertis Infrastructure Tst","ANKUR DALWANI HUF","BUY","10,25,000","98.12",
"02-SEP-2025","VERTIS","Vertis Infrastructure Tst","AUM CAPITAL MARKET PRIVATE LIMITED","BUY","16,00,000","98.07",
"02-SEP-2025","VERTIS","Vertis Infrastructure Tst","DEZERV INVESTMENTS PRIVATE LIMITED","BUY","25,50,000","98.00",
"02-SEP-2025","VERTIS","Vertis Infrastructure Tst","DEZERV SECURITIES PRIVATE LIMITED","BUY","10,25,000","98.00",
"02-SEP-2025","VERTIS","Vertis Infrastructure Tst","GALAXY INVESTMENTS II PTE LTD","SELL","20,48,00,000","98.01",
"02-SEP-2025","VERTIS","Vertis Infrastructure Tst","ICICI PRUDENTIAL MUTUAL FUND","BUY","51,00,000","98.00",
"02-SEP-2025","VERTIS","Vertis Infrastructure Tst","INDIAFIRST LIFE INSURANCE COMPANY LIMITED","BUY","25,50,000","98.00",
"02-SEP-2025","VERTIS","Vertis Infrastructure Tst","INNOPARK (INDIA) PRIVATE LIMITED","BUY","15,00,000","98.08",
"02-SEP-2025","VERTIS","Vertis Infrastructure Tst","KOTAK MAHINDRA LIFE INSURANCE COMPANY LIMITED","BUY","1,27,50,000","98.00",
"02-SEP-2025","VERTIS","Vertis Infrastructure Tst","L & T TECHNOLOGY SERVICES LIMITED","BUY","51,00,000","98.00",
"02-SEP-2025","VERTIS","Vertis Infrastructure Tst","L AND T EMPLOYEES WELFARE FOUNDATION PRIVATE LIMITED","BUY","51,00,000","98.07",
"02-SEP-2025","VERTIS","Vertis Infrastructure Tst","LARSEN & TOUBRO LIMITED","BUY","3,01,00,000","98.00",
"02-SEP-2025","VERTIS","Vertis Infrastructure Tst","LGT WEALTH INDIA PRIVATE LIMITED","BUY","11,75,000","98.31",
"02-SEP-2025","VERTIS","Vertis Infrastructure Tst","LTIMINDTREE LIMITED","BUY","2,04,00,000","98.00",
"02-SEP-2025","VERTIS","Vertis Infrastructure Tst","MAX LIFE INSURANCE COMPANY LIMITED","BUY","1,02,00,000","98.00",
"02-SEP-2025","VERTIS","Vertis Infrastructure Tst","MVS VENTURES PRIVATE LIMITED","BUY","67,25,000","98.05",
"02-SEP-2025","VERTIS","Vertis Infrastructure Tst","MVS VENTURES PRIVATE LIMITED","BUY","61,25,000","98.00",
"02-SEP-2025","VERTIS","Vertis Infrastructure Tst","NARINDER BAJAJ","BUY","10,25,000","98.07",
"02-SEP-2025","VERTIS","Vertis Infrastructure Tst","NATIONAL PENSION SYSTEM (NPS) TRUST","BUY","1,53,00,000","98.00",
"02-SEP-2025","VERTIS","Vertis Infrastructure Tst","NEO MARKETS SERVICES PRIVATE LIMITED","BUY","71,50,000","98.00",
"02-SEP-2025","VERTIS","Vertis Infrastructure Tst","NEO TREASURY PLUS FUND","BUY","15,25,000","98.00",
"02-SEP-2025","VERTIS","Vertis Infrastructure Tst","NEO WEALTH PARTNERS PRIVATE LIMITED","BUY","2,01,50,000","98.00",
"02-SEP-2025","VERTIS","Vertis Infrastructure Tst","PHILLIP SERVICES INDIA PRIVATE LIMITED","BUY","1,29,25,000","98.00",
"02-SEP-2025","VERTIS","Vertis Infrastructure Tst","PICO CAPITAL PRIVATE LIMITED","BUY","10,25,000","98.01",
"02-SEP-2025","VERTIS","Vertis Infrastructure Tst","PRATITHI INVESTMENT TRUST","BUY","24,50,000","98.04",
"02-SEP-2025","VERTIS","Vertis Infrastructure Tst","SANJAY KUMAR CHADHA","BUY","20,50,000","98.06",
"02-SEP-2025","VERTIS","Vertis Infrastructure Tst","SHAHI EXPORTS PRIVATE LIMITED","BUY","15,25,000","98.00",
"02-SEP-2025","VERTIS","Vertis Infrastructure Tst","SIGNET CAPITAL PRIVATE LIMITED","BUY","10,25,000","98.12",
"02-SEP-2025","VERTIS","Vertis Infrastructure Tst","STAR UNION DAI ICHI LIFE INSURANCE COMPANY LIMITED","BUY","25,50,000","98.00",
"02-SEP-2025","VERTIS","Vertis Infrastructure Tst","TATA AIG GENERAL INSURANCE COMPANY LIMITED","BUY","20,25,000","98.00",
"02-SEP-2025","VERTIS","Vertis Infrastructure Tst","TORROZ FINTECH PRIVATE LIMITED","BUY","20,25,000","98.00",
"02-SEP-2025","VERTIS","Vertis Infrastructure Tst","VARA FUTURE LLP","BUY","1,63,25,000","98.00",
"02-SEP-2025","VERTIS","Vertis Infrastructure Tst","WHITEOAK CAPITAL MUTUAL FUND","BUY","1,53,00,000","98.00",