﻿"Date ","Symbol ","Security Name ","Client Name ","Buy / Sell ","Quantity Traded ","Trade Price / Wght. Avg. Price ","Remarks "
"09-SEP-2025","APOLLOHOSP","Apollo Hospitals Ltd","GOLDMAN SACHS (SINGAPORE) PTE - ODI","SELL","43,031","7,786.50",
"09-SEP-2025","APOLLOHOSP","Apollo Hospitals Ltd","GOLDMAN SACHS BANK EUROPE SE - ODI","BUY","43,031","7,786.50",
"09-SEP-2025","BHARATFORG","Bharat Forge Ltd","GOLDMAN SACHS (SINGAPORE) PTE - ODI","SELL","4,55,437","1,202.80",
"09-SEP-2025","BHARATFORG","Bharat Forge Ltd","GOLDMAN SACHS BANK EUROPE SE - ODI","BUY","4,55,437","1,202.80",
"09-SEP-2025","DRREDDY","Dr. Reddys Lab Ltd","KAPITALFORENINGEN INVESTIN PRO","BUY","5,81,268","1,250.60",
"09-SEP-2025","DRREDDY","Dr. Reddys Lab Ltd","KAPITALFORENINGEN PENSAM INVEST","SELL","5,81,268","1,250.60",
"09-SEP-2025","ETERNAL","ETERNAL LIMITED","GOLDMAN SACHS (SINGAPORE) PTE - ODI","SELL","71,98,254","329.65",
"09-SEP-2025","ETERNAL","ETERNAL LIMITED","GOLDMAN SACHS BANK EUROPE SE - ODI","BUY","71,98,254","329.65",
"09-SEP-2025","HAL","Hindustan Aeronautics Ltd","KAPITALFORENINGEN INVESTIN PRO","BUY","1,35,000","4,443.60",
"09-SEP-2025","HAL","Hindustan Aeronautics Ltd","KAPITALFORENINGEN PENSAM INVEST","SELL","1,35,000","4,443.60",
"09-SEP-2025","HCLTECH","HCL Technologies Ltd.","KAPITALFORENINGEN INVESTIN PRO","BUY","3,25,000","1,403.00",
"09-SEP-2025","HCLTECH","HCL Technologies Ltd.","KAPITALFORENINGEN PENSAM INVEST","SELL","3,25,000","1,403.00",
"09-SEP-2025","HINDALCO","Hindalco Ind Ltd.","KAPITALFORENINGEN INVESTIN PRO","BUY","5,00,000","738.75",
"09-SEP-2025","HINDALCO","Hindalco Ind Ltd.","KAPITALFORENINGEN PENSAM INVEST","SELL","5,00,000","738.75",
"09-SEP-2025","ICICIBANK","ICICI Bank Ltd.","KAPITALFORENINGEN INVESTIN PRO","BUY","7,75,000","1,402.70",
"09-SEP-2025","ICICIBANK","ICICI Bank Ltd.","KAPITALFORENINGEN PENSAM INVEST","SELL","7,75,000","1,402.70",
"09-SEP-2025","INFY","Infosys Limited","GOLDMAN SACHS (SINGAPORE) PTE - ODI","SELL","2,43,981","1,432.90",
"09-SEP-2025","INFY","Infosys Limited","GOLDMAN SACHS BANK EUROPE SE - ODI","BUY","2,43,981","1,432.90",
"09-SEP-2025","INFY","Infosys Limited","KAPITALFORENINGEN INVESTIN PRO","BUY","7,25,658","1,432.90",
"09-SEP-2025","INFY","Infosys Limited","KAPITALFORENINGEN PENSAM INVEST","SELL","7,25,658","1,432.90",
"09-SEP-2025","LEMONTREE","Lemon Tree Hotels Ltd","GOLDMAN SACHS (SINGAPORE) PTE - ODI","SELL","19,27,464","177.93",
"09-SEP-2025","LEMONTREE","Lemon Tree Hotels Ltd","GOLDMAN SACHS BANK EUROPE SE- ODI","BUY","19,27,464","177.93",
"09-SEP-2025","PAYTM","One 97 Communications Ltd","GOLDMAN SACHS (SINGAPORE) PTE - ODI","SELL","6,98,463","1,253.00",
"09-SEP-2025","PAYTM","One 97 Communications Ltd","GOLDMAN SACHS BANK EUROPE SE- ODI","BUY","6,98,463","1,253.00",
"09-SEP-2025","PFC","Power Finance Corporation","GOLDMAN SACHS (SINGAPORE) PTE - ODI","SELL","9,25,828","395.15",
"09-SEP-2025","PFC","Power Finance Corporation","GOLDMAN SACHS BANK EUROPE SE - ODI","BUY","9,25,828","395.15",
"09-SEP-2025","RECLTD","Rural Electrification Cor","GOLDMAN SACHS (SINGAPORE) PTE - ODI","SELL","18,91,167","369.00",
"09-SEP-2025","RECLTD","Rural Electrification Cor","GOLDMAN SACHS BANK EUROPE SE - ODI","BUY","18,91,167","369.00",
"09-SEP-2025","SWIGGY","Swiggy Limited","GOLDMAN SACHS (SINGAPORE) PTE - ODI","SELL","11,07,235","443.15",
"09-SEP-2025","SWIGGY","Swiggy Limited","GOLDMAN SACHS BANK EUROPE SE - ODI","BUY","11,07,235","443.15",
"09-SEP-2025","TATAMOTORS","Tata Motors Limited","KAPITALFORENINGEN INVESTIN PRO","BUY","11,50,000","719.50",
"09-SEP-2025","TATAMOTORS","Tata Motors Limited","KAPITALFORENINGEN PENSAM INVEST","SELL","11,50,000","719.50",
"09-SEP-2025","TCS","Tata Consultancy Serv Ltd","KAPITALFORENINGEN INVESTIN PRO","BUY","2,62,693","3,019.00",
"09-SEP-2025","TCS","Tata Consultancy Serv Ltd","KAPITALFORENINGEN PENSAM INVEST","SELL","2,62,693","3,019.00",