﻿"Date ","Symbol ","Security Name ","Client Name ","Buy / Sell ","Quantity Traded ","Trade Price / Wght. Avg. Price ","Remarks "
"12-SEP-2025","BANKBARODA","Bank of Baroda","MARSHALL WACE INVESTMENT STRATEGIES - EUREKA FUND","SELL","64,16,414","238.27",
"12-SEP-2025","BANKBARODA","Bank of Baroda","SOCIETE GENERALE","BUY","64,16,414","238.27",
"12-SEP-2025","BHARTIARTL","Bharti Airtel Limited","GOLDMAN SACHS (SINGAPORE) PTE - ODI","SELL","9,53,609","1,913.00",
"12-SEP-2025","BHARTIARTL","Bharti Airtel Limited","GOLDMAN SACHS BANK EUROPE SE - ODI","BUY","9,53,609","1,913.00",
"12-SEP-2025","EICHERMOT","Eicher Motors Ltd","MARSHALL WACE INVESTMENT STRATEGIES - EUREKA FUND","SELL","60,405","6,758.00",
"12-SEP-2025","EICHERMOT","Eicher Motors Ltd","SOCIETE GENERALE","BUY","60,405","6,758.00",
"12-SEP-2025","ETERNAL","ETERNAL LIMITED","GOLDMAN SACHS (SINGAPORE) PTE - ODI","SELL","70,32,995","328.10",
"12-SEP-2025","ETERNAL","ETERNAL LIMITED","GOLDMAN SACHS BANK EUROPE SE - ODI","BUY","70,32,995","328.10",
"12-SEP-2025","HEROMOTOCO","Hero MotoCorp Limited","GOLDMAN SACHS (SINGAPORE) PTE - ODI","SELL","1,42,289","5,302.00",
"12-SEP-2025","HEROMOTOCO","Hero MotoCorp Limited","GOLDMAN SACHS BANK EUROPE SE","BUY","1,42,289","5,302.00",
"12-SEP-2025","KOTAKBANK","Kotak Mahindra Bank Limit","GOLDMAN SACHS (SINGAPORE) PTE - ODI","SELL","4,72,450","1,972.30",
"12-SEP-2025","KOTAKBANK","Kotak Mahindra Bank Limit","GOLDMAN SACHS BANK EUROPE SE - ODI","BUY","4,72,450","1,972.30",
"12-SEP-2025","MFSL","Max Fin Serv Ltd","MARSHALL WACE INVESTMENT STRATEGIES - EUREKA FUND","SELL","74,675","1,605.40",
"12-SEP-2025","MFSL","Max Fin Serv Ltd","SOCIETE GENERALE","BUY","74,675","1,605.40",
"12-SEP-2025","PFC","Power Finance Corporation","MARSHALL WACE INVESTMENT STRATEGIES - EUREKA FUND","SELL","24,37,238","399.55",
"12-SEP-2025","PFC","Power Finance Corporation","SOCIETE GENERALE","BUY","24,37,238","399.55",
"12-SEP-2025","RELIANCE","Reliance Industries Ltd","GOLDMAN SACHS (SINGAPORE) PTE - ODI","SELL","5,02,592","1,383.30",
"12-SEP-2025","RELIANCE","Reliance Industries Ltd","GOLDMAN SACHS BANK EUROPE SE - ODI","BUY","5,02,592","1,383.30",
"12-SEP-2025","SHRIRAMFIN","Shriram Finance Limited","GOLDMAN SACHS (SINGAPORE) PTE","SELL","15,98,438","620.05",
"12-SEP-2025","SHRIRAMFIN","Shriram Finance Limited","GOLDMAN SACHS BANK EUROPE SE - ODI","BUY","15,98,438","620.05",