﻿"Date ","Symbol ","Security Name ","Client Name ","Buy / Sell ","Quantity Traded ","Trade Price / Wght. Avg. Price ","Remarks "
"05-SEP-2025","ARMANFIN","Arman Fin Serv Ltd","AIRAVAT CAPITAL TRUST","SELL","1,33,279","1,414.00",
"05-SEP-2025","ARMANFIN","Arman Fin Serv Ltd","AIRAVAT CAPITAL TRUST II","BUY","1,33,279","1,414.00",
"05-SEP-2025","CHOLAFIN","Cholamandalam In & Fin Co","GOLDMAN SACHS (SINGAPORE) PTE - ODI","SELL","6,42,667","1,461.20",
"05-SEP-2025","CHOLAFIN","Cholamandalam In & Fin Co","GOLDMAN SACHS BANK EUROPE SE - ODI","BUY","6,42,667","1,461.20",
"05-SEP-2025","E2E","E2E Networks Limited","AIRAVAT CAPITAL TRUST","SELL","80,933","2,867.00",
"05-SEP-2025","E2E","E2E Networks Limited","AIRAVAT CAPITAL TRUST II","BUY","80,933","2,867.00",
"05-SEP-2025","ETERNAL","ETERNAL LIMITED","GOLDMAN SACHS (SINGAPORE) PTE - ODI","SELL","84,30,648","326.25",
"05-SEP-2025","ETERNAL","ETERNAL LIMITED","GOLDMAN SACHS BANK EUROPE SE - ODI","BUY","84,30,648","326.25",
"05-SEP-2025","GODIGIT","Go Digit General Ins Ltd","AIRAVAT CAPITAL TRUST","SELL","4,26,368","355.00",
"05-SEP-2025","GODIGIT","Go Digit General Ins Ltd","AIRAVAT CAPITAL TRUST II","BUY","4,26,368","355.00",
"05-SEP-2025","GODREJPROP","Godrej Properties Ltd","GOLDMAN SACHS (SINGAPORE) PTE - ODI","SELL","1,78,077","2,002.80",
"05-SEP-2025","GODREJPROP","Godrej Properties Ltd","GOLDMAN SACHS BANK EUROPE SE - ODI","BUY","1,78,077","2,002.80",
"05-SEP-2025","INDIAMART","IndiaMART InterMESH Ltd","AIRAVAT CAPITAL TRUST","SELL","57,074","2,561.00",
"05-SEP-2025","INDIAMART","IndiaMART InterMESH Ltd","AIRAVAT CAPITAL TRUST II","BUY","57,074","2,561.00",
"05-SEP-2025","KIMS","Krishna Inst of Med Sci L","GOLDMAN SACHS (SINGAPORE) PTE - ODI","SELL","2,45,154","738.10",
"05-SEP-2025","KIMS","Krishna Inst of Med Sci L","GOLDMAN SACHS BANK EUROPE SE - ODI","BUY","2,45,154","738.10",
"05-SEP-2025","KPITTECH","KPIT Technologies Limited","AIRAVAT CAPITAL TRUST","SELL","1,65,185","1,224.00",
"05-SEP-2025","KPITTECH","KPIT Technologies Limited","AIRAVAT CAPITAL TRUST II","BUY","1,65,185","1,224.00",
"05-SEP-2025","MANAPPURAM","Manappuram Finance Ltd","GOLDMAN SACHS (SINGAPORE) PTE - ODI","SELL","28,30,286","284.10",
"05-SEP-2025","MANAPPURAM","Manappuram Finance Ltd","GOLDMAN SACHS BANK EUROPE SE - ODI","BUY","28,30,286","284.10",
"05-SEP-2025","MPSLTD","MPS Limited","AIRAVAT CAPITAL TRUST","SELL","49,542","2,262.00",
"05-SEP-2025","MPSLTD","MPS Limited","AIRAVAT CAPITAL TRUST II","BUY","49,542","2,262.00",
"05-SEP-2025","NEULANDLAB","Neuland Lab Ltd.","AIRAVAT CAPITAL TRUST","SELL","8,896","14,612.00",
"05-SEP-2025","NEULANDLAB","Neuland Lab Ltd.","AIRAVAT CAPITAL TRUST II","BUY","8,896","14,612.00",
"05-SEP-2025","NUVAMA","Nuvama Wealth Manage Ltd","AIRAVAT CAPITAL TRUST","SELL","16,170","6,450.00",
"05-SEP-2025","NUVAMA","Nuvama Wealth Manage Ltd","AIRAVAT CAPITAL TRUST II","BUY","16,170","6,450.00",
"05-SEP-2025","OBEROIRLTY","Oberoi Realty Limited","GOLDMAN SACHS (SINGAPORE) PTE - ODI","SELL","2,39,015","1,661.90",
"05-SEP-2025","OBEROIRLTY","Oberoi Realty Limited","GOLDMAN SACHS BANK EUROPE SE - ODI","BUY","2,39,015","1,661.90",
"05-SEP-2025","PFOCUS","Prime Focus Limited","AUGUSTA INVESTMENTS I PTE LTD","SELL","54,48,112","142.55",
"05-SEP-2025","PFOCUS","Prime Focus Limited","FE SECURITIES PVT LTD","BUY","7,50,000","142.55",
"05-SEP-2025","PFOCUS","Prime Focus Limited","MARINA IV (SINGAPORE) PTE LTD","SELL","38,91,417","142.55",
"05-SEP-2025","PFOCUS","Prime Focus Limited","MARINA IV LP","SELL","9,15,471","142.55",
"05-SEP-2025","PFOCUS","Prime Focus Limited","RAMESH SHRICHAND DAMANI","BUY","8,00,000","142.55",
"05-SEP-2025","PFOCUS","Prime Focus Limited","SAMYAK ENTERPRISES","BUY","7,05,000","142.55",
"05-SEP-2025","PFOCUS","Prime Focus Limited","SINGULARITY LARGE VALUE FUND I","BUY","14,00,000","142.55",
"05-SEP-2025","PFOCUS","Prime Focus Limited","SINGULARITY LARGE VALUE FUND II","BUY","18,50,000","142.55",
"05-SEP-2025","PFOCUS","Prime Focus Limited","SINGULARITY LARGE VALUE FUND III","BUY","30,00,000","142.55",
"05-SEP-2025","PFOCUS","Prime Focus Limited","UTPAL H SHETH","BUY","17,50,000","142.55",
"05-SEP-2025","POLICYBZR","PB Fintech Limited","AIRAVAT CAPITAL TRUST","SELL","67,581","1,864.00",
"05-SEP-2025","POLICYBZR","PB Fintech Limited","AIRAVAT CAPITAL TRUST II","BUY","67,581","1,864.00",
"05-SEP-2025","THOMASCOOK","Thomas Cook  (India)  Ltd","AIRAVAT CAPITAL TRUST","SELL","5,94,016","178.00",
"05-SEP-2025","THOMASCOOK","Thomas Cook  (India)  Ltd","AIRAVAT CAPITAL TRUST II","BUY","5,94,016","178.00",
"05-SEP-2025","UJJIVANSFB","Ujjivan Small Financ Bank","AIRAVAT CAPITAL TRUST","SELL","53,60,144","43.00",
"05-SEP-2025","UJJIVANSFB","Ujjivan Small Financ Bank","AIRAVAT CAPITAL TRUST II","BUY","53,60,144","43.00",