﻿"Date ","Symbol ","Security Name ","Client Name ","Buy / Sell ","Quantity Traded ","Trade Price / Wght. Avg. Price ","Remarks "
"11-SEP-2025","BEL","Bharat Electronics Ltd","GOLDMAN SACHS (SINGAPORE) PTE - ODI","SELL","24,65,814","386.00",
"11-SEP-2025","BEL","Bharat Electronics Ltd","GOLDMAN SACHS BANK EUROPE SE - ODI","BUY","24,65,814","386.00",
"11-SEP-2025","BHARATFORG","Bharat Forge Ltd","GOLDMAN SACHS (SINGAPORE) PTE - ODI","SELL","2,00,439","1,213.00",
"11-SEP-2025","BHARATFORG","Bharat Forge Ltd","GOLDMAN SACHS BANK EUROPE SE - ODI","BUY","2,00,439","1,213.00",
"11-SEP-2025","BHARTIARTL","Bharti Airtel Limited","GOLDMAN SACHS (SINGAPORE) PTE - ODI","SELL","6,22,176","1,904.00",
"11-SEP-2025","BHARTIARTL","Bharti Airtel Limited","GOLDMAN SACHS BANK EUROPE SE - ODI","BUY","6,22,176","1,904.00",
"11-SEP-2025","ETERNAL","ETERNAL LIMITED","GOLDMAN SACHS (SINGAPORE) PTE - ODI","SELL","66,22,284","328.00",
"11-SEP-2025","ETERNAL","ETERNAL LIMITED","GOLDMAN SACHS BANK EUROPE SE - ODI","BUY","66,22,284","328.00",
"11-SEP-2025","INDIGO","InterGlobe Aviation Ltd","GOLDMAN SACHS (SINGAPORE) PTE - ODI","SELL","1,37,578","5,663.00",
"11-SEP-2025","INDIGO","InterGlobe Aviation Ltd","GOLDMAN SACHS BANK EUROPE SE - ODI","BUY","1,37,578","5,663.00",
"11-SEP-2025","KOTAKBANK","Kotak Mahindra Bank Limit","GOLDMAN SACHS (SINGAPORE) PTE - ODI","SELL","5,97,227","1,981.00",
"11-SEP-2025","KOTAKBANK","Kotak Mahindra Bank Limit","GOLDMAN SACHS BANK EUROPE SE - ODI","BUY","5,97,227","1,981.00",
"11-SEP-2025","PAYTM","One 97 Communications Ltd","GOLDMAN SACHS (SINGAPORE) PTE - ODI","SELL","5,70,411","1,222.00",
"11-SEP-2025","PAYTM","One 97 Communications Ltd","GOLDMAN SACHS BANK EUROPE SE - ODI","BUY","5,70,411","1,222.00",
"11-SEP-2025","SHRIRAMFIN","Shriram Finance Limited","GOLDMAN SACHS (SINGAPORE) PTE - ODI","SELL","18,22,889","620.00",
"11-SEP-2025","SHRIRAMFIN","Shriram Finance Limited","GOLDMAN SACHS BANK EUROPE SE - ODI","BUY","18,22,889","620.00",