﻿"Date ","Symbol ","Security Name ","Client Name ","Buy / Sell ","Quantity Traded ","Trade Price / Wght. Avg. Price ","Remarks "
"09-OCT-2025","DIVISLAB","Divi's Laboratories Limit","GOLDMAN SACHS (SINGAPORE) PTE - ODI","SELL","33,108","6,120.50",
"09-OCT-2025","DIVISLAB","Divi's Laboratories Limit","GOLDMAN SACHS BANK EUROPE SE - ODI","BUY","33,108","6,120.50",
"09-OCT-2025","DIXON","Dixon Techno (India) Ltd","GOLDMAN SACHS (SINGAPORE) PTE - ODI","SELL","6,135","16,859.00",
"09-OCT-2025","DIXON","Dixon Techno (India) Ltd","GOLDMAN SACHS BANK EUROPE SE - ODI","BUY","6,135","16,859.00",
"09-OCT-2025","HDFCAMC","HDFC AMC Limited","GOLDMAN SACHS (SINGAPORE) PTE - ODI","SELL","39,677","5,475.50",
"09-OCT-2025","HDFCAMC","HDFC AMC Limited","GOLDMAN SACHS BANK EUROPE SE - ODI","BUY","39,677","5,475.50",
"09-OCT-2025","HDFCBANK","HDFC Bank Ltd.","GOLDMAN SACHS (SINGAPORE) PTE - ODI","SELL","1,14,327","978.70",
"09-OCT-2025","HDFCBANK","HDFC Bank Ltd.","GOLDMAN SACHS BANK EUROPE SE - ODI","BUY","1,14,327","978.70",
"09-OCT-2025","HINDALCO","Hindalco Ind Ltd.","GOLDMAN SACHS (SINGAPORE) PTE - ODI","SELL","1,31,098","768.20",
"09-OCT-2025","HINDALCO","Hindalco Ind Ltd.","GOLDMAN SACHS BANK EUROPE SE - ODI","BUY","1,31,098","768.20",
"09-OCT-2025","HONAUT","Honeywell Auto India Ltd.","GOLDMAN SACHS (SINGAPORE) PTE - ODI","SELL","7,782","36,200.00",
"09-OCT-2025","HONAUT","Honeywell Auto India Ltd.","GOLDMAN SACHS BANK EUROPE SE - ODI","BUY","7,782","36,200.00",
"09-OCT-2025","M&M","Mah & Mah Ltd.","GOLDMAN SACHS (SINGAPORE) PTE - ODI","SELL","49,893","3,449.00",
"09-OCT-2025","M&M","Mah & Mah Ltd.","GOLDMAN SACHS BANK EUROPE SE - ODI","BUY","49,893","3,449.00",
"09-OCT-2025","POLYMED","Poly Medicure Limited","GOLDMAN SACHS (SINGAPORE) PTE - ODI","SELL","2,64,142","1,902.00",
"09-OCT-2025","POLYMED","Poly Medicure Limited","GOLDMAN SACHS BANK EUROPE SE - ODI","BUY","2,64,142","1,902.00",
"09-OCT-2025","SAMMAANCAP","Sammaan Capital Limited","GOLDMAN SACHS (SINGAPORE) PTE - ODI","SELL","18,20,792","159.08",
"09-OCT-2025","SAMMAANCAP","Sammaan Capital Limited","GOLDMAN SACHS BANK EUROPE SE - ODI","BUY","18,20,792","159.08",
"09-OCT-2025","SUNPHARMA","Sun Pharma Industries Ltd","GOLDMAN SACHS (SINGAPORE) PTE - ODI","SELL","1,48,233","1,631.60",
"09-OCT-2025","SUNPHARMA","Sun Pharma Industries Ltd","GOLDMAN SACHS BANK EUROPE SE - ODI","BUY","1,48,233","1,631.60",
"09-OCT-2025","TATAMOTORS","Tata Motors Limited","GOLDMAN SACHS (SINGAPORE) PTE - ODI","SELL","4,10,020","681.55",
"09-OCT-2025","TATAMOTORS","Tata Motors Limited","GOLDMAN SACHS BANK EUROPE SE - ODI","BUY","4,10,020","681.55",