﻿"Date ","Symbol ","Security Name ","Client Name ","Buy / Sell ","Quantity Traded ","Trade Price / Wght. Avg. Price ","Remarks "
"03-SEP-2025","ETERNAL","ETERNAL LIMITED","GOLDMAN SACHS (SINGAPORE) PTE - ODI","SELL","49,27,548","322.40",
"03-SEP-2025","ETERNAL","ETERNAL LIMITED","GOLDMAN SACHS BANK EUROPE SE - ODI","BUY","49,27,548","322.40",
"03-SEP-2025","GODREJPROP","Godrej Properties Ltd","GOLDMAN SACHS (SINGAPORE) PTE - ODI","SELL","2,92,981","1,978.20",
"03-SEP-2025","GODREJPROP","Godrej Properties Ltd","GOLDMAN SACHS BANK EUROPE SE - ODI","BUY","2,92,981","1,978.20",
"03-SEP-2025","KOLTEPATIL","Kolte - Patil Developers","GOLDMAN SACHS (SINGAPORE) PTE - ODI","SELL","6,72,025","472.60",
"03-SEP-2025","KOLTEPATIL","Kolte - Patil Developers","GOLDMAN SACHS BANK EUROPE SE - ODI","BUY","6,72,025","472.60",
"03-SEP-2025","KOTAKBANK","Kotak Mahindra Bank Limit","GOLDMAN SACHS (SINGAPORE) PTE - ODI","SELL","4,35,762","1,942.50",
"03-SEP-2025","KOTAKBANK","Kotak Mahindra Bank Limit","GOLDMAN SACHS BANK EUROPE SE - ODI","BUY","4,35,762","1,942.50",
"03-SEP-2025","MANAPPURAM","Manappuram Finance Ltd","GOLDMAN SACHS (SINGAPORE) PTE - ODI","SELL","18,86,858","281.00",
"03-SEP-2025","MANAPPURAM","Manappuram Finance Ltd","GOLDMAN SACHS BANK EUROPE SE - ODI","BUY","18,86,858","281.00",
"03-SEP-2025","OBEROIRLTY","Oberoi Realty Limited","GOLDMAN SACHS (SINGAPORE) PTE - ODI","SELL","1,65,461","1,651.80",
"03-SEP-2025","OBEROIRLTY","Oberoi Realty Limited","GOLDMAN SACHS BANK EUROPE SE - ODI","BUY","1,65,461","1,651.80",
"03-SEP-2025","SHRIRAMFIN","Shriram Finance Limited","GOLDMAN SACHS (SINGAPORE) PTE - ODI","SELL","22,83,662","584.60",
"03-SEP-2025","SHRIRAMFIN","Shriram Finance Limited","GOLDMAN SACHS BANK EUROPE SE - ODI","BUY","22,83,662","584.60",
"03-SEP-2025","VERTIS","Vertis Infrastructure Tst","360 ONE PRIME LIMITED","SELL","91,75,000","98.25",
"03-SEP-2025","VERTIS","Vertis Infrastructure Tst","ADWAIT HOLDINGS PRIVATE LIMITED","BUY","15,25,000","98.25",
"03-SEP-2025","VERTIS","Vertis Infrastructure Tst","AFSHAN RIYAZ PEERMOHAMED","BUY","10,25,000","98.25",
"03-SEP-2025","VERTIS","Vertis Infrastructure Tst","AMBIT WEALTH PRIVATE LIMITED","BUY","20,50,000","98.17",
"03-SEP-2025","VERTIS","Vertis Infrastructure Tst","ARA INVESTMENTS","BUY","15,25,000","98.25",
"03-SEP-2025","VERTIS","Vertis Infrastructure Tst","ASHRA FAMILY TRUST","BUY","10,25,000","98.25",
"03-SEP-2025","VERTIS","Vertis Infrastructure Tst","AXIS SECURITIES LIMITED","BUY","11,00,000","98.03",
"03-SEP-2025","VERTIS","Vertis Infrastructure Tst","DUROSHOX INTERNATIONAL PRIVATE LIMITED","BUY","18,25,000","98.25",
"03-SEP-2025","VERTIS","Vertis Infrastructure Tst","GALAXY INVESTMENTS II PTE LTD","SELL","37,00,000","98.04",
"03-SEP-2025","VERTIS","Vertis Infrastructure Tst","NARINDER BAJAJ","SELL","10,25,000","98.16",
"03-SEP-2025","VERTIS","Vertis Infrastructure Tst","RB DIVERSIFIED PRIVATE LIMITED","BUY","12,25,000","98.25",
"03-SEP-2025","VERTIS","Vertis Infrastructure Tst","SANJAY KUMAR CHADHA","BUY","15,25,000","98.04",
"03-SEP-2025","VERTIS","Vertis Infrastructure Tst","SANJAY KUMAR CHADHA","SELL","20,50,000","98.17",
"03-SEP-2025","VERTIS","Vertis Infrastructure Tst","SHREE ANANTNATH REAL ESTATE PRIVATE LIMITED","BUY","10,25,000","98.16",
"03-SEP-2025","VERTIS","Vertis Infrastructure Tst","SPARK FINANCIAL HOLDINGS PRIVATE LIMITED","BUY","10,75,000","98.06",
"03-SEP-2025","VERTIS","Vertis Infrastructure Tst","TIBREWALA ELECTRONICS LIMITED","BUY","10,25,000","98.25",