﻿"Date ","Symbol ","Security Name ","Client Name ","Buy / Sell ","Quantity Traded ","Trade Price / Wght. Avg. Price ","Remarks "
"17-SEP-2025","APOLLOHOSP","Apollo Hospitals Ltd","GOLDMAN SACHS (SINGAPORE) PTE - ODI","SELL","52,098","7,852.50",
"17-SEP-2025","APOLLOHOSP","Apollo Hospitals Ltd","GOLDMAN SACHS BANK EUROPE SE - ODI","BUY","52,098","7,852.50",
"17-SEP-2025","BHARTIARTL","Bharti Airtel Limited","GOLDMAN SACHS (SINGAPORE) PTE - ODI","SELL","4,52,624","1,939.50",
"17-SEP-2025","BHARTIARTL","Bharti Airtel Limited","GOLDMAN SACHS BANK EUROPE SE - ODI","BUY","4,52,624","1,939.50",
"17-SEP-2025","BPCL","Bharat Petroleum Ltd","GOLDMAN SACHS (SINGAPORE) PTE - ODI","SELL","5,77,549","318.25",
"17-SEP-2025","BPCL","Bharat Petroleum Ltd","GOLDMAN SACHS BANK EUROPE SE - ODI","BUY","5,77,549","318.25",
"17-SEP-2025","ENRIN","Siemens Energy India Ltd","GOLDMAN SACHS (SINGAPORE) PTE - ODI","SELL","53,465","3,460.90",
"17-SEP-2025","ENRIN","Siemens Energy India Ltd","GOLDMAN SACHS BANK EUROPE SE - ODI","BUY","53,465","3,460.90",
"17-SEP-2025","FORTIS","Fortis Healthcare Limited","GOLDMAN SACHS (SINGAPORE) PTE - ODI","SELL","3,83,961","966.65",
"17-SEP-2025","FORTIS","Fortis Healthcare Limited","GOLDMAN SACHS BANK EUROPE SE - ODI","BUY","3,83,961","966.65",
"17-SEP-2025","GVT&D","GE VERNOVA T&D INDIA LTD","GOLDMAN SACHS (SINGAPORE) PTE - ODI","SELL","90,235","2,924.60",
"17-SEP-2025","GVT&D","GE VERNOVA T&D INDIA LTD","GOLDMAN SACHS BANK EUROPE SE - ODI","BUY","90,235","2,924.60",
"17-SEP-2025","HAL","Hindustan Aeronautics Ltd","GOLDMAN SACHS (SINGAPORE) PTE - ODI","SELL","1,52,040","4,840.00",
"17-SEP-2025","HAL","Hindustan Aeronautics Ltd","GOLDMAN SACHS BANK EUROPE SE - ODI","BUY","1,52,040","4,840.00",
"17-SEP-2025","HEROMOTOCO","Hero MotoCorp Limited","GOLDMAN SACHS (SINGAPORE) PTE - ODI","SELL","1,43,905","5,316.00",
"17-SEP-2025","HEROMOTOCO","Hero MotoCorp Limited","GOLDMAN SACHS BANK EUROPE SE - ODI","BUY","1,43,905","5,316.00",
"17-SEP-2025","PETRONET","Petronet LNG Limited","GOLDMAN SACHS (SINGAPORE) PTE - ODI","SELL","5,46,206","279.30",
"17-SEP-2025","PETRONET","Petronet LNG Limited","GOLDMAN SACHS BANK EUROPE SE - ODI","BUY","5,46,206","279.30",
"17-SEP-2025","SAILIFE","Sai Life Sciences Limited","GOLDMAN SACHS (SINGAPORE) PTE - ODI","SELL","4,01,458","881.35",
"17-SEP-2025","SAILIFE","Sai Life Sciences Limited","GOLDMAN SACHS BANK EUROPE SE - ODI","BUY","4,01,458","881.35",
"17-SEP-2025","SUNDARMFIN","Sundaram Finance Ltd.","GOLDMAN SACHS (SINGAPORE) PTE - ODI","SELL","30,001","4,643.00",
"17-SEP-2025","SUNDARMFIN","Sundaram Finance Ltd.","GOLDMAN SACHS BANK EUROPE SE - ODI","BUY","30,001","4,643.00",