﻿"Date ","Symbol ","Security Name ","Client Name ","Buy / Sell ","Quantity Traded ","Trade Price / Wght. Avg. Price ","Remarks "
"19-SEP-2025","BPCL","Bharat Petroleum Ltd","GOLDMAN SACHS (SINGAPORE) PTE - ODI","SELL","6,62,659","325.70",
"19-SEP-2025","BPCL","Bharat Petroleum Ltd","GOLDMAN SACHS BANK EUROPE SE - ODI","BUY","6,62,659","325.70",
"19-SEP-2025","GVT&D","GE VERNOVA T&D INDIA LTD","GOLDMAN SACHS (SINGAPORE) PTE - ODI","SELL","1,14,340","2,985.90",
"19-SEP-2025","GVT&D","GE VERNOVA T&D INDIA LTD","GOLDMAN SACHS BANK EUROPE SE - ODI","BUY","1,14,340","2,985.90",
"19-SEP-2025","HAL","Hindustan Aeronautics Ltd","GOLDMAN SACHS (SINGAPORE) PTE - ODI","SELL","2,97,251","4,856.80",
"19-SEP-2025","HAL","Hindustan Aeronautics Ltd","GOLDMAN SACHS BANK EUROPE SE - ODI","BUY","2,97,251","4,856.80",
"19-SEP-2025","LT","Larsen & Toubro Limited","PI OPPORTUNITIES AIF V LLP","BUY","2,71,223","3,681.00",
"19-SEP-2025","LT","Larsen & Toubro Limited","PIONEER INVESTMENT FUND","SELL","2,71,223","3,681.00",
"19-SEP-2025","M&M","Mah & Mah Ltd.","PI OPPORTUNITIES AIF V LLP","BUY","2,76,243","3,624.40",
"19-SEP-2025","M&M","Mah & Mah Ltd.","PIONEER INVESTMENT FUND","SELL","2,76,243","3,624.40",