﻿"Date ","Symbol ","Security Name ","Client Name ","Buy / Sell ","Quantity Traded ","Trade Price / Wght. Avg. Price ","Remarks "
"24-SEP-2025","AKZOINDIA","Akzo Nobel India Limited","ADITYA BIRLA SUNLIFE MUTUAL FUND","BUY","45,986","3,358.80",
"24-SEP-2025","AKZOINDIA","Akzo Nobel India Limited","BANDHAN MUTUAL FUND","BUY","29,928","3,358.80",
"24-SEP-2025","AKZOINDIA","Akzo Nobel India Limited","BARODA BNP PARIBAS MUTUAL FUND","BUY","74,820","3,358.80",
"24-SEP-2025","AKZOINDIA","Akzo Nobel India Limited","BNP PARIBAS FINANCIAL MARKETS","BUY","29,928","3,358.80",
"24-SEP-2025","AKZOINDIA","Akzo Nobel India Limited","CITIGROUP GLOBAL MARKETS MAURITIUS PRIVATE LIMITED","BUY","74,820","3,358.80",
"24-SEP-2025","AKZOINDIA","Akzo Nobel India Limited","CITIGROUP GLOBAL MARKETS MAURITIUS PVT LTD","BUY","29,928","3,358.80",
"24-SEP-2025","AKZOINDIA","Akzo Nobel India Limited","EDELWEISS LIFE INSURANCE COMPANY LIMITED","BUY","29,928","3,358.80",
"24-SEP-2025","AKZOINDIA","Akzo Nobel India Limited","GHISALLO MASTER FUND LP","BUY","29,927","3,358.80",
"24-SEP-2025","AKZOINDIA","Akzo Nobel India Limited","GOLDMAN SACHS ETF TRUST - GOLDMAN SACHS INDIA EQUITY ETF","BUY","1,237","3,358.80",
"24-SEP-2025","AKZOINDIA","Akzo Nobel India Limited","GOLDMAN SACHS FUNDS - GOLDMAN SACHS INDIA EQUITY PORTFOLIO","BUY","4,49,823","3,358.80",
"24-SEP-2025","AKZOINDIA","Akzo Nobel India Limited","GS INDIA EQUITY","BUY","16,128","3,358.80",
"24-SEP-2025","AKZOINDIA","Akzo Nobel India Limited","IMPERIAL CHEMICAL INDUSTRIES LIMITED","SELL","22,77,015","3,358.80",
"24-SEP-2025","AKZOINDIA","Akzo Nobel India Limited","MEDIOLANUM BEST BRANDS- MEDIOLANUM INDIA OPPORTUNITIES","BUY","36,905","3,358.80",
"24-SEP-2025","AKZOINDIA","Akzo Nobel India Limited","MORGAN STANLEY ASIA SINGAPORE PTE","BUY","29,928","3,358.80",
"24-SEP-2025","AKZOINDIA","Akzo Nobel India Limited","NEW YORK STATE TEACHERS RETIREMENT SYSTEM","BUY","24,407","3,358.80",
"24-SEP-2025","AKZOINDIA","Akzo Nobel India Limited","NIPPON INDIA MUTUAL FUND","BUY","8,14,894","3,358.80",
"24-SEP-2025","AKZOINDIA","Akzo Nobel India Limited","SOCIETE GENERALE","BUY","29,928","3,358.80",
"24-SEP-2025","AKZOINDIA","Akzo Nobel India Limited","WF ASIAN SMALLER COMPANIES FUND LTD","BUY","5,28,500","3,358.80",
"24-SEP-2025","COFFEEDAY","Coffee Day Enterprise Ltd","AHIH RESORTS AND RETREAT PRIVATE LIMITED","BUY","88,28,793","44.45",
"24-SEP-2025","COFFEEDAY","Coffee Day Enterprise Ltd","MALAVIKA HEGDE","SELL","88,28,793","44.45",