﻿"Date ","Symbol ","Security Name ","Client Name ","Buy / Sell ","Quantity Traded ","Trade Price / Wght. Avg. Price ","Remarks "
"15-SEP-2025","APOLLOHOSP","Apollo Hospitals Ltd","GOLDMAN SACHS (SINGAPORE) PTE - ODI","SELL","40,265","7,874.50",
"15-SEP-2025","APOLLOHOSP","Apollo Hospitals Ltd","GOLDMAN SACHS BANK EUROPE SE - ODI","BUY","40,265","7,874.50",
"15-SEP-2025","BEL","Bharat Electronics Ltd","GOLDMAN SACHS (SINGAPORE) PTE - ODI","SELL","29,84,304","399.30",
"15-SEP-2025","BEL","Bharat Electronics Ltd","GOLDMAN SACHS BANK EUROPE SE - ODI","BUY","29,84,304","399.30",
"15-SEP-2025","BHARTIARTL","Bharti Airtel Limited","GOLDMAN SACHS (SINGAPORE) PTE - ODI","SELL","10,46,648","1,902.60",
"15-SEP-2025","BHARTIARTL","Bharti Airtel Limited","GOLDMAN SACHS BANK EUROPE SE - ODI","BUY","10,46,648","1,902.60",
"15-SEP-2025","ETERNAL","ETERNAL LIMITED","GOLDMAN SACHS (SINGAPORE) PTE - ODI","SELL","91,85,958","321.40",
"15-SEP-2025","ETERNAL","ETERNAL LIMITED","GOLDMAN SACHS BANK EUROPE SE - ODI","BUY","91,85,958","321.40",
"15-SEP-2025","GPIL","Godawari Power And Ispat","AMRITA  KEDIA","BUY","14,50,000","242.00",
"15-SEP-2025","GPIL","Godawari Power And Ispat","ANAND  PODDAR","BUY","18,00,000","242.00",
"15-SEP-2025","GPIL","Godawari Power And Ispat","ARDENT STEEL PRIVATE LIMITED","SELL","32,50,000","242.00",
"15-SEP-2025","INDIGO","InterGlobe Aviation Ltd","GOLDMAN SACHS (SINGAPORE) PTE - ODI","SELL","1,81,724","5,727.50",
"15-SEP-2025","INDIGO","InterGlobe Aviation Ltd","GOLDMAN SACHS BANK EUROPE SE - ODI","BUY","1,81,724","5,727.50",
"15-SEP-2025","INDIGRID","India Grid Trust","GOLDMAN SACHS (SINGAPORE) PTE - ODI","SELL","11,45,843","167.89",
"15-SEP-2025","INDIGRID","India Grid Trust","GOLDMAN SACHS BANK EUROPE SE - ODI","BUY","11,45,843","167.89",
"15-SEP-2025","INFY","Infosys Limited","GOLDMAN SACHS (SINGAPORE) PTE - ODI","SELL","2,22,653","1,525.60",
"15-SEP-2025","INFY","Infosys Limited","GOLDMAN SACHS BANK EUROPE SE - ODI","BUY","2,22,653","1,525.60",
"15-SEP-2025","PAYTM","One 97 Communications Ltd","GOLDMAN SACHS (SINGAPORE) PTE - ODI","SELL","6,94,045","1,219.00",
"15-SEP-2025","PAYTM","One 97 Communications Ltd","GOLDMAN SACHS BANK EUROPE SE - ODI","BUY","6,94,045","1,219.00",
"15-SEP-2025","PFC","Power Finance Corporation","GOLDMAN SACHS (SINGAPORE) PTE - ODI","SELL","10,00,456","395.70",
"15-SEP-2025","PFC","Power Finance Corporation","GOLDMAN SACHS BANK EUROPE SE - ODI","BUY","10,00,456","395.70",
"15-SEP-2025","RECLTD","Rural Electrification Cor","GOLDMAN SACHS (SINGAPORE) PTE - ODI","SELL","12,10,464","373.30",
"15-SEP-2025","RECLTD","Rural Electrification Cor","GOLDMAN SACHS BANK EUROPE SE - ODI","BUY","12,10,464","373.30",