﻿"Date ","Symbol ","Security Name ","Client Name ","Buy / Sell ","Quantity Traded ","Trade Price / Wght. Avg. Price ","Remarks "
"24-JUN-2025","AVALON","Avalon Technologies Ltd","ALCHEMY EMERGING LEADERS OF TOMORROW","BUY","4,94,400","809.00",
"24-JUN-2025","AVALON","Avalon Technologies Ltd","ALCHEMY INDIA LONG TERM FUND","BUY","1,85,400","809.00",
"24-JUN-2025","AVALON","Avalon Technologies Ltd","ALCHEMY LEADERS OF TOMORROW","BUY","3,09,000","809.00",
"24-JUN-2025","AVALON","Avalon Technologies Ltd","BHASKAR SRINIVASAN","SELL","11,98,800","809.00",
"24-JUN-2025","AVALON","Avalon Technologies Ltd","ITI MUTUAL FUND","BUY","1,48,200","809.00",
"24-JUN-2025","AVALON","Avalon Technologies Ltd","ITI MUTUAL FUND","BUY","61,800","809.00",
"24-JUN-2025","QUICKHEAL","Quick Heal Tech Ltd","ANUPAMA KAILASH KATKAR","SELL","33,19,498","362.00",
"24-JUN-2025","QUICKHEAL","Quick Heal Tech Ltd","SNEHA KAILASH KATKAR","BUY","33,19,498","362.00",