﻿"Date ","Symbol ","Security Name ","Client Name ","Buy / Sell ","Quantity Traded ","Trade Price / Wght. Avg. Price ","Remarks "
"26-AUG-2025","EDELWEISS","Edelweiss Fin Serv Ltd","ABAKKUS ASSET MANAGER PRIVATE LIMITED","BUY","64,30,780","100.00",
"26-AUG-2025","EDELWEISS","Edelweiss Fin Serv Ltd","EDELWEISS EMPLOYEES INCENTIVES AND WELFARE TRUST","SELL","53,01,510","100.00",
"26-AUG-2025","EDELWEISS","Edelweiss Fin Serv Ltd","EDELWEISS EMPLOYEES WELFARE TRUST","SELL","11,29,270","100.00",
"26-AUG-2025","UPL","UPL Limited","NERKA CHEMICALS PRIVATE LTD","BUY","9,80,000","723.05",
"26-AUG-2025","UPL","UPL Limited","UNIPHOS ENTERPRISES LTD","SELL","9,80,000","723.05",