﻿"Date ","Symbol ","Security Name ","Client Name ","Buy / Sell ","Quantity Traded ","Trade Price / Wght. Avg. Price ","Remarks "
"12-AUG-2025","CIGNITITEC","Cigniti Technologies Ltd","GOLDMAN SACHS (SINGAPORE) PTE -ODI","SELL","93,975","1,517.20",
"12-AUG-2025","CIGNITITEC","Cigniti Technologies Ltd","GOLDMAN SACHS BANK EUROPE SE - ODI","BUY","93,975","1,517.20",
"12-AUG-2025","MEDIASSIST","Medi Assist Health Ser L","ADITYA BIRLA SUN LIFE INSURANCE COMPANY LIMITED","BUY","1,91,315","522.70",
"12-AUG-2025","MEDIASSIST","Medi Assist Health Ser L","ADITYA BIRLA SUN LIFE MUTUAL FUND","BUY","19,13,739","522.70",
"12-AUG-2025","MEDIASSIST","Medi Assist Health Ser L","BESSEMER INDIA CAPITAL HOLDINGS II LIMITED","SELL","1,10,54,850","522.70",
"12-AUG-2025","MEDIASSIST","Medi Assist Health Ser L","CITIGROUP GLOBAL MARKETS MAURITIUS PRIVATE LIMITED","BUY","1,91,315","522.70",
"12-AUG-2025","MEDIASSIST","Medi Assist Health Ser L","CITIGROUP GLOBAL MARKETS MAURITIUS PRIVATE LIMITED - ODI","BUY","1,91,315","522.70",
"12-AUG-2025","MEDIASSIST","Medi Assist Health Ser L","COMMONWEALTH OF PENNSYLVANIA PUBLIC SCHOOL EMPLOYEES RETIREMENT SYSTEM","BUY","2,02,000","522.70",
"12-AUG-2025","MEDIASSIST","Medi Assist Health Ser L","EDELWEISS MUTUAL FUND","BUY","5,73,942","522.70",
"12-AUG-2025","MEDIASSIST","Medi Assist Health Ser L","GHISALLO MASTER FUND LP","BUY","1,91,315","522.70",
"12-AUG-2025","MEDIASSIST","Medi Assist Health Ser L","GOLDMAN SACHS INVESTMENTS MAURITIUS I LIMITED","BUY","1,91,315","522.70",
"12-AUG-2025","MEDIASSIST","Medi Assist Health Ser L","HDFC MUTUAL FUND","BUY","4,78,287","522.70",
"12-AUG-2025","MEDIASSIST","Medi Assist Health Ser L","ICICI PRUDENTIAL MUTUAL FUND","BUY","13,39,200","522.70",
"12-AUG-2025","MEDIASSIST","Medi Assist Health Ser L","KOTAK MAHINDRA MUTUAL FUND","BUY","19,13,143","522.70",
"12-AUG-2025","MEDIASSIST","Medi Assist Health Ser L","LOS ANGELES CITY EMPLOYEES RETIREMENT SYSTEM","BUY","2,53,000","522.70",
"12-AUG-2025","MEDIASSIST","Medi Assist Health Ser L","MORGAN STANLEY ASIA SINGAPORE PTE","BUY","2,86,371","522.70",
"12-AUG-2025","MEDIASSIST","Medi Assist Health Ser L","MORGAN STANLEY ASIA SINGAPORE PTE","BUY","1,91,315","522.70",
"12-AUG-2025","MEDIASSIST","Medi Assist Health Ser L","MORGAN STANLEY IFSC FUND","BUY","1,91,315","522.70",
"12-AUG-2025","MEDIASSIST","Medi Assist Health Ser L","PENSION RESERVES INVESTMENT TRUST FUND","BUY","1,48,000","522.70",
"12-AUG-2025","MEDIASSIST","Medi Assist Health Ser L","PUBLIC EMPLOYEES RETIREMENT SYSTEM OF OHIO","BUY","88,000","522.70",
"12-AUG-2025","MEDIASSIST","Medi Assist Health Ser L","PUBLIC SECTOR PENSION INVESTMENT BOARD","BUY","4,78,286","522.70",
"12-AUG-2025","MEDIASSIST","Medi Assist Health Ser L","SUNDARAM MUTUAL FUND","BUY","2,32,677","522.70",
"12-AUG-2025","MEDIASSIST","Medi Assist Health Ser L","WASATCH EMERGING INDIA FUND","BUY","16,32,000","522.70",
"12-AUG-2025","MEDIASSIST","Medi Assist Health Ser L","WASATCH EMERGING MARKETS SMALL CAP FUND","BUY","1,77,000","522.70",