﻿"Date ","Symbol ","Security Name ","Client Name ","Buy / Sell ","Quantity Traded ","Trade Price / Wght. Avg. Price ","Remarks "
"16-SEP-2025","AIIL","Authum Invest & Infra Ltd","GOLDMAN SACHS (SINGAPORE) PTE - ODI","SELL","3,15,201","3,276.90",
"16-SEP-2025","AIIL","Authum Invest & Infra Ltd","GOLDMAN SACHS BANK EUROPE SE - ODI","BUY","3,15,201","3,276.90",
"16-SEP-2025","AXISBANK","Axis Bank Limited","GOLDMAN SACHS (SINGAPORE) PTE - ODI","SELL","7,10,462","1,113.09",
"16-SEP-2025","AXISBANK","Axis Bank Limited","GOLDMAN SACHS BANK EUROPE SE - ODI","BUY","7,10,462","1,113.09",
"16-SEP-2025","BHARTIARTL","Bharti Airtel Limited","GOLDMAN SACHS (SINGAPORE) PTE - ODI","SELL","7,69,420","1,904.50",
"16-SEP-2025","BHARTIARTL","Bharti Airtel Limited","GOLDMAN SACHS BANK EUROPE SE - ODI","BUY","7,69,420","1,904.50",
"16-SEP-2025","HAL","Hindustan Aeronautics Ltd","GOLDMAN SACHS (SINGAPORE) PTE - ODI","SELL","53,348","4,795.20",
"16-SEP-2025","HAL","Hindustan Aeronautics Ltd","GOLDMAN SACHS BANK EUROPE SE - ODI","BUY","53,348","4,795.20",
"16-SEP-2025","HEROMOTOCO","Hero MotoCorp Limited","GOLDMAN SACHS (SINGAPORE) PTE - ODI","SELL","1,87,256","5,288.50",
"16-SEP-2025","HEROMOTOCO","Hero MotoCorp Limited","GOLDMAN SACHS BANK EUROPE SE - ODI","BUY","1,87,256","5,288.50",
"16-SEP-2025","INDIGO","InterGlobe Aviation Ltd","GOLDMAN SACHS (SINGAPORE) PTE - ODI","SELL","2,24,409","5,728.50",
"16-SEP-2025","INDIGO","InterGlobe Aviation Ltd","GOLDMAN SACHS BANK EUROPE SE - ODI","BUY","2,24,409","5,728.50",
"16-SEP-2025","INFY","Infosys Limited","GOLDMAN SACHS (SINGAPORE) PTE - ODI","SELL","3,03,400","1,505.00",
"16-SEP-2025","INFY","Infosys Limited","GOLDMAN SACHS BANK EUROPE SE - ODI","BUY","3,03,400","1,505.00",
"16-SEP-2025","ITC","ITC Ltd.","GOLDMAN SACHS (SINGAPORE) PTE - ODI","SELL","5,90,933","412.65",
"16-SEP-2025","ITC","ITC Ltd.","GOLDMAN SACHS BANK EUROPE SE - ODI","BUY","5,90,933","412.65",
"16-SEP-2025","PAYTM","One 97 Communications Ltd","GOLDMAN SACHS (SINGAPORE) PTE - ODI","SELL","3,65,290","1,228.00",
"16-SEP-2025","PAYTM","One 97 Communications Ltd","GOLDMAN SACHS BANK EUROPE SE - ODI","BUY","3,65,290","1,228.00",
"16-SEP-2025","PFC","Power Finance Corporation","GOLDMAN SACHS (SINGAPORE) PTE - ODI","SELL","11,59,808","401.85",
"16-SEP-2025","PFC","Power Finance Corporation","GOLDMAN SACHS BANK EUROPE SE - ODI","BUY","11,59,808","401.85",
"16-SEP-2025","RECLTD","Rural Electrification Cor","GOLDMAN SACHS (SINGAPORE) PTE - ODI","SELL","9,85,874","378.45",
"16-SEP-2025","RECLTD","Rural Electrification Cor","GOLDMAN SACHS BANK EUROPE SE - ODI","BUY","9,85,874","378.45",
"16-SEP-2025","SAILIFE","Sai Life Sciences Limited","GOLDMAN SACHS (SINGAPORE) PTE - ODI","SELL","2,75,204","882.00",
"16-SEP-2025","SAILIFE","Sai Life Sciences Limited","GOLDMAN SACHS BANK EUROPE SE - ODI","BUY","2,75,204","882.00",
"16-SEP-2025","WIPRO","Wipro Ltd","GOLDMAN SACHS (SINGAPORE) PTE - ODI","SELL","9,14,544","252.50",
"16-SEP-2025","WIPRO","Wipro Ltd","GOLDMAN SACHS BANK EUROPE SE - ODI","BUY","9,14,544","252.50",