﻿"Date ","Symbol ","Security Name ","Client Name ","Buy / Sell ","Quantity Traded ","Trade Price / Wght. Avg. Price ","Remarks "
"20-OCT-2025","BLISSGVS","Bliss GVS Pharma Ltd","ARIAN INVESTMENT LTD","SELL","26,00,000","150.60",
"20-OCT-2025","BLISSGVS","Bliss GVS Pharma Ltd","MATEUS LTD","BUY","26,00,000","150.60",
"20-OCT-2025","CEIGALL","Ceigall India Limited","GOLDMAN SACHS (SINGAPORE) PTE - ODI","SELL","4,09,132","252.00",
"20-OCT-2025","CEIGALL","Ceigall India Limited","GOLDMAN SACHS BANK EUROPE SE - ODI","BUY","4,09,132","252.00",
"20-OCT-2025","LALPATHLAB","Dr. Lal Path Labs Ltd.","GOLDMAN SACHS (SINGAPORE) PTE - ODI","SELL","33,414","3,160.00",
"20-OCT-2025","LALPATHLAB","Dr. Lal Path Labs Ltd.","GOLDMAN SACHS BANK EUROPE SE - ODI","BUY","33,414","3,160.00",
"20-OCT-2025","LGEINDIA","LG Electronics India Ltd","BOFA SECURITIES EUROPE SA","BUY","66,700","1,656.00",
"20-OCT-2025","LGEINDIA","LG Electronics India Ltd","NR 1 SP","SELL","66,700","1,656.00",
"20-OCT-2025","ONGC","Oil & Natural Gas Corp","GOLDMAN SACHS (SINGAPORE) PTE - ODI","SELL","4,19,742","247.00",
"20-OCT-2025","ONGC","Oil & Natural Gas Corp","GOLDMAN SACHS BANK EUROPE SE - ODI","BUY","4,19,742","247.00",