﻿"Date ","Symbol ","Security Name ","Client Name ","Buy / Sell ","Quantity Traded ","Trade Price / Wght. Avg. Price ","Remarks "
"14-OCT-2025","APOLLO","Apollo Micro Systems Ltd","GOLDMAN SACHS (SINGAPORE) PTE - ODI","SELL","5,95,649","301.05",
"14-OCT-2025","APOLLO","Apollo Micro Systems Ltd","GOLDMAN SACHS BANK EUROPE SE - ODI","BUY","5,95,649","301.05",
"14-OCT-2025","ATHERENERG","Ather Energy Limited","GOLDMAN SACHS (SINGAPORE) PTE - ODI","SELL","3,01,873","609.50",
"14-OCT-2025","ATHERENERG","Ather Energy Limited","GOLDMAN SACHS BANK EUROPE SE - ODI","BUY","3,01,873","609.50",
"14-OCT-2025","BANKBARODA","Bank of Baroda","GOLDMAN SACHS (SINGAPORE) PTE - ODI","SELL","4,97,964","264.50",
"14-OCT-2025","BANKBARODA","Bank of Baroda","GOLDMAN SACHS BANK EUROPE SE - ODI","BUY","4,97,964","264.50",
"14-OCT-2025","COALINDIA","Coal India Ltd","GOLDMAN SACHS (SINGAPORE) PTE - ODI","SELL","5,42,293","381.00",
"14-OCT-2025","COALINDIA","Coal India Ltd","GOLDMAN SACHS BANK EUROPE SE - ODI","BUY","5,42,293","381.00",
"14-OCT-2025","COFORGE","Coforge Limited","GOLDMAN SACHS (SINGAPORE) PTE - ODI","SELL","70,601","1,701.00",
"14-OCT-2025","COFORGE","Coforge Limited","GOLDMAN SACHS BANK EUROPE SE - ODI","BUY","70,601","1,701.00",
"14-OCT-2025","ICICIBANK","ICICI Bank Ltd.","GOLDMAN SACHS (SINGAPORE) PTE - ODI","SELL","1,41,886","1,382.50",
"14-OCT-2025","ICICIBANK","ICICI Bank Ltd.","GOLDMAN SACHS BANK EUROPE SE - ODI","BUY","1,41,886","1,382.50",
"14-OCT-2025","LUPIN","Lupin Limited","GOLDMAN SACHS (SINGAPORE) PTE - ODI","SELL","60,035","1,937.50",
"14-OCT-2025","LUPIN","Lupin Limited","GOLDMAN SACHS BANK EUROPE SE - ODI","BUY","60,035","1,937.50",
"14-OCT-2025","MANKIND","Mankind Pharma Limited","GOLDMAN SACHS (SINGAPORE) PTE - ODI","SELL","55,000","2,430.00",
"14-OCT-2025","MANKIND","Mankind Pharma Limited","GOLDMAN SACHS BANK EUROPE SE - ODI","BUY","55,000","2,430.00",
"14-OCT-2025","MFSL","Max Fin Serv Ltd","GOLDMAN SACHS (SINGAPORE) PTE - ODI","SELL","85,630","1,613.50",
"14-OCT-2025","MFSL","Max Fin Serv Ltd","GOLDMAN SACHS BANK EUROPE SE - ODI","BUY","85,630","1,613.50",
"14-OCT-2025","PNBHOUSING","PNB Housing Fin Ltd.","GOLDMAN SACHS (SINGAPORE) PTE - ODI","SELL","1,58,034","839.00",
"14-OCT-2025","PNBHOUSING","PNB Housing Fin Ltd.","GOLDMAN SACHS BANK EUROPE SE - ODI","BUY","1,58,034","839.00",
"14-OCT-2025","PVRINOX","PVR INOX Limited","GOLDMAN SACHS (SINGAPORE) PTE - ODI","SELL","1,93,538","1,110.00",
"14-OCT-2025","PVRINOX","PVR INOX Limited","GOLDMAN SACHS BANK EUROPE SE - ODI","BUY","1,93,538","1,110.00",
"14-OCT-2025","SHREECEM","SHREE CEMENT LIMITED","GOLDMAN SACHS (SINGAPORE) PTE - ODI","SELL","4,836","29,530.00",
"14-OCT-2025","SHREECEM","SHREE CEMENT LIMITED","GOLDMAN SACHS BANK EUROPE SE - ODI","BUY","4,836","29,530.00",
"14-OCT-2025","VEDL","Vedanta Limited","GOLDMAN SACHS (SINGAPORE) PTE - ODI","SELL","2,67,411","478.00",
"14-OCT-2025","VEDL","Vedanta Limited","GOLDMAN SACHS BANK EUROPE SE - ODI","BUY","2,67,411","478.00",
"14-OCT-2025","ZAGGLE","Zaggle Prepa Ocean Ser L","GOLDMAN SACHS (SINGAPORE) PTE - ODI","SELL","4,08,320","343.50",
"14-OCT-2025","ZAGGLE","Zaggle Prepa Ocean Ser L","GOLDMAN SACHS BANK EUROPE SE - ODI","BUY","4,08,320","343.50",