﻿"Date ","Symbol ","Security Name ","Client Name ","Buy / Sell ","Quantity Traded ","Trade Price / Wght. Avg. Price ","Remarks "
"29-AUG-2025","AGARWALEYE","Dr Agarwals Health Care L","GOLDMAN SACHS (SINGAPORE) PTE - ODI","SELL","4,29,190","439.10",
"29-AUG-2025","AGARWALEYE","Dr Agarwals Health Care L","GOLDMAN SACHS BANK EUROPE SE - ODI","BUY","4,29,190","439.10",
"29-AUG-2025","CGCL","Money Matters F S Limited","GOLDMAN SACHS (SINGAPORE) PTE - ODI","SELL","8,70,125","185.70",
"29-AUG-2025","CGCL","Money Matters F S Limited","GOLDMAN SACHS BANK EUROPE SE - ODI","BUY","8,70,125","185.70",
"29-AUG-2025","CHOLAFIN","Cholamandalam In & Fin Co","GOLDMAN SACHS (SINGAPORE) PTE - ODI","SELL","2,42,876","1,439.80",
"29-AUG-2025","CHOLAFIN","Cholamandalam In & Fin Co","GOLDMAN SACHS BANK EUROPE SE - ODI","BUY","2,42,876","1,439.80",
"29-AUG-2025","DHANI","Dhani Services Limited","GOLDMAN SACHS (SINGAPORE) PTE - ODI","SELL","38,14,898","62.70",
"29-AUG-2025","DHANI","Dhani Services Limited","GOLDMAN SACHS BANK EUROPE SE - ODI","BUY","38,14,898","62.70",
"29-AUG-2025","ETERNAL","ETERNAL LIMITED","GOLDMAN SACHS (SINGAPORE) PTE - ODI","SELL","66,76,269","315.50",
"29-AUG-2025","ETERNAL","ETERNAL LIMITED","GOLDMAN SACHS BANK EUROPE SE - ODI","BUY","66,76,269","315.50",
"29-AUG-2025","FIVESTAR","Five-Star Bus Fin Ltd","GOLDMAN SACHS (SINGAPORE) PTE - ODI","SELL","5,19,142","552.75",
"29-AUG-2025","FIVESTAR","Five-Star Bus Fin Ltd","GOLDMAN SACHS BANK EUROPE SE - ODI","BUY","5,19,142","552.75",
"29-AUG-2025","GODREJPROP","Godrej Properties Ltd","GOLDMAN SACHS (SINGAPORE) PTE - ODI","SELL","5,27,615","1,984.60",
"29-AUG-2025","GODREJPROP","Godrej Properties Ltd","GOLDMAN SACHS BANK EUROPE SE - ODI","BUY","5,27,615","1,984.60",
"29-AUG-2025","INDIGRID","India Grid Trust","GOLDMAN SACHS (SINGAPORE) PTE - ODI","SELL","7,92,168","161.50",
"29-AUG-2025","INDIGRID","India Grid Trust","GOLDMAN SACHS BANK EUROPE SE - ODI","BUY","7,92,168","161.50",
"29-AUG-2025","KIMS","Krishna Inst of Med Sci L","GOLDMAN SACHS (SINGAPORE) PTE - ODI","SELL","2,51,598","737.40",
"29-AUG-2025","KIMS","Krishna Inst of Med Sci L","GOLDMAN SACHS BANK EUROPE SE - ODI","BUY","2,51,598","737.40",
"29-AUG-2025","KOLTEPATIL","Kolte - Patil Developers","GOLDMAN SACHS (SINGAPORE) PTE - ODI","SELL","5,07,534","469.70",
"29-AUG-2025","KOLTEPATIL","Kolte - Patil Developers","GOLDMAN SACHS BANK EUROPE SE - ODI","BUY","5,07,534","469.70",
"29-AUG-2025","KOTAKBANK","Kotak Mahindra Bank Limit","GOLDMAN SACHS (SINGAPORE) PTE - ODI","SELL","1,75,693","1,944.70",
"29-AUG-2025","KOTAKBANK","Kotak Mahindra Bank Limit","GOLDMAN SACHS BANK EUROPE SE - ODI","BUY","1,75,693","1,944.70",
"29-AUG-2025","LEMONTREE","Lemon Tree Hotels Ltd","GOLDMAN SACHS (SINGAPORE) PTE - ODI","SELL","8,70,090","167.80",
"29-AUG-2025","LEMONTREE","Lemon Tree Hotels Ltd","GOLDMAN SACHS BANK EUROPE SE - ODI","BUY","8,70,090","167.80",
"29-AUG-2025","MANAPPURAM","Manappuram Finance Ltd","GOLDMAN SACHS (SINGAPORE) PTE - ODI","SELL","12,51,077","263.00",
"29-AUG-2025","MANAPPURAM","Manappuram Finance Ltd","GOLDMAN SACHS BANK EUROPE SE - ODI","BUY","12,51,077","263.00",
"29-AUG-2025","OBEROIRLTY","Oberoi Realty Limited","GOLDMAN SACHS (SINGAPORE) PTE - ODI","SELL","1,22,365","1,618.80",
"29-AUG-2025","OBEROIRLTY","Oberoi Realty Limited","GOLDMAN SACHS BANK EUROPE SE - ODI","BUY","1,22,365","1,618.80",
"29-AUG-2025","SHRIRAMFIN","Shriram Finance Limited","GOLDMAN SACHS (SINGAPORE) PTE - ODI","SELL","7,42,825","571.65",
"29-AUG-2025","SHRIRAMFIN","Shriram Finance Limited","GOLDMAN SACHS BANK EUROPE SE - ODI","BUY","7,42,825","571.65",
"29-AUG-2025","THELEELA","Schloss Bangalore Limited","GOLDMAN SACHS (SINGAPORE) PTE - ODI","SELL","4,12,926","396.65",
"29-AUG-2025","THELEELA","Schloss Bangalore Limited","GOLDMAN SACHS BANK EUROPE SE - ODI","BUY","4,12,926","396.65",
"29-AUG-2025","VBL","Varun Beverages Limited","GOLDMAN SACHS (SINGAPORE) PTE - ODI","SELL","15,71,019","497.70",
"29-AUG-2025","VBL","Varun Beverages Limited","GOLDMAN SACHS BANK EUROPE SE - ODI","BUY","15,71,019","497.70",