﻿"Date ","Symbol ","Security Name ","Client Name ","Buy / Sell ","Quantity Traded ","Trade Price / Wght. Avg. Price ","Remarks "
"09-JUN-2025","SUZLON","Suzlon Energy Limited","ADITYA BIRLA SUN LIFE MUTUAL FUND","BUY","3,02,80,090","66.05",
"09-JUN-2025","SUZLON","Suzlon Energy Limited","ASK ABSOLUTE RETURN FUND","BUY","15,14,072","66.05",
"09-JUN-2025","SUZLON","Suzlon Energy Limited","BAJAJ ALLIANZ LIFE INSURANCE COMPANY LIMITED","BUY","30,28,009","66.05",
"09-JUN-2025","SUZLON","Suzlon Energy Limited","BANDHAN MUTUAL FUND","BUY","48,44,814","66.05",
"09-JUN-2025","SUZLON","Suzlon Energy Limited","EDELWEISS LIFE INSURANCE COMPANY LIMITED","BUY","15,14,010","66.05",
"09-JUN-2025","SUZLON","Suzlon Energy Limited","EDELWEISS MUTUAL FUND","BUY","59,06,879","66.05",
"09-JUN-2025","SUZLON","Suzlon Energy Limited","FUTURE GENERALI INDIA LIFE INSURANCE COMPANY LIMITED","BUY","15,14,011","66.05",
"09-JUN-2025","SUZLON","Suzlon Energy Limited","GOLDMAN SACHS (SINGAPORE) PTE","BUY","15,14,025","66.05",
"09-JUN-2025","SUZLON","Suzlon Energy Limited","GOLDMAN SACHS FUNDS-GOLDMAN SACHS ASIA EQUITY PORTFOLIO","BUY","5,82,89,175","66.05",
"09-JUN-2025","SUZLON","Suzlon Energy Limited","ICICI PRUDENTIAL LIFE INSURANCE COMPANY LIMITED","BUY","1,69,56,850","66.05",
"09-JUN-2025","SUZLON","Suzlon Energy Limited","INVESCO MUTUAL FUND","BUY","48,44,814","66.05",
"09-JUN-2025","SUZLON","Suzlon Energy Limited","JAIDEEP SAMPAT","BUY","15,14,012","66.05",
"09-JUN-2025","SUZLON","Suzlon Energy Limited","KIFS FINSTOCK LIMITED","BUY","30,28,018","66.05",
"09-JUN-2025","SUZLON","Suzlon Energy Limited","MORGAN STANLEY ASIA SINGAPORE PTE","BUY","30,28,031","66.05",
"09-JUN-2025","SUZLON","Suzlon Energy Limited","MOTILAL OSWAL MUTUAL FUND","BUY","4,54,20,099","66.05",
"09-JUN-2025","SUZLON","Suzlon Energy Limited","RAMBHABEN UKABHAI TANTI","SELL","2,75,00,000","66.05",
"09-JUN-2025","SUZLON","Suzlon Energy Limited","SOCIETE GENERALE","BUY","73,97,043","66.05",
"09-JUN-2025","SUZLON","Suzlon Energy Limited","SUNDARAM MUTUAL FUND","BUY","75,70,022","66.05",
"09-JUN-2025","SUZLON","Suzlon Energy Limited","TANTI HOLDINGS PRIVATE LIMITED","SELL","6,69,76,144","66.05",
"09-JUN-2025","SUZLON","Suzlon Energy Limited","TANTI RANCHHODBHAI RAMJIB HAI","SELL","5,08,70,688","66.05",
"09-JUN-2025","SUZLON","Suzlon Energy Limited","VINOD RANCHHODBHAI TANTI","SELL","5,28,17,142","66.05",
"09-JUN-2025","WIPRO","Wipro Ltd","AZIM PREMJI TRUST","SELL","20,23,00,000","250.00",
"09-JUN-2025","WIPRO","Wipro Ltd","HASHAM TRADERS","BUY","11,90,00,000","250.00",
"09-JUN-2025","WIPRO","Wipro Ltd","PRAZIM TRADERS","BUY","5,95,00,000","250.00",
"09-JUN-2025","WIPRO","Wipro Ltd","PRAZIM TRADING AND INVESTMENT COMPANY PRIVATE LIMITED","BUY","2,38,00,000","250.00",