﻿"Date ","Symbol ","Security Name ","Client Name ","Buy / Sell ","Quantity Traded ","Trade Price / Wght. Avg. Price ","Remarks "
"06-OCT-2025","ABLBL","Aditya Birla Lifes Bran L","ADITYA BIRLA SUN LIFE MUTUAL FUND","BUY","2,81,746","136.45",
"06-OCT-2025","ABLBL","Aditya Birla Lifes Bran L","ADITYA BIRLA SUN LIFE MUTUAL FUND","BUY","14,08,731","136.45",
"06-OCT-2025","ABLBL","Aditya Birla Lifes Bran L","ADITYA BIRLA SUN LIFE MUTUAL FUND","BUY","19,72,225","136.45",
"06-OCT-2025","ABLBL","Aditya Birla Lifes Bran L","AMANSA HOLDINGS PRIVATE LIMITED","BUY","70,27,712","136.45",
"06-OCT-2025","ABLBL","Aditya Birla Lifes Bran L","FLIPKART INVESTMENTS PRIVATE LIMITED","SELL","7,31,70,731","136.45",
"06-OCT-2025","ABLBL","Aditya Birla Lifes Bran L","GHISALLO MASTER FUND LP","BUY","7,32,882","136.45",
"06-OCT-2025","ABLBL","Aditya Birla Lifes Bran L","GOLDMAN SACHS BANK EUROPE SE - ODI","BUY","7,75,002","136.45",
"06-OCT-2025","ABLBL","Aditya Birla Lifes Bran L","ICICI PRUDENTIAL LIFE INSURANCE COMPANY LIMITED","BUY","36,62,702","136.45",
"06-OCT-2025","ABLBL","Aditya Birla Lifes Bran L","ICICI PRUDENTIAL MUTUAL FUND","BUY","98,85,816","136.45",
"06-OCT-2025","ABLBL","Aditya Birla Lifes Bran L","ICICI PRUDENTIAL MUTUAL FUND","BUY","82,38,179","136.45",
"06-OCT-2025","ABLBL","Aditya Birla Lifes Bran L","ICICI PRUDENTIAL MUTUAL FUND","BUY","9,22,676","136.45",
"06-OCT-2025","ABLBL","Aditya Birla Lifes Bran L","MORGAN STANLEY ASIA SINGAPORE PTE - ODI","BUY","7,32,882","136.45",
"06-OCT-2025","ABLBL","Aditya Birla Lifes Bran L","NIPPON INDIA MUTUAL FUND","BUY","1,32,37,502","136.45",
"06-OCT-2025","ABLBL","Aditya Birla Lifes Bran L","NIPPON INDIA MUTUAL FUND","BUY","44,12,500","136.45",
"06-OCT-2025","ABLBL","Aditya Birla Lifes Bran L","SBI LIFE INSURANCE COMPANY LIMITED","BUY","12,00,000","136.45",
"06-OCT-2025","ABLBL","Aditya Birla Lifes Bran L","SBI LIFE INSURANCE COMPANY LIMITED","BUY","1,50,95,952","136.45",
"06-OCT-2025","ABLBL","Aditya Birla Lifes Bran L","SBI LIFE INSURANCE COMPANY LIMITED","BUY","2,50,000","136.45",
"06-OCT-2025","ABLBL","Aditya Birla Lifes Bran L","SBI LIFE INSURANCE COMPANY LIMITED","BUY","2,71,200","136.45",
"06-OCT-2025","ABLBL","Aditya Birla Lifes Bran L","SBI LIFE INSURANCE COMPANY LIMITED","BUY","4,82,850","136.45",
"06-OCT-2025","ABLBL","Aditya Birla Lifes Bran L","SOCIETE GENERALE - ODI","BUY","15,75,002","136.45",
"06-OCT-2025","ABLBL","Aditya Birla Lifes Bran L","UTI MUTUAL FUND","BUY","54,288","136.45",
"06-OCT-2025","ABLBL","Aditya Birla Lifes Bran L","UTI MUTUAL FUND","BUY","6,78,594","136.45",
"06-OCT-2025","ABLBL","Aditya Birla Lifes Bran L","VEMF-A  LP","BUY","2,72,290","136.45",
"06-OCT-2025","ETERNAL","ETERNAL LIMITED","BOFA SECURITIES EUROPE SA","BUY","81,00,000","328.45",
"06-OCT-2025","ETERNAL","ETERNAL LIMITED","GOLDMAN SACHS BANK EUROPE SE - ODI","SELL","81,00,000","328.45",
"06-OCT-2025","OPTIEMUS","Optiemus Infracom Ltd","BOFA SECURITIES EUROPE SA","BUY","3,54,060","672.10",
"06-OCT-2025","OPTIEMUS","Optiemus Infracom Ltd","DYMON ASIA MULTI-STRATEGY INVESTMENT (SINGAPORE) PTE. LTD.","SELL","3,54,060","672.10",