﻿"Date ","Symbol ","Security Name ","Client Name ","Buy / Sell ","Quantity Traded ","Trade Price / Wght. Avg. Price ","Remarks "
"11-JUN-2025","ABCAPITAL","Aditya Birla Capital Ltd.","EDELWEISS MUTUAL FUND","BUY","8,24,232","242.65",
"11-JUN-2025","ABCAPITAL","Aditya Birla Capital Ltd.","GOLDMAN SACHS ETF TRUST  GOLDMAN SACHS INDIA EQUITY ETF","BUY","4,393","242.65",
"11-JUN-2025","ABCAPITAL","Aditya Birla Capital Ltd.","GOLDMAN SACHS FUNDS  GOLDMAN SACHS INDIA EQUITY PORTFOLIO","BUY","33,63,220","242.65",
"11-JUN-2025","ABCAPITAL","Aditya Birla Capital Ltd.","GREATER INDIA PORTFOLIO","BUY","1,85,981","242.65",
"11-JUN-2025","ABCAPITAL","Aditya Birla Capital Ltd.","GS INDIA EQUITY","BUY","1,20,068","242.65",
"11-JUN-2025","ABCAPITAL","Aditya Birla Capital Ltd.","HSBC MUTUAL FUND","BUY","7,21,203","242.65",
"11-JUN-2025","ABCAPITAL","Aditya Birla Capital Ltd.","JOMEI INVESTMENTS LIMITED","SELL","2,34,00,000","242.65",
"11-JUN-2025","ABCAPITAL","Aditya Birla Capital Ltd.","LIC MUTUAL FUND","BUY","1,03,029","242.65",
"11-JUN-2025","ABCAPITAL","Aditya Birla Capital Ltd.","LIC MUTUAL FUND","BUY","2,06,059","242.65",
"11-JUN-2025","ABCAPITAL","Aditya Birla Capital Ltd.","LIC MUTUAL FUND.","BUY","1,03,029","242.65",
"11-JUN-2025","ABCAPITAL","Aditya Birla Capital Ltd.","MANULIFE GLOBAL FUND INDIA EQUITY FUND","BUY","4,18,319","242.65",
"11-JUN-2025","ABCAPITAL","Aditya Birla Capital Ltd.","MEDIOLANUM BEST BRANDS MEDIOLANUM INDIA OPPORTUNITIES","BUY","2,66,355","242.65",
"11-JUN-2025","ABCAPITAL","Aditya Birla Capital Ltd.","MOTILAL OSWAL MUTUAL FUND","BUY","12,02,800","242.65",
"11-JUN-2025","ABCAPITAL","Aditya Birla Capital Ltd.","MOTILAL OSWAL MUTUAL FUND","BUY","6,17,200","242.65",
"11-JUN-2025","ABCAPITAL","Aditya Birla Capital Ltd.","MOTILAL OSWAL MUTUAL FUND","BUY","1,46,64,647","242.65",
"11-JUN-2025","ABCAPITAL","Aditya Birla Capital Ltd.","NEW YORK STATE TEACHERS RETIREMENT SYSTEM","BUY","1,81,145","242.65",
"11-JUN-2025","ABCAPITAL","Aditya Birla Capital Ltd.","NORDEA 1 SICAV","BUY","4,18,320","242.65",
"11-JUN-2025","BAJFINANCE","Bajaj Finance Limited","NEW HORIZON OPPORTUNITIES MASTER FUND","SELL","1,75,000","9,592.00",
"11-JUN-2025","BAJFINANCE","Bajaj Finance Limited","NEW HORIZON OPPORTUNITIES MASTER FUND","BUY","1,75,000","9,592.00",
"11-JUN-2025","ETERNAL","ETERNAL LIMITED","MARSHALL WACE INVESTMENT STRATEGIES - EUREKA FUND","SELL","60,93,607","255.68",
"11-JUN-2025","ETERNAL","ETERNAL LIMITED","SOCIETE GENERALE","BUY","60,93,607","255.68",
"11-JUN-2025","ICICIBANK","ICICI Bank Ltd.","MARSHALL WACE INVESTMENT STRATEGIES - EUREKA FUND","SELL","1,20,405","1,422.90",
"11-JUN-2025","ICICIBANK","ICICI Bank Ltd.","SOCIETE GENERALE","BUY","1,20,405","1,422.90",
"11-JUN-2025","LT","Larsen & Toubro Limited","PI OPPORTUNITIES AIF V LLP","BUY","2,71,666","3,683.00",
"11-JUN-2025","LT","Larsen & Toubro Limited","PIONEER INVESTMENT FUND","SELL","2,71,666","3,683.00",
"11-JUN-2025","M&M","Mah & Mah Ltd.","MARSHALL WACE INVESTMENT STRATEGIES - EUREKA FUND","SELL","58,663","3,067.50",
"11-JUN-2025","M&M","Mah & Mah Ltd.","PI OPPORTUNITIES AIF V LLP","BUY","3,22,788","3,085.00",
"11-JUN-2025","M&M","Mah & Mah Ltd.","PIONEER INVESTMENT FUND","SELL","3,22,788","3,085.00",
"11-JUN-2025","M&M","Mah & Mah Ltd.","SOCIETE GENERALE","BUY","58,663","3,067.50",
"11-JUN-2025","MARKSANS","Marksans Pharma Limited","BANDHAN MUTUAL FUND","BUY","6,00,000","249.95",
"11-JUN-2025","MARKSANS","Marksans Pharma Limited","CITIGROUP GLOBAL MARKETS SINGAPORE PTE LIMITED","BUY","4,00,081","249.95",
"11-JUN-2025","MARKSANS","Marksans Pharma Limited","ORBIMED ASIA IV MAURITIUS FVCI LIMITED","SELL","1,02,73,443","249.95",
"11-JUN-2025","MARKSANS","Marksans Pharma Limited","SOCIETE GENERALE","BUY","9,20,184","249.95",
"11-JUN-2025","MARKSANS","Marksans Pharma Limited","SUBHKAM VENTURES I PRIVATE LIMITED","BUY","5,37,485","249.95",
"11-JUN-2025","MARKSANS","Marksans Pharma Limited","UNIFI BCAD FUND","BUY","5,60,000","249.95",
"11-JUN-2025","MARKSANS","Marksans Pharma Limited","UNIFI BLEND FUND 2","BUY","30,00,000","249.95",
"11-JUN-2025","MARKSANS","Marksans Pharma Limited","UNIFI CAPITAL PRIVATE LIMITED","BUY","5,94,000","249.95",
"11-JUN-2025","MARKSANS","Marksans Pharma Limited","UNIFI CAPITAL PRIVATE LIMITED -BLENDED RANGOLI","BUY","32,47,600","249.95",
"11-JUN-2025","MARKSANS","Marksans Pharma Limited","UTI MUTUAL FUND","BUY","4,14,093","249.95",
"11-JUN-2025","SCHAEFFLER","Schaeffler India Ltd","MARSHALL WACE INVESTMENT STRATEGIES - EUREKA FUND","SELL","80,807","4,199.40",
"11-JUN-2025","SCHAEFFLER","Schaeffler India Ltd","SOCIETE GENERALE","BUY","80,807","4,199.40",
"11-JUN-2025","UNOMINDA","UNO Minda Limited","MARSHALL WACE INVESTMENT STRATEGIES - EUREKA FUND","SELL","9,90,228","1,096.60",
"11-JUN-2025","UNOMINDA","UNO Minda Limited","SOCIETE GENERALE","BUY","9,90,228","1,096.60",
"11-JUN-2025","WIPRO","Wipro Ltd","AZIM PREMJI TRUST","SELL","18,05,00,000","258.99",
"11-JUN-2025","WIPRO","Wipro Ltd","PRAZIM TRADERS","BUY","5,95,00,000","258.99",
"11-JUN-2025","WIPRO","Wipro Ltd","ZASH TRADERS","BUY","12,10,00,000","258.99",