﻿"Date ","Symbol ","Security Name ","Client Name ","Buy / Sell ","Quantity Traded ","Trade Price / Wght. Avg. Price ","Remarks "
"01-SEP-2025","CARBORUNIV","Carborundum Univ Ltd","MURUGAPPAN ARUNACHALAM CHILDREN TRUST","SELL","3,00,000","915.00",
"01-SEP-2025","CARBORUNIV","Carborundum Univ Ltd","SANDHYA G PARIKH","BUY","3,00,000","915.00",
"01-SEP-2025","CGCL","Money Matters F S Limited","GOLDMAN SACHS (SINGAPORE) PTE - ODI","SELL","27,30,375","185.40",
"01-SEP-2025","CGCL","Money Matters F S Limited","GOLDMAN SACHS BANK EUROPE SE - ODI","BUY","27,30,375","185.40",
"01-SEP-2025","ETERNAL","ETERNAL LIMITED","GOLDMAN SACHS (SINGAPORE) PTE - ODI","SELL","89,88,390","313.95",
"01-SEP-2025","ETERNAL","ETERNAL LIMITED","GOLDMAN SACHS BANK EUROPE SE - ODI","BUY","89,88,390","313.95",
"01-SEP-2025","GODREJPROP","Godrej Properties Ltd","GOLDMAN SACHS (SINGAPORE) PTE - ODI","SELL","5,91,312","1,947.70",
"01-SEP-2025","GODREJPROP","Godrej Properties Ltd","GOLDMAN SACHS BANK EUROPE SE - ODI","BUY","5,91,312","1,947.70",
"01-SEP-2025","KOLTEPATIL","Kolte - Patil Developers","GOLDMAN SACHS (SINGAPORE) PTE- ODI","SELL","6,60,003","467.75",
"01-SEP-2025","KOLTEPATIL","Kolte - Patil Developers","GOLDMAN SACHS BANK EUROPE SE - ODI","BUY","6,60,003","467.75",
"01-SEP-2025","KOTAKBANK","Kotak Mahindra Bank Limit","GOLDMAN SACHS (SINGAPORE) PTE- ODI","SELL","4,91,903","1,960.30",
"01-SEP-2025","KOTAKBANK","Kotak Mahindra Bank Limit","GOLDMAN SACHS BANK EUROPE SE - ODI","BUY","4,91,903","1,960.30",
"01-SEP-2025","SHRIRAMFIN","Shriram Finance Limited","GOLDMAN SACHS (SINGAPORE) PTE- ODI","SELL","20,49,453","580.25",
"01-SEP-2025","SHRIRAMFIN","Shriram Finance Limited","GOLDMAN SACHS BANK EUROPE SE - ODI","BUY","20,49,453","580.25",