﻿"Date ","Symbol ","Security Name ","Client Name ","Buy / Sell ","Quantity Traded ","Trade Price / Wght. Avg. Price ","Remarks "
"21-JUL-2025","AXITA","Axita Cotton Limited","DHARAM PAL AGGARWAL","SELL","18,92,927","9.23","-"
"21-JUL-2025","AXITA","Axita Cotton Limited","DHARAM PAL AGGARWAL","BUY","22,36,952","9.23","-"
"21-JUL-2025","BAWEJA","Baweja Studios Limited","ALPA WEALTH CREATOR","BUY","10,400","59.57","-"
"21-JUL-2025","BAWEJA","Baweja Studios Limited","ALPA WEALTH CREATOR","SELL","1,32,000","61.93","-"
"21-JUL-2025","BAWEJA","Baweja Studios Limited","ASCENT WEALTH","BUY","1,55,200","61.87","-"
"21-JUL-2025","BCG","Lycos Internet Limited","DEVI TRADERS LLP","BUY","1,07,08,782","16.00","-"
"21-JUL-2025","BCG","Lycos Internet Limited","DEVI TRADERS LLP","SELL","1,07,08,782","16.00","-"
"21-JUL-2025","BCG","Lycos Internet Limited","MANSI SHARE AND STOCK BROKING PRIVATE LIMITED","SELL","1,54,08,221","16.00","-"
"21-JUL-2025","BCG","Lycos Internet Limited","MANSI SHARE AND STOCK BROKING PRIVATE LIMITED","BUY","2,24,50,150","16.06","-"
"21-JUL-2025","BCG","Lycos Internet Limited","NEO APEX VENTURE LLP","SELL","1,06,72,979","16.01","-"
"21-JUL-2025","BCG","Lycos Internet Limited","NEO APEX VENTURE LLP","BUY","1,65,40,394","16.00","-"
"21-JUL-2025","BIRDYS","Grill Splendour Ser Ltd","AJAY KRISHNAKANT PARIKH","BUY","51,600","145.47","-"
"21-JUL-2025","BIRDYS","Grill Splendour Ser Ltd","PARAS DOSHI","SELL","48,000","145.35","-"
"21-JUL-2025","BLUSPRING","Bluspring Enterprises Ltd","MATHISYS ADVISORS LLP","BUY","9,31,311","96.17","-"
"21-JUL-2025","BLUSPRING","Bluspring Enterprises Ltd","MATHISYS ADVISORS LLP","SELL","9,32,681","95.97","-"
"21-JUL-2025","BULKCORP","Bulkcorp International L","BONANZA PORTFOLIO LTD","SELL","31,200","91.85","-"
"21-JUL-2025","BULKCORP","Bulkcorp International L","BONANZA PORTFOLIO LTD","BUY","44,400","91.70","-"
"21-JUL-2025","DENTA","Denta Water N Infra Sol L","AAKRAYA RESEARCH LLP","BUY","2,03,508","363.49","-"
"21-JUL-2025","DENTA","Denta Water N Infra Sol L","AAKRAYA RESEARCH LLP","SELL","2,03,508","363.71","-"
"21-JUL-2025","DENTA","Denta Water N Infra Sol L","HRTI PRIVATE LIMITED","SELL","1,89,217","362.98","-"
"21-JUL-2025","DENTA","Denta Water N Infra Sol L","HRTI PRIVATE LIMITED","BUY","2,01,604","364.12","-"
"21-JUL-2025","DENTA","Denta Water N Infra Sol L","QE SECURITIES LLP","BUY","1,64,802","365.37","-"
"21-JUL-2025","DENTA","Denta Water N Infra Sol L","QE SECURITIES LLP","SELL","1,76,680","363.92","-"
"21-JUL-2025","EEPL","Eppeltone Engineers Ltd","INNOVATIVE VISION FUND","SELL","1,27,000","198.48","-"
"21-JUL-2025","FALCONTECH","Falcon Technoproj Ind Ltd","UTKARSH JAIN","SELL","36,000","15.11","-"
"21-JUL-2025","GARUDA","Garuda Construct N Eng L","AAKRAYA RESEARCH LLP","SELL","8,74,632","175.79","-"
"21-JUL-2025","GARUDA","Garuda Construct N Eng L","AAKRAYA RESEARCH LLP","BUY","8,74,632","175.76","-"
"21-JUL-2025","GARUDA","Garuda Construct N Eng L","GRAVITON RESEARCH CAPITAL LLP","BUY","8,29,350","175.41","-"
"21-JUL-2025","GARUDA","Garuda Construct N Eng L","GRAVITON RESEARCH CAPITAL LLP","SELL","8,29,350","175.64","-"
"21-JUL-2025","GARUDA","Garuda Construct N Eng L","HRTI PRIVATE LIMITED","SELL","11,80,948","175.70","-"
"21-JUL-2025","GARUDA","Garuda Construct N Eng L","HRTI PRIVATE LIMITED","BUY","12,29,894","175.18","-"
"21-JUL-2025","GARUDA","Garuda Construct N Eng L","JUNOMONETA FINSOL PRIVATE LIMITED","BUY","6,79,803","175.74","-"
"21-JUL-2025","GARUDA","Garuda Construct N Eng L","JUNOMONETA FINSOL PRIVATE LIMITED","SELL","6,79,803","175.81","-"
"21-JUL-2025","GARUDA","Garuda Construct N Eng L","MATHISYS ADVISORS LLP","SELL","7,65,146","176.08","-"
"21-JUL-2025","GARUDA","Garuda Construct N Eng L","MATHISYS ADVISORS LLP","BUY","7,66,117","175.98","-"
"21-JUL-2025","GARUDA","Garuda Construct N Eng L","OM TRADING","SELL","7,60,580","177.05","-"
"21-JUL-2025","GARUDA","Garuda Construct N Eng L","QE SECURITIES LLP","BUY","11,30,500","175.80","-"
"21-JUL-2025","GARUDA","Garuda Construct N Eng L","QE SECURITIES LLP","SELL","11,67,092","175.74","-"
"21-JUL-2025","GATECH","GACM Technologies Limited","DUBEYSHAILA  THAKURPRASAD","SELL","1,43,67,194","0.68","-"
"21-JUL-2025","JAYNECOIND","Jayaswal Neco Industr Ltd","ASSETS CARE AND RECONSTRUCTION ENTERPRISE LIMITED","SELL","85,58,653","38.55","-"
"21-JUL-2025","JGCHEM","J.G.Chemicals Limited","HRTI PRIVATE LIMITED","BUY","2,43,575","530.61","-"
"21-JUL-2025","JGCHEM","J.G.Chemicals Limited","HRTI PRIVATE LIMITED","SELL","2,47,792","536.71","-"
"21-JUL-2025","LAXMICOT","Laxmi Cotspin Limited","JATESH JAIN","BUY","1,00,160","29.73","-"
"21-JUL-2025","LAXMICOT","Laxmi Cotspin Limited","JATESH JAIN","SELL","1,00,160","28.89","-"
"21-JUL-2025","LORDSCHLO","Lords Chloro Alkali Ltd","RUNIT EXIM PRIVATE LIMITED","SELL","5,00,000","190.20","-"
"21-JUL-2025","MAMATA","Mamata Machinery Limited","AAKRAYA RESEARCH LLP","SELL","1,68,700","511.94","-"
"21-JUL-2025","MAMATA","Mamata Machinery Limited","AAKRAYA RESEARCH LLP","BUY","1,68,700","511.93","-"
"21-JUL-2025","MAMATA","Mamata Machinery Limited","HRTI PRIVATE LIMITED","BUY","2,81,605","511.62","-"
"21-JUL-2025","MAMATA","Mamata Machinery Limited","HRTI PRIVATE LIMITED","SELL","2,83,750","511.47","-"
"21-JUL-2025","MAMATA","Mamata Machinery Limited","JUNOMONETA FINSOL PRIVATE LIMITED","SELL","1,56,407","512.07","-"
"21-JUL-2025","MAMATA","Mamata Machinery Limited","JUNOMONETA FINSOL PRIVATE LIMITED","BUY","1,56,407","512.05","-"
"21-JUL-2025","MAMATA","Mamata Machinery Limited","MATHISYS ADVISORS LLP","SELL","1,84,062","514.35","-"
"21-JUL-2025","MAMATA","Mamata Machinery Limited","MATHISYS ADVISORS LLP","BUY","1,85,140","516.52","-"
"21-JUL-2025","MAMATA","Mamata Machinery Limited","QE SECURITIES LLP","SELL","2,09,424","510.45","-"
"21-JUL-2025","MAMATA","Mamata Machinery Limited","QE SECURITIES LLP","BUY","2,17,582","514.78","-"
"21-JUL-2025","MASTEK","Mastek Ltd","GRAVITON RESEARCH CAPITAL LLP","SELL","3,79,956","2,706.83","-"
"21-JUL-2025","MASTEK","Mastek Ltd","GRAVITON RESEARCH CAPITAL LLP","BUY","3,80,001","2,704.58","-"
"21-JUL-2025","MASTEK","Mastek Ltd","MUSIGMA SECURITIES","SELL","1,79,200","2,720.94","-"
"21-JUL-2025","MASTEK","Mastek Ltd","MUSIGMA SECURITIES","BUY","1,79,200","2,719.44","-"
"21-JUL-2025","NARMADA","Narmada Agrobase Limited","IRAGE BROKING SERVICES LLP","SELL","3,85,505","22.56","-"
"21-JUL-2025","NARMADA","Narmada Agrobase Limited","IRAGE BROKING SERVICES LLP","BUY","4,13,700","22.52","-"
"21-JUL-2025","NARMADA","Narmada Agrobase Limited","RIMPY MITTAL","SELL","5,39,096","22.61","-"
"21-JUL-2025","NARMADA","Narmada Agrobase Limited","RIMPY MITTAL","BUY","5,62,193","22.66","-"
"21-JUL-2025","OLIL","Oneclick Logistics Ind L","JYOTI AJAY KUMAR GUPTA","BUY","36,000","207.51","-"
"21-JUL-2025","PARADEEP","Paradeep Phosphates Ltd","GRAVITON RESEARCH CAPITAL LLP","SELL","41,49,007","187.02","-"
"21-JUL-2025","PARADEEP","Paradeep Phosphates Ltd","GRAVITON RESEARCH CAPITAL LLP","BUY","41,50,213","186.91","-"
"21-JUL-2025","POLYSIL","Polysil Irrigation Syst L","MANDALIYA UDAY KANAIYALAL","BUY","1,62,000","97.75","-"
"21-JUL-2025","POLYSIL","Polysil Irrigation Syst L","NEO APEX VENTURE LLP","SELL","5,68,000","97.75","-"
"21-JUL-2025","PROSTARM","Prostarm Info Systems Ltd","HRTI PRIVATE LIMITED","BUY","6,85,779","226.72","-"
"21-JUL-2025","PROSTARM","Prostarm Info Systems Ltd","HRTI PRIVATE LIMITED","SELL","7,51,641","226.36","-"
"21-JUL-2025","RAJINDLTD","Rajputana Industries Ltd","HOLANI VENTURE CAPITAL FUND- I","BUY","1,59,000","94.71","-"
"21-JUL-2025","SEPCPP","SEPC Rs.5 ppd up","INDUSIND BANK LIMITED","SELL","49,65,441","6.12","-"
"21-JUL-2025","SILKY","Silky Overseas Limited","INVESTI GLOBAL OPPORTUNITY FUND PCC - CELL 1","BUY","73,600","137.95","-"
"21-JUL-2025","SILKY","Silky Overseas Limited","SOCRADAMUS CAPITAL PRIVATE LIMITED  .","SELL","74,400","137.94","-"
"21-JUL-2025","SMARTEN","Smarten Power Systems Ltd","MANSI SHARE AND STOCK BROKING PRIVATE LIMITED","BUY","1,62,000","129.85","-"
"21-JUL-2025","SPUNWEB","Spunweb Nonwoven Limited","DEVI TRADERS LLP","BUY","2,76,000","157.89","-"
"21-JUL-2025","SPUNWEB","Spunweb Nonwoven Limited","GANDHI SURESH AMRITLAL","BUY","1,63,200","151.00","-"
"21-JUL-2025","SPUNWEB","Spunweb Nonwoven Limited","ISHAAN TRADEFIN LLP","BUY","2,37,600","157.83","-"
"21-JUL-2025","SPUNWEB","Spunweb Nonwoven Limited","MANSI SHARE AND STOCK BROKING PRIVATE LIMITED","BUY","1,40,400","158.55","-"
"21-JUL-2025","SPUNWEB","Spunweb Nonwoven Limited","PRITESH PRAVINCHANDRA VORA","BUY","3,24,000","154.26","-"
"21-JUL-2025","SUYOG","Suyog Telematics Limited","DORITE TRACON PRIVATE LIMITED","BUY","1,00,000","880.00","-"
"21-JUL-2025","SUYOG","Suyog Telematics Limited","FORTUNE SMART LIFESTYLE PRIVATE LIMITED","SELL","2,99,807","880.00","-"
"21-JUL-2025","SUYOG","Suyog Telematics Limited","NARANTAK DEALCOMM LIMITED","BUY","2,00,000","880.00","-"
"21-JUL-2025","TFCILTD","Tourism Finance Corp","JAINAM BROKING LIMITED","SELL","3,000","284.20","-"
"21-JUL-2025","TFCILTD","Tourism Finance Corp","JAINAM BROKING LIMITED","BUY","4,63,000","282.92","-"
"21-JUL-2025","TI","Tilaknagar Industries Ltd","GRAVITON RESEARCH CAPITAL LLP","SELL","19,16,678","425.76","-"
"21-JUL-2025","TI","Tilaknagar Industries Ltd","GRAVITON RESEARCH CAPITAL LLP","BUY","19,17,560","425.64","-"
"21-JUL-2025","TI","Tilaknagar Industries Ltd","HRTI PRIVATE LIMITED","SELL","16,19,467","424.85","-"
"21-JUL-2025","TI","Tilaknagar Industries Ltd","HRTI PRIVATE LIMITED","BUY","16,30,664","424.90","-"
"21-JUL-2025","TI","Tilaknagar Industries Ltd","QE SECURITIES LLP","BUY","10,27,146","427.09","-"
"21-JUL-2025","TI","Tilaknagar Industries Ltd","QE SECURITIES LLP","SELL","10,99,103","426.21","-"
"21-JUL-2025","TTL-RE","T T Ltd","CROMEWELL ENTERPRISE PRIVATE LIMITED","BUY","2,72,433","0.80","-"
"21-JUL-2025","TTL-RE","T T Ltd","NADEEM AKHTAR","SELL","6,826","0.93","-"
"21-JUL-2025","TTL-RE","T T Ltd","NADEEM AKHTAR","BUY","3,40,000","0.69","-"
"21-JUL-2025","TTL-RE","T T Ltd","SAHIL ARORA","BUY","5,00,000","1.00","-"
"21-JUL-2025","TTL-RE","T T Ltd","SUBHASH PHOOTARMAL RATHOD","SELL","6,58,356","0.68","-"
"21-JUL-2025","TTL-RE","T T Ltd","T T BRANDS LIMITED","SELL","18,53,337","0.88","-"
"21-JUL-2025","VOLERCAR","Voler Car Limited","M PRASAD & CO LIMITED","SELL","86,400","134.45","-"
"21-JUL-2025","VOLERCAR","Voler Car Limited","YUGA STOCKS AND COMMODITIES PRIVATE LIMITED","BUY","57,600","134.45","-"
"21-JUL-2025","VOLERCAR","Voler Car Limited","YUGA STOCKS AND COMMODITIES PRIVATE LIMITED","SELL","57,600","134.45","-"
"21-JUL-2025","WENDT","Wendt (India) Ltd.","GRAVITON RESEARCH CAPITAL LLP","SELL","16,773","11,882.14","-"
"21-JUL-2025","WENDT","Wendt (India) Ltd.","GRAVITON RESEARCH CAPITAL LLP","BUY","16,773","11,877.02","-"
"21-JUL-2025","WENDT","Wendt (India) Ltd.","HRTI PRIVATE LIMITED","SELL","25,611","11,856.16","-"
"21-JUL-2025","WENDT","Wendt (India) Ltd.","HRTI PRIVATE LIMITED","BUY","27,114","11,801.37","-"
"21-JUL-2025","WENDT","Wendt (India) Ltd.","JUNOMONETA FINSOL PRIVATE LIMITED","SELL","10,610","11,656.23","-"
"21-JUL-2025","WENDT","Wendt (India) Ltd.","JUNOMONETA FINSOL PRIVATE LIMITED","BUY","10,610","11,667.05","-"
"21-JUL-2025","WENDT","Wendt (India) Ltd.","NK SECURITIES RESEARCH PRIVATE LIMITED","BUY","16,893","11,386.55","-"
"21-JUL-2025","WENDT","Wendt (India) Ltd.","NK SECURITIES RESEARCH PRIVATE LIMITED","SELL","16,893","11,393.71","-"
"21-JUL-2025","WENDT","Wendt (India) Ltd.","QE SECURITIES LLP","SELL","13,168","11,702.92","-"
"21-JUL-2025","WENDT","Wendt (India) Ltd.","QE SECURITIES LLP","BUY","14,293","11,645.26","-"