﻿"Date ","Symbol ","Security Name ","Client Name ","Buy / Sell ","Quantity Traded ","Trade Price / Wght. Avg. Price ","Remarks "
"17-OCT-2025","ASTEC","Astec LifeSciences Ltd","GRAVITON RESEARCH CAPITAL LLP","SELL","1,68,195","794.30","-"
"17-OCT-2025","ASTEC","Astec LifeSciences Ltd","GRAVITON RESEARCH CAPITAL LLP","BUY","1,68,195","793.71","-"
"17-OCT-2025","ASTEC","Astec LifeSciences Ltd","IRAGE BROKING SERVICES LLP","SELL","1,03,719","787.76","-"
"17-OCT-2025","ASTEC","Astec LifeSciences Ltd","IRAGE BROKING SERVICES LLP","BUY","1,21,302","782.27","-"
"17-OCT-2025","ASTEC","Astec LifeSciences Ltd","MUSIGMA SECURITIES","BUY","1,25,439","775.50","-"
"17-OCT-2025","ASTEC","Astec LifeSciences Ltd","MUSIGMA SECURITIES","SELL","1,25,439","776.50","-"
"17-OCT-2025","ASTEC","Astec LifeSciences Ltd","NK SECURITIES RESEARCH PRIVATE LIMITED","SELL","1,66,688","790.42","-"
"17-OCT-2025","ASTEC","Astec LifeSciences Ltd","NK SECURITIES RESEARCH PRIVATE LIMITED","BUY","1,66,688","789.86","-"
"17-OCT-2025","ASTEC","Astec LifeSciences Ltd","SILVERLEAF CAPITAL SERVICES PRIVATE LIMITED","SELL","1,23,638","788.13","-"
"17-OCT-2025","ASTEC","Astec LifeSciences Ltd","SILVERLEAF CAPITAL SERVICES PRIVATE LIMITED","BUY","1,23,638","787.81","-"
"17-OCT-2025","ATALREAL","Atal Realtech Limited","ALTIZEN VENTURES LLP","BUY","2,441","23.52","-"
"17-OCT-2025","ATALREAL","Atal Realtech Limited","ALTIZEN VENTURES LLP","SELL","6,70,910","23.57","-"
"17-OCT-2025","ATALREAL","Atal Realtech Limited","CULLINAN OPPRTS FUND VCC-CULLINAN OPPORTUNITIES INCORPORATED VCC SUB FUND 1","BUY","8,30,000","23.57","-"
"17-OCT-2025","ATALREAL","Atal Realtech Limited","MARKET-HUB STOCK BROKING PVT. LTD.","BUY","2,92,837","23.56","-"
"17-OCT-2025","ATALREAL","Atal Realtech Limited","MARKET-HUB STOCK BROKING PVT. LTD.","SELL","6,85,749","23.30","-"
"17-OCT-2025","BIRDYS","Grill Splendour Ser Ltd","PRREETI JAIIN NAINUTIA","SELL","81,600","123.50","-"
"17-OCT-2025","BIRDYS","Grill Splendour Ser Ltd","RESONANCE OPPORTUNITIES FUND","BUY","81,600","123.50","-"
"17-OCT-2025","BLS","BLS Intl Servs Ltd","GRAVITON RESEARCH CAPITAL LLP","SELL","21,19,550","330.66","-"
"17-OCT-2025","BLS","BLS Intl Servs Ltd","GRAVITON RESEARCH CAPITAL LLP","BUY","21,19,981","330.38","-"
"17-OCT-2025","BLS","BLS Intl Servs Ltd","JUNOMONETA FINSOL PRIVATE LIMITED","SELL","21,18,417","330.68","-"
"17-OCT-2025","BLS","BLS Intl Servs Ltd","JUNOMONETA FINSOL PRIVATE LIMITED","BUY","21,18,417","330.49","-"
"17-OCT-2025","CANHLIFE","Canara HSBC Life Ins Co L","OXBOW MASTER FUND LIMITED","SELL","1,64,44,730","110.15","-"
"17-OCT-2025","CURRENT","Current Infraprojects Ltd","BENANI CAPITAL SCHEME 1","BUY","96,000","152.60","-"
"17-OCT-2025","DELHIVERY","Delhivery Limited","SMALLCAP WORLD FUND INC","SELL","39,17,927","448.35","-"
"17-OCT-2025","DIVYADHAN","Divyadhan Recycling Ind L","SETU SECURITIES PRIVATE LIMITED","SELL","78,000","38.21","-"
"17-OCT-2025","DTIL","Dhunseri Tea & Ind. Ltd.","WEST BENGAL INDUSTRIAL DEVELOPMENT CORPORATION LIMITED","SELL","1,08,508","154.77","-"
"17-OCT-2025","DVL","Dhunseri Petrochem Limite","NEO APEX VENTURE LLP","SELL","1,37,394","294.32","-"
"17-OCT-2025","DVL","Dhunseri Petrochem Limite","NEO APEX VENTURE LLP","BUY","2,46,161","295.28","-"
"17-OCT-2025","DVL","Dhunseri Petrochem Limite","WEST BENGAL INDUSTRIAL DEVELOPMENT CORPORATION LIMITED","SELL","6,10,863","307.84","-"
"17-OCT-2025","EFFWA","Effwa Infra & Research L","H.H.LAKHANI LLP","SELL","1,18,400","202.47","-"
"17-OCT-2025","EXXARO","Exxaro Tiles Limited","DEEP DIAMOND INDIA LIMITED","BUY","40,00,000","7.48","-"
"17-OCT-2025","EXXARO","Exxaro Tiles Limited","RAMESH LAL","SELL","24,67,148","7.45","-"
"17-OCT-2025","FABTECH","Fabtech Technologies Ltd","ASTORNE CAPITAL VCC ARVEN","BUY","5,00,000","182.00","-"
"17-OCT-2025","GAYAHWS","Gayatri Highways Limited","NEO APEX VENTURE LLP","SELL","13,08,082","3.69","-"
"17-OCT-2025","GMBREW","GM Breweries Ltd.","GROWTH SECURITIES PRIVATE LIMITED","SELL","1,29,256","1,126.84","-"
"17-OCT-2025","GMBREW","GM Breweries Ltd.","GROWTH SECURITIES PRIVATE LIMITED","BUY","1,29,359","1,126.68","-"
"17-OCT-2025","GMBREW","GM Breweries Ltd.","HRTI PRIVATE LIMITED","BUY","3,06,932","1,132.76","-"
"17-OCT-2025","GMBREW","GM Breweries Ltd.","HRTI PRIVATE LIMITED","SELL","3,31,990","1,142.02","-"
"17-OCT-2025","GMBREW","GM Breweries Ltd.","JUNOMONETA FINSOL PRIVATE LIMITED","SELL","4,82,486","1,135.36","-"
"17-OCT-2025","GMBREW","GM Breweries Ltd.","JUNOMONETA FINSOL PRIVATE LIMITED","BUY","4,82,512","1,134.62","-"
"17-OCT-2025","GMBREW","GM Breweries Ltd.","MUSIGMA SECURITIES","BUY","1,20,143","1,133.93","-"
"17-OCT-2025","GMBREW","GM Breweries Ltd.","MUSIGMA SECURITIES","SELL","1,20,143","1,134.63","-"
"17-OCT-2025","GMBREW","GM Breweries Ltd.","QE SECURITIES LLP","BUY","1,66,395","1,131.79","-"
"17-OCT-2025","GMBREW","GM Breweries Ltd.","QE SECURITIES LLP","SELL","1,66,814","1,138.05","-"
"17-OCT-2025","GUJRAFFIA","Gujarat Raffia Inds Ltd","LIESHA CORPORATION PRIVATE LIMITED .","BUY","60,125","64.58","-"
"17-OCT-2025","GUJRAFFIA","Gujarat Raffia Inds Ltd","LIESHA CORPORATION PRIVATE LIMITED .","SELL","74,012","63.39","-"
"17-OCT-2025","GUJRAFFIA","Gujarat Raffia Inds Ltd","NEO APEX VENTURE LLP","SELL","40,000","64.62","-"
"17-OCT-2025","GUJRAFFIA","Gujarat Raffia Inds Ltd","NEO APEX VENTURE LLP","BUY","40,000","64.24","-"
"17-OCT-2025","GURUNANAK","Gurunanak Agricultur In L","RAJEEV S MAHESHWARI HUF","SELL","60,800","32.25","-"
"17-OCT-2025","GURUNANAK","Gurunanak Agricultur In L","RAJEEV S MAHESHWARI HUF","BUY","60,800","32.00","-"
"17-OCT-2025","HYBRIDFIN","Hybrid Financial Services","NIKUNJ SHAH","BUY","1,78,111","25.06","-"
"17-OCT-2025","HYBRIDFIN","Hybrid Financial Services","NIKUNJ SHAH","SELL","1,78,111","25.14","-"
"17-OCT-2025","HYBRIDFIN","Hybrid Financial Services","NK SECURITIES RESEARCH PRIVATE LIMITED","SELL","1,70,216","24.33","-"
"17-OCT-2025","HYBRIDFIN","Hybrid Financial Services","NK SECURITIES RESEARCH PRIVATE LIMITED","BUY","1,70,216","24.26","-"
"17-OCT-2025","IRBINVIT","IRB InvIT Fund","IIFL FINANCE LIMITED","SELL","1,16,66,667","60.43","-"
"17-OCT-2025","IRBINVIT","IRB InvIT Fund","LTIMINDTREE LIMITED","BUY","1,00,00,000","60.93","-"
"17-OCT-2025","LYPSAGEMS","Lypsa Gems & Jewel Ltd","ANKIT  MITTAL","SELL","2,79,758","6.10","-"
"17-OCT-2025","MARKOLINES","Markolines Pavement Tec L","L7 HITECH PRIVATE LIMITED","BUY","41,413","168.91","-"
"17-OCT-2025","MARKOLINES","Markolines Pavement Tec L","L7 HITECH PRIVATE LIMITED","SELL","1,64,410","164.48","-"
"17-OCT-2025","MPEL","Manas Polymer N Energie L","AMIT CHAUDHARY","BUY","51,200","100.30","-"
"17-OCT-2025","MPEL","Manas Polymer N Energie L","AVIRAT ENTERPRISE","SELL","9,600","110.80","-"
"17-OCT-2025","MPEL","Manas Polymer N Energie L","AVIRAT ENTERPRISE","BUY","52,800","100.62","-"
"17-OCT-2025","MPEL","Manas Polymer N Energie L","CRAFT EMERGING MARKET FUND PCC- ELITE CAPITAL FUND","SELL","2,16,000","100.30","-"
"17-OCT-2025","MPEL","Manas Polymer N Energie L","KAMALKUMAR NATAVARLAL SANGANI","BUY","2,64,000","100.30","-"
"17-OCT-2025","MPEL","Manas Polymer N Energie L","LINTON CONSULTANTS PRIVATE LIMITED","BUY","1,52,000","100.30","-"
"17-OCT-2025","MPEL","Manas Polymer N Energie L","NEO APEX VENTURE LLP","SELL","1,600","100.30","-"
"17-OCT-2025","MPEL","Manas Polymer N Energie L","NEO APEX VENTURE LLP","BUY","1,68,000","100.30","-"
"17-OCT-2025","MPEL","Manas Polymer N Energie L","PERENNIAL EMERGING GROWTH FUND","BUY","64,000","101.88","-"
"17-OCT-2025","MPEL","Manas Polymer N Energie L","VIDITA BHAGYESH SONI","SELL","6,80,000","100.30","-"
"17-OCT-2025","MTARTECH","MTAR Technologies Limited","BNP PARIBAS FINANCIAL MARKETS","BUY","3,53,102","2,288.52","-"
"17-OCT-2025","PACEDIGITK","Pace Digitek Limited","GRD SECURITIES LIMITED","SELL","11,59,114","218.53","-"
"17-OCT-2025","PACEDIGITK","Pace Digitek Limited","GRD SECURITIES LIMITED","BUY","11,59,114","216.12","-"
"17-OCT-2025","PACEDIGITK","Pace Digitek Limited","L7 HITECH PRIVATE LIMITED","BUY","11,75,533","217.78","-"
"17-OCT-2025","PACEDIGITK","Pace Digitek Limited","L7 HITECH PRIVATE LIMITED","SELL","17,41,797","215.93","-"
"17-OCT-2025","POCL","Pondy Oxides & Chem Ltd","GRAVITON RESEARCH CAPITAL LLP","BUY","1,80,940","1,420.16","-"
"17-OCT-2025","POCL","Pondy Oxides & Chem Ltd","GRAVITON RESEARCH CAPITAL LLP","SELL","1,80,940","1,421.17","-"
"17-OCT-2025","POCL","Pondy Oxides & Chem Ltd","HRTI PRIVATE LIMITED","SELL","2,28,889","1,418.18","-"
"17-OCT-2025","POCL","Pondy Oxides & Chem Ltd","HRTI PRIVATE LIMITED","BUY","2,46,791","1,428.56","-"
"17-OCT-2025","POCL","Pondy Oxides & Chem Ltd","JUNOMONETA FINSOL PRIVATE LIMITED","SELL","1,55,574","1,421.40","-"
"17-OCT-2025","POCL","Pondy Oxides & Chem Ltd","JUNOMONETA FINSOL PRIVATE LIMITED","BUY","1,55,585","1,420.56","-"
"17-OCT-2025","RAPPID","Rappid Valves (India) Ltd","MANJU SINGHI","BUY","27,000","306.35","-"
"17-OCT-2025","RELIABLE","Reliable Data Service Ltd","ARYAMAN CAPITAL MARKETS LIMITED","BUY","52,000","129.99","-"
"17-OCT-2025","RELIABLE","Reliable Data Service Ltd","OM PRAMILA STOCKS PRIVATE LIMITED","BUY","55,962","129.99","-"
"17-OCT-2025","SAMAY","Samay Project Services L","HI GROWTH CORPORATE SERVICES PVT LTD","BUY","1,24,000","46.72","-"
"17-OCT-2025","SAMAY","Samay Project Services L","HI GROWTH CORPORATE SERVICES PVT LTD","SELL","1,24,000","46.95","-"
"17-OCT-2025","SAMAY","Samay Project Services L","HJS SECURITIES PRIVATE LIMITED","SELL","72,000","47.22","-"
"17-OCT-2025","SAMAY","Samay Project Services L","HJS SECURITIES PRIVATE LIMITED","BUY","80,000","47.20","-"
"17-OCT-2025","SBC","SBC Exports Limited","PRONTO SECURITIES PRIVATE LIMITED","BUY","24,64,198","23.24","-"
"17-OCT-2025","SHANTIGOLD","Shanti Gold Internation L","L7 SECURITIES PRIVATE LIMITED","SELL","4,10,800","201.21","-"
"17-OCT-2025","SHAREINDIA","Share Ind. Securities Ltd","GRAVITON RESEARCH CAPITAL LLP","BUY","24,65,090","194.42","-"
"17-OCT-2025","SHAREINDIA","Share Ind. Securities Ltd","GRAVITON RESEARCH CAPITAL LLP","SELL","24,65,090","194.66","-"
"17-OCT-2025","SHRINGARMS","Shringar Hou of Mangals L","MILAN RAMESH THAKKAR","BUY","5,87,178","197.42","-"
"17-OCT-2025","SILKY","Silky Overseas Limited","VINCENT COMMERCIAL COMPANY LIMITED","BUY","36,000","135.49","-"
"17-OCT-2025","VIJAYPD","Vijaypd Ceutical Limited","PARSHVA TRADING","BUY","1,00,000","47.43","-"
"17-OCT-2025","WHIRLPOOL","Whirlpool of India Ltd","GRAVITON RESEARCH CAPITAL LLP","SELL","7,19,998","1,348.44","-"
"17-OCT-2025","WHIRLPOOL","Whirlpool of India Ltd","GRAVITON RESEARCH CAPITAL LLP","BUY","7,19,998","1,347.15","-"