﻿"Date ","Symbol ","Security Name ","Client Name ","Buy / Sell ","Quantity Traded ","Trade Price / Wght. Avg. Price ","Remarks "
"29-SEP-2025","AAATECH","AAA Technologies Limited","CRAFT EMERGING MARKET FUND PCC- CITADEL CAPITAL FUND","BUY","4,00,000","78.60","-"
"29-SEP-2025","AAATECH","AAA Technologies Limited","RUCHI ANJAY AGARWAL","SELL","4,00,000","78.60","-"
"29-SEP-2025","AETHER","Aether Industries Limited","AMANSA HOLDINGS PRIVATE LIMITED","BUY","12,82,613","735.00","-"
"29-SEP-2025","AETHER","Aether Industries Limited","GOLDMAN SACHS FDS GOLDMAN SACHS INDIA EQ PORTFOLIO","SELL","11,51,084","735.01","-"
"29-SEP-2025","ANZEN","Anzen Ind Ene Yld Plu Tru","GO DIGIT GENERAL INSURANCE LIMITED","BUY","21,75,000","115.00","-"
"29-SEP-2025","ANZEN","Anzen Ind Ene Yld Plu Tru","SEPL ENERGY PRIVATE LIMITED","SELL","51,50,000","115.00","-"
"29-SEP-2025","ATAM","Atam Valves Limited","ORION STOCKS LTD","BUY","33,653","90.25","-"
"29-SEP-2025","ATAM","Atam Valves Limited","ORION STOCKS LTD","SELL","67,626","91.10","-"
"29-SEP-2025","ATLANTAELE","Atlanta Electricals Ltd","JUNOMONETA FINSOL PRIVATE LIMITED","BUY","4,40,308","829.77","-"
"29-SEP-2025","ATLANTAELE","Atlanta Electricals Ltd","JUNOMONETA FINSOL PRIVATE LIMITED","SELL","4,40,312","830.25","-"
"29-SEP-2025","ATLANTAELE","Atlanta Electricals Ltd","TEENA K MORBIA","SELL","18,560","830.78","-"
"29-SEP-2025","ATLANTAELE","Atlanta Electricals Ltd","TEENA K MORBIA","BUY","5,33,560","841.65","-"
"29-SEP-2025","AXITA","Axita Cotton Limited","DHARAM PAL AGGARWAL","SELL","13,84,772","8.76","-"
"29-SEP-2025","AXITA","Axita Cotton Limited","DHARAM PAL AGGARWAL","BUY","21,68,536","8.80","-"
"29-SEP-2025","BHADORA","Bhadora Industries Ltd","ANANT WEALTH CONSULTANTS PRIVATE LIMITED","SELL","3,600","99.03","-"
"29-SEP-2025","BHADORA","Bhadora Industries Ltd","ANANT WEALTH CONSULTANTS PRIVATE LIMITED","BUY","93,600","99.98","-"
"29-SEP-2025","BHARATFORG","Bharat Forge Ltd","MOTILAL OSWAL MUTUAL FUND","BUY","31,02,941","1,217.32","-"
"29-SEP-2025","BHARATGEAR","Bharat Gears Ltd","AJAYKAUMAR JAMNALAL PUJARA","SELL","1,00,000","148.25","-"
"29-SEP-2025","BHARATGEAR","Bharat Gears Ltd","ALPHAGREP SECURITIES PRIVATE LIMITED","BUY","4,61,440","147.68","-"
"29-SEP-2025","BHARATGEAR","Bharat Gears Ltd","ALPHAGREP SECURITIES PRIVATE LIMITED","SELL","4,61,440","147.77","-"
"29-SEP-2025","BHARATGEAR","Bharat Gears Ltd","DIPAN MEHTA COMMODITIES PRIVATE LIMITED","SELL","1,35,299","148.74","-"
"29-SEP-2025","BHARATGEAR","Bharat Gears Ltd","DIPAN MEHTA COMMODITIES PRIVATE LIMITED","BUY","1,35,299","147.72","-"
"29-SEP-2025","BHARATGEAR","Bharat Gears Ltd","GRT STRATEGIC VENTURES LLP","BUY","1,78,767","147.60","-"
"29-SEP-2025","BHARATGEAR","Bharat Gears Ltd","GRT STRATEGIC VENTURES LLP","SELL","1,78,767","147.69","-"
"29-SEP-2025","BHARATGEAR","Bharat Gears Ltd","IRAGE BROKING SERVICES LLP","SELL","1,26,106","146.22","-"
"29-SEP-2025","BHARATGEAR","Bharat Gears Ltd","IRAGE BROKING SERVICES LLP","BUY","1,32,875","146.41","-"
"29-SEP-2025","BHARATGEAR","Bharat Gears Ltd","JUNOMONETA FINSOL PRIVATE LIMITED","SELL","3,29,989","147.44","-"
"29-SEP-2025","BHARATGEAR","Bharat Gears Ltd","JUNOMONETA FINSOL PRIVATE LIMITED","BUY","3,29,989","147.23","-"
"29-SEP-2025","BHARATGEAR","Bharat Gears Ltd","KUMAR NARASIMHULUNAIDU MULAPALLI","SELL","1,15,010","147.29","-"
"29-SEP-2025","BHARATGEAR","Bharat Gears Ltd","KUMAR NARASIMHULUNAIDU MULAPALLI","BUY","1,15,010","146.27","-"
"29-SEP-2025","BHARATGEAR","Bharat Gears Ltd","MICROCURVES TRADING PRIVATE LIMITED","BUY","1,34,368","147.75","-"
"29-SEP-2025","BHARATGEAR","Bharat Gears Ltd","MICROCURVES TRADING PRIVATE LIMITED","SELL","1,34,368","147.76","-"
"29-SEP-2025","BHARATGEAR","Bharat Gears Ltd","NK SECURITIES RESEARCH PRIVATE LIMITED","BUY","2,22,554","147.08","-"
"29-SEP-2025","BHARATGEAR","Bharat Gears Ltd","NK SECURITIES RESEARCH PRIVATE LIMITED","SELL","2,22,554","147.13","-"
"29-SEP-2025","BHARATGEAR","Bharat Gears Ltd","PANKAJ GUDURI","BUY","96,500","147.25","-"
"29-SEP-2025","BHARATGEAR","Bharat Gears Ltd","PANKAJ GUDURI","SELL","96,500","146.84","-"
"29-SEP-2025","BHARATGEAR","Bharat Gears Ltd","PATRONUS TRADETECH LLP","BUY","75,638","147.04","-"
"29-SEP-2025","BHARATGEAR","Bharat Gears Ltd","PATRONUS TRADETECH LLP","SELL","78,192","146.83","-"
"29-SEP-2025","BHARATGEAR","Bharat Gears Ltd","PRAPANCH A JAGADISH","BUY","12,26,898","147.58","-"
"29-SEP-2025","BHARATGEAR","Bharat Gears Ltd","PRAPANCH A JAGADISH","SELL","12,26,898","146.21","-"
"29-SEP-2025","BHARATGEAR","Bharat Gears Ltd","QE SECURITIES LLP","SELL","1,43,265","147.11","-"
"29-SEP-2025","BHARATGEAR","Bharat Gears Ltd","QE SECURITIES LLP","BUY","1,43,314","146.61","-"
"29-SEP-2025","BHARATGEAR","Bharat Gears Ltd","RAMANI SAPNA CHETANBHAI","BUY","94,449","146.84","-"
"29-SEP-2025","BHARATGEAR","Bharat Gears Ltd","RAMANI SAPNA CHETANBHAI","SELL","94,449","147.24","-"
"29-SEP-2025","BHARATGEAR","Bharat Gears Ltd","SETU SECURITIES PRIVATE LIMITED","BUY","2,30,858","145.55","-"
"29-SEP-2025","BHARATGEAR","Bharat Gears Ltd","SETU SECURITIES PRIVATE LIMITED","SELL","2,30,858","146.66","-"
"29-SEP-2025","BHARATGEAR","Bharat Gears Ltd","SILVERLEAF CAPITAL SERVICES PRIVATE LIMITED","SELL","1,25,589","147.20","-"
"29-SEP-2025","BHARATGEAR","Bharat Gears Ltd","SILVERLEAF CAPITAL SERVICES PRIVATE LIMITED","BUY","1,25,589","147.03","-"
"29-SEP-2025","BIKEWO","Bikewo Green Tech Limited","VENUMUDDALA VIVEK REDDY","SELL","86,000","15.27","-"
"29-SEP-2025","CAMLINFINE","Camlin Fine Sciences Ltd","AKSHAT GREENTECH PRIVATE LIMITED","BUY","10,00,000","200.08","-"
"29-SEP-2025","DCXINDIA","DCX Systems Limited","MOTILAL OSWAL MUTUAL FUND","SELL","7,37,191","242.62","-"
"29-SEP-2025","ESFL","Essen Speciality Films L","ABLY COMMERCE PRIVATE LIMITED","SELL","1,39,320","285.00","-"
"29-SEP-2025","ESFL","Essen Speciality Films L","YAGNIK BHARATKUMAR TANK","BUY","2,89,800","285.75","-"
"29-SEP-2025","GANESHCP","Ganesh Consumer Product L","JUNOMONETA FINSOL PRIVATE LIMITED","BUY","2,97,432","301.87","-"
"29-SEP-2025","GANESHCP","Ganesh Consumer Product L","JUNOMONETA FINSOL PRIVATE LIMITED","SELL","2,97,434","301.96","-"
"29-SEP-2025","GMRP&UI","GMR Pow and Urban Infra L","RAJASTHAN GLOBAL SECURITIES PRIVATE LIMITED","SELL","40,00,000","116.25","-"
"29-SEP-2025","HEROMOTOCO","Hero MotoCorp Limited","BNP PARIBAS FINANCIAL MARKETS","BUY","19,52,065","5,302.91","-"
"29-SEP-2025","INDUSINDBK","IndusInd Bank Ltd.","BNP PARIBAS FINANCIAL MARKETS","SELL","7,969","728.15","-"
"29-SEP-2025","INDUSINDBK","IndusInd Bank Ltd.","BNP PARIBAS FINANCIAL MARKETS","BUY","1,06,64,803","723.60","-"
"29-SEP-2025","KANDARP","Kandarp Dg Smart Bpo Ltd","PASHUPATI CAPITA SER PVT LTD","SELL","52,000","99.90","-"
"29-SEP-2025","KCK","Kck Industries Limited","MANSUKH SECURITIES & FINANCE LIMITED","SELL","62,500","41.23","-"
"29-SEP-2025","KCK","Kck Industries Limited","MANSUKH SECURITIES & FINANCE LIMITED","BUY","4,17,500","43.00","-"
"29-SEP-2025","MAXHEALTH","Max Healthcare Ins Ltd","BNP PARIBAS FINANCIAL MARKETS","BUY","3,53,042","1,125.02","-"
"29-SEP-2025","MAXHEALTH","Max Healthcare Ins Ltd","BNP PARIBAS FINANCIAL MARKETS","SELL","82,90,713","1,111.66","-"
"29-SEP-2025","MGEL","Mangalam Global Ent Ltd","CHUNGATH KARUNAKARAN PADMA KUMAR","SELL","79,51,886","16.25","-"
"29-SEP-2025","MGEL","Mangalam Global Ent Ltd","L7 HITECH PRIVATE LIMITED","BUY","20,00,000","16.27","-"
"29-SEP-2025","MOBIKWIK","One Mobikwik Systems Ltd","SARAVANA SECURITIES  D.SATHYAMOORTHI","BUY","8,00,100","252.03","-"
"29-SEP-2025","MOBIKWIK","One Mobikwik Systems Ltd","SSPL SECURITIES PRIVATE LIMITED","SELL","8,00,100","251.99","-"
"29-SEP-2025","MUNJALAU","Munjal Auto Industries Li","HRTI PRIVATE LIMITED","BUY","5,15,214","109.68","-"
"29-SEP-2025","MUNJALAU","Munjal Auto Industries Li","HRTI PRIVATE LIMITED","SELL","5,24,543","109.72","-"
"29-SEP-2025","NIBE","NIBE Limited","GANESH RAMESH NIBE","BUY","1,72,634","1,411.03","-"
"29-SEP-2025","OLIL","Oneclick Logistics Ind L","MATALIA STOCK BROKING PRIVATE LIMITED","BUY","20,400","274.73","-"
"29-SEP-2025","OLIL","Oneclick Logistics Ind L","MATALIA STOCK BROKING PRIVATE LIMITED","SELL","20,400","278.16","-"
"29-SEP-2025","OMFURN","Omfurn India Limited","GRETEX SHARE BROKING LIMITED","BUY","1,45,200","120.40","-"
"29-SEP-2025","ONDOOR","On Door Concepts Limited","BAPNA SWATI","SELL","63,300","141.13","-"
"29-SEP-2025","ONDOOR","On Door Concepts Limited","FINEQUI SECURITIES PRIVATE LIMITED","BUY","41,100","141.09","-"
"29-SEP-2025","ONDOOR","On Door Concepts Limited","GOOD VIBES SECURITIES PRIVATE LIMITED","BUY","30,000","142.00","-"
"29-SEP-2025","PRIMECAB","Prime Cable Industries L","AFTERTRADE BROKING PRIVATE LIMITED","BUY","92,800","81.00","-"
"29-SEP-2025","PRIMECAB","Prime Cable Industries L","ALACRITY SECURITIES LTD","SELL","6,400","79.25","-"
"29-SEP-2025","PRIMECAB","Prime Cable Industries L","ALACRITY SECURITIES LTD","BUY","1,98,400","80.69","-"
"29-SEP-2025","PRIMECAB","Prime Cable Industries L","KIFS  ENTERPRISE","BUY","1,24,800","81.00","-"
"29-SEP-2025","PRIMECAB","Prime Cable Industries L","RADIANT GLOBAL FUND-CLASS B PARTICIPATING SHARES","BUY","1,29,600","78.55","-"
"29-SEP-2025","PRIMECAB","Prime Cable Industries L","SHUBHAM TIBREWAL","BUY","1,12,000","79.24","-"
"29-SEP-2025","PRIMECAB","Prime Cable Industries L","SMART HORIZON CAPITAL ADVISORS PRIVATE LIMITED","BUY","1,15,200","81.00","-"
"29-SEP-2025","SAMMAANCAP","Sammaan Capital Limited","GRAVITON RESEARCH CAPITAL LLP","BUY","1,83,76,468","150.20","-"
"29-SEP-2025","SAMMAANCAP","Sammaan Capital Limited","GRAVITON RESEARCH CAPITAL LLP","SELL","1,83,76,468","150.36","-"
"29-SEP-2025","SAMMAANCAP","Sammaan Capital Limited","HRTI PRIVATE LIMITED","SELL","52,71,865","150.93","-"
"29-SEP-2025","SAMMAANCAP","Sammaan Capital Limited","HRTI PRIVATE LIMITED","BUY","58,40,809","151.00","-"
"29-SEP-2025","SAMMAANCAP","Sammaan Capital Limited","ICICI PRUDENTIAL MUTUAL FUND","BUY","43,47,300","151.95","-"
"29-SEP-2025","SAMMAANCAP","Sammaan Capital Limited","SHARE INDIA SECURITIES LIMITED","SELL","53,00,534","151.80","-"
"29-SEP-2025","SAMMAANCAP","Sammaan Capital Limited","SHARE INDIA SECURITIES LIMITED","BUY","54,01,970","148.49","-"
"29-SEP-2025","SBC","SBC Exports Limited","PRONTO SECURITIES PRIVATE LIMITED","BUY","32,33,453","21.33","-"
"29-SEP-2025","SHANTI","Shanti Overseas (Ind) Ltd","SHYAM LAL KHAROL","BUY","85,462","9.95","-"
"29-SEP-2025","SHIVASHRIT","Shivashrit Foods Limited","MERU INVESTMENTS","BUY","1,12,000","128.59","-"
"29-SEP-2025","SHIVASHRIT","Shivashrit Foods Limited","NECTA BLOOM VCC - REGAL FUND","SELL","1,06,000","128.62","-"
"29-SEP-2025","SIDDHICOTS","Siddhi Cotspin Limited","JEVIN STOCK BROKER PRIVATE LIMITED","SELL","1,50,000","78.00","-"
"29-SEP-2025","SIDDHICOTS","Siddhi Cotspin Limited","PACE STOCK BROKING SERVICES PVT LTD","BUY","1,44,000","78.00","-"
"29-SEP-2025","SPLPETRO","Supreme Petrochem Limited","GRAVITON RESEARCH CAPITAL LLP","BUY","9,79,135","940.06","-"
"29-SEP-2025","SPLPETRO","Supreme Petrochem Limited","GRAVITON RESEARCH CAPITAL LLP","SELL","9,79,135","940.46","-"
"29-SEP-2025","STALLION","Stallion Ind Fluorochem L","HRTI PRIVATE LIMITED","SELL","5,42,657","228.58","-"
"29-SEP-2025","STALLION","Stallion Ind Fluorochem L","HRTI PRIVATE LIMITED","BUY","5,68,767","227.92","-"
"29-SEP-2025","STALLION","Stallion Ind Fluorochem L","JUNOMONETA FINSOL PRIVATE LIMITED","BUY","6,63,753","229.00","-"
"29-SEP-2025","STALLION","Stallion Ind Fluorochem L","JUNOMONETA FINSOL PRIVATE LIMITED","SELL","6,63,753","229.03","-"
"29-SEP-2025","STALLION","Stallion Ind Fluorochem L","MATHISYS ADVISORS LLP","SELL","5,69,183","229.19","-"
"29-SEP-2025","STALLION","Stallion Ind Fluorochem L","MATHISYS ADVISORS LLP","BUY","5,78,554","230.09","-"
"29-SEP-2025","TECHD","TechD Cybersecurity Ltd","NEO APEX VENTURE LLP","BUY","72,000","491.25","-"
"29-SEP-2025","URAVIDEF","URAVI DEFENCE & TECH LTD","JYOTHI KAILASH KABRA","BUY","1,00,000","224.99","-"
"29-SEP-2025","URAVIDEF","URAVI DEFENCE & TECH LTD","NEO APEX VENTURE LLP","SELL","1,00,000","221.81","-"
"29-SEP-2025","URAVIDEF","URAVI DEFENCE & TECH LTD","VINEY CORPORATION  LIMITED","SELL","1,32,813","226.31","-"
"29-SEP-2025","VASCONEQ","Vascon Engineers Ltd","GRAVITON RESEARCH CAPITAL LLP","BUY","21,74,969","64.65","-"
"29-SEP-2025","VASCONEQ","Vascon Engineers Ltd","GRAVITON RESEARCH CAPITAL LLP","SELL","21,74,969","64.73","-"
"29-SEP-2025","VASCONEQ","Vascon Engineers Ltd","HRTI PRIVATE LIMITED","SELL","25,87,480","65.29","-"
"29-SEP-2025","VASCONEQ","Vascon Engineers Ltd","HRTI PRIVATE LIMITED","BUY","27,08,607","65.77","-"
"29-SEP-2025","VASCONEQ","Vascon Engineers Ltd","JUNOMONETA FINSOL PRIVATE LIMITED","BUY","21,91,835","65.80","-"
"29-SEP-2025","VASCONEQ","Vascon Engineers Ltd","JUNOMONETA FINSOL PRIVATE LIMITED","SELL","22,01,236","65.86","-"
"29-SEP-2025","VASCONEQ","Vascon Engineers Ltd","MATHISYS ADVISORS LLP","BUY","19,65,631","65.66","-"
"29-SEP-2025","VASCONEQ","Vascon Engineers Ltd","MATHISYS ADVISORS LLP","SELL","19,67,441","65.56","-"
"29-SEP-2025","VINEETLAB","Vineet Laboratories Ltd","AMIT KUMAR JAIN HUF","SELL","51,022","39.37","-"
"29-SEP-2025","VINEETLAB","Vineet Laboratories Ltd","AMIT KUMAR JAIN HUF","BUY","1,21,022","40.96","-"
"29-SEP-2025","VINEETLAB","Vineet Laboratories Ltd","VENKATA RAMANA GADDAM","SELL","67,537","38.46","-"