﻿"Date ","Symbol ","Security Name ","Client Name ","Buy / Sell ","Quantity Traded ","Trade Price / Wght. Avg. Price ","Remarks "
"21-AUG-2025","ADL","Archidply Decor Limted","ZALA SHAILENDRASINH C","BUY","24,183","99.14","-"
"21-AUG-2025","ADL","Archidply Decor Limted","ZALA SHAILENDRASINH C","SELL","30,935","97.73","-"
"21-AUG-2025","ATALREAL","Atal Realtech Limited","PASHUPATI CAPITA SER PVT LTD","BUY","6,91,650","19.00","-"
"21-AUG-2025","BLBLIMITED","BLB Limited","ACN FINANCIAL SERVICES LTD","SELL","3,10,386","16.38","-"
"21-AUG-2025","BORANA","Borana Weaves Limited","AFFLUENCE GEMS PRIVATELIMITED","BUY","1,34,307","217.00","-"
"21-AUG-2025","BORANA","Borana Weaves Limited","VPK GLOBAL VENTURES FUND - SCHEME 1","SELL","1,50,462","217.06","-"
"21-AUG-2025","CLEAN","Clean Science & Tech Ltd","D3 STOCK VISION LLP","BUY","2,79,646","1,128.71","-"
"21-AUG-2025","CLEAN","Clean Science & Tech Ltd","D3 STOCK VISION LLP","SELL","5,34,146","1,112.67","-"
"21-AUG-2025","CLEAN","Clean Science & Tech Ltd","F3 ADVISORS PRIVATE LIMITED","BUY","4,64,379","1,109.58","-"
"21-AUG-2025","CLEAN","Clean Science & Tech Ltd","F3 ADVISORS PRIVATE LIMITED","SELL","7,55,931","1,104.39","-"
"21-AUG-2025","CLEAN","Clean Science & Tech Ltd","GRAVITON RESEARCH CAPITAL LLP","BUY","19,16,201","1,144.51","-"
"21-AUG-2025","CLEAN","Clean Science & Tech Ltd","GRAVITON RESEARCH CAPITAL LLP","SELL","19,16,201","1,145.50","-"
"21-AUG-2025","CLEAN","Clean Science & Tech Ltd","IRAGE BROKING SERVICES LLP","BUY","9,75,322","1,102.59","-"
"21-AUG-2025","CLEAN","Clean Science & Tech Ltd","IRAGE BROKING SERVICES LLP","SELL","30,96,252","1,103.95","-"
"21-AUG-2025","CLEAN","Clean Science & Tech Ltd","MANSI SHARE AND STOCK BROKING PRIVATE LIMITED","BUY","3,39,103","1,164.12","-"
"21-AUG-2025","CLEAN","Clean Science & Tech Ltd","MANSI SHARE AND STOCK BROKING PRIVATE LIMITED","SELL","6,48,886","1,119.28","-"
"21-AUG-2025","CLEAN","Clean Science & Tech Ltd","MILLENNIUM STOCK BROKING PVT LTD","BUY","1,44,969","1,116.25","-"
"21-AUG-2025","CLEAN","Clean Science & Tech Ltd","MILLENNIUM STOCK BROKING PVT LTD","SELL","5,31,531","1,116.76","-"
"21-AUG-2025","CLEAN","Clean Science & Tech Ltd","NORGES BANK ON ACCOUNT OF THE GOVERNMENT PENSION FUND GLOBAL","BUY","6,37,627","1,096.54","-"
"21-AUG-2025","CLEAN","Clean Science & Tech Ltd","PATRONUS TRADETECH LLP","BUY","1,07,779","1,132.33","-"
"21-AUG-2025","CLEAN","Clean Science & Tech Ltd","PATRONUS TRADETECH LLP","SELL","10,62,361","1,098.89","-"
"21-AUG-2025","CLEAN","Clean Science & Tech Ltd","SHARE INDIA SECURITIES LIMITED","BUY","3,63,990","1,141.11","-"
"21-AUG-2025","CLEAN","Clean Science & Tech Ltd","SHARE INDIA SECURITIES LIMITED","SELL","6,91,882","1,119.48","-"
"21-AUG-2025","CLEAN","Clean Science & Tech Ltd","VQ FASTERCAP FUND","BUY","8,49,000","1,175.37","-"
"21-AUG-2025","CUPID","Cupid Limited","UNITY ASSOCIATES","BUY","15,00,000","171.90","-"
"21-AUG-2025","DENTA","Denta Water N Infra Sol L","HRTI PRIVATE LIMITED","BUY","1,41,524","416.88","-"
"21-AUG-2025","DENTA","Denta Water N Infra Sol L","HRTI PRIVATE LIMITED","SELL","1,68,128","417.02","-"
"21-AUG-2025","DENTA","Denta Water N Infra Sol L","JUNOMONETA FINSOL PRIVATE LIMITED","BUY","1,69,140","418.10","-"
"21-AUG-2025","DENTA","Denta Water N Infra Sol L","JUNOMONETA FINSOL PRIVATE LIMITED","SELL","1,69,140","418.44","-"
"21-AUG-2025","DYCL","Dynamic Cables Limited","GRAVITON RESEARCH CAPITAL LLP","SELL","4,43,590","482.37","-"
"21-AUG-2025","DYCL","Dynamic Cables Limited","GRAVITON RESEARCH CAPITAL LLP","BUY","4,43,590","483.01","-"
"21-AUG-2025","INDOFARM","Indo Farm Equipment Ltd","GRAVITON RESEARCH CAPITAL LLP","BUY","4,08,588","244.23","-"
"21-AUG-2025","INDOFARM","Indo Farm Equipment Ltd","GRAVITON RESEARCH CAPITAL LLP","SELL","4,08,588","244.58","-"
"21-AUG-2025","INDOFARM","Indo Farm Equipment Ltd","QE SECURITIES LLP","SELL","2,41,945","245.54","-"
"21-AUG-2025","INDOFARM","Indo Farm Equipment Ltd","QE SECURITIES LLP","BUY","2,43,344","243.49","-"
"21-AUG-2025","JAICORPLTD","Jai Corp Limited","GRAVITON RESEARCH CAPITAL LLP","SELL","13,28,044","134.31","-"
"21-AUG-2025","JAICORPLTD","Jai Corp Limited","GRAVITON RESEARCH CAPITAL LLP","BUY","13,28,044","134.27","-"
"21-AUG-2025","JWL","Jupiter Wagons Limited","GRAVITON RESEARCH CAPITAL LLP","SELL","39,17,125","361.75","-"
"21-AUG-2025","JWL","Jupiter Wagons Limited","GRAVITON RESEARCH CAPITAL LLP","BUY","39,17,125","361.53","-"
"21-AUG-2025","KAUSHALYA","Kaushalya Infrastructure","AMIT KUMAR JAIN HUF","BUY","703","1,055.63","-"
"21-AUG-2025","KAUSHALYA","Kaushalya Infrastructure","AMIT KUMAR JAIN HUF","SELL","3,000","1,091.23","-"
"21-AUG-2025","MASTERTR","Master Trust Limited","HRTI PRIVATE LIMITED","BUY","5,56,820","157.59","-"
"21-AUG-2025","MASTERTR","Master Trust Limited","HRTI PRIVATE LIMITED","SELL","5,65,948","157.60","-"
"21-AUG-2025","MASTERTR","Master Trust Limited","SYLPH TECHNOLOGIES LIMITED","SELL","8,74,219","159.27","-"
"21-AUG-2025","MASTERTR","Master Trust Limited","SYLPH TECHNOLOGIES LIMITED","BUY","9,28,929","158.57","-"
"21-AUG-2025","MAXVOLT","Maxvolt Energy Indus L","ANWAR MOHAMMED SHAIKH","SELL","1,28,800","222.30","-"
"21-AUG-2025","MAXVOLT","Maxvolt Energy Indus L","YASH HITESH PATEL","BUY","58,400","221.23","-"
"21-AUG-2025","MAXVOLT","Maxvolt Energy Indus L","YASHVI HITESH PATEL","BUY","57,600","221.00","-"
"21-AUG-2025","MEDISTEP","Medistep Healthcare Ltd","TIRULEKHA BIOSCIENCES PRIVATE LIMITED","BUY","2,91,000","43.20","-"
"21-AUG-2025","MEGATHERM","Megatherm Induction Ltd","MEGATHERM ELECTRONICS PRIVATE LIMITED","SELL","1,40,400","305.06","-"
"21-AUG-2025","MRIL","Mahendra Realto & Infra L","NEOMILE GROWTH FUND - SERIES I","BUY","20,49,600","61.40","-"
"21-AUG-2025","MRIL","Mahendra Realto & Infra L","RIKHAV SECURITIES LIMITED","SELL","2,91,200","67.76","-"
"21-AUG-2025","NAZARA","Nazara Technologies Ltd","GRAVITON RESEARCH CAPITAL LLP","SELL","7,89,344","1,136.12","-"
"21-AUG-2025","NAZARA","Nazara Technologies Ltd","GRAVITON RESEARCH CAPITAL LLP","BUY","7,89,459","1,135.90","-"
"21-AUG-2025","NAZARA","Nazara Technologies Ltd","HRTI PRIVATE LIMITED","BUY","5,19,082","1,143.28","-"
"21-AUG-2025","NAZARA","Nazara Technologies Ltd","HRTI PRIVATE LIMITED","SELL","5,51,475","1,146.04","-"
"21-AUG-2025","OLAELEC","Ola Electric Mobility Ltd","GRAVITON RESEARCH CAPITAL LLP","SELL","3,51,80,397","50.37","-"
"21-AUG-2025","OLAELEC","Ola Electric Mobility Ltd","GRAVITON RESEARCH CAPITAL LLP","BUY","3,51,95,167","50.38","-"
"21-AUG-2025","OLAELEC","Ola Electric Mobility Ltd","HRTI PRIVATE LIMITED","BUY","3,03,58,186","50.23","-"
"21-AUG-2025","OLAELEC","Ola Electric Mobility Ltd","HRTI PRIVATE LIMITED","SELL","4,33,42,845","50.54","-"
"21-AUG-2025","ONEPOINT","One Point One Sol Ltd","VENUS INVESTMENTS VCC - VENUS STELLAR FUND","BUY","27,73,458","45.10","-"
"21-AUG-2025","ONEPOINT","One Point One Sol Ltd","ZETA GLOBAL FUNDS (OEIC) PCC LIMITED - ZETA SERIES B FUND PC","SELL","27,73,458","45.10","-"
"21-AUG-2025","REGAAL","Regaal Resources Limited","GRAVITON RESEARCH CAPITAL LLP","BUY","7,38,367","132.74","-"
"21-AUG-2025","REGAAL","Regaal Resources Limited","GRAVITON RESEARCH CAPITAL LLP","SELL","7,38,367","132.70","-"
"21-AUG-2025","RNPL","Renol Polychem Limited","ASNANI STOCK BROKER PRIVATE LIMITED - ERROR ACCOUNT","BUY","1,200","76.60","-"
"21-AUG-2025","RNPL","Renol Polychem Limited","ASNANI STOCK BROKER PRIVATE LIMITED - ERROR ACCOUNT","SELL","58,800","79.34","-"
"21-AUG-2025","SHANTIGOLD","Shanti Gold Internation L","HRTI PRIVATE LIMITED","SELL","6,86,105","258.54","-"
"21-AUG-2025","SHANTIGOLD","Shanti Gold Internation L","HRTI PRIVATE LIMITED","BUY","7,48,056","256.05","-"
"21-AUG-2025","SHANTIGOLD","Shanti Gold Internation L","JUNOMONETA FINSOL PRIVATE LIMITED","BUY","4,18,299","258.64","-"
"21-AUG-2025","SHANTIGOLD","Shanti Gold Internation L","JUNOMONETA FINSOL PRIVATE LIMITED","SELL","4,18,299","258.62","-"
"21-AUG-2025","SHANTIGOLD","Shanti Gold Internation L","MATHISYS ADVISORS LLP","BUY","5,82,681","258.06","-"
"21-AUG-2025","SHANTIGOLD","Shanti Gold Internation L","MATHISYS ADVISORS LLP","SELL","5,83,126","257.86","-"
"21-AUG-2025","SHANTIGOLD","Shanti Gold Internation L","NK SECURITIES RESEARCH PRIVATE LIMITED","BUY","4,03,726","261.61","-"
"21-AUG-2025","SHANTIGOLD","Shanti Gold Internation L","NK SECURITIES RESEARCH PRIVATE LIMITED","SELL","4,03,726","261.75","-"
"21-AUG-2025","SHANTIGOLD","Shanti Gold Internation L","QE SECURITIES LLP","SELL","5,57,570","259.26","-"
"21-AUG-2025","SHANTIGOLD","Shanti Gold Internation L","QE SECURITIES LLP","BUY","5,73,634","257.92","-"
"21-AUG-2025","TATACOMM","Tata Communications Ltd.","NWBP AS DP OF FIRST STATE ASIA PAC LDRS FD A SUB FD OF FS INVTS ICVC","SELL","14,79,382","1,602.34","-"
"21-AUG-2025","VENKEYS","Venky's (India) Limited","GRAVITON RESEARCH CAPITAL LLP","SELL","97,282","1,568.33","-"
"21-AUG-2025","VENKEYS","Venky's (India) Limited","GRAVITON RESEARCH CAPITAL LLP","BUY","97,282","1,567.07","-"
"21-AUG-2025","YATRA","Yatra Online Limited","HRTI PRIVATE LIMITED","BUY","7,81,445","159.40","-"
"21-AUG-2025","YATRA","Yatra Online Limited","HRTI PRIVATE LIMITED","SELL","8,33,041","159.33","-"
"21-AUG-2025","ZEEMEDIA","Zee News Limited","AUV INNOVATIONS LLP","BUY","1,00,00,000","12.99","-"
"21-AUG-2025","ZEEMEDIA","Zee News Limited","MILOEUX MEDIA & ENTERTAINMENT PRIVATE LIMITED","SELL","1,04,66,000","12.99","-"
"21-AUG-2025","ZUARIIND","Zuari Industries Limited","HRTI PRIVATE LIMITED","SELL","1,47,208","350.57","-"
"21-AUG-2025","ZUARIIND","Zuari Industries Limited","HRTI PRIVATE LIMITED","BUY","1,49,177","350.03","-"