﻿"Date ","Symbol ","Security Name ","Client Name ","Buy / Sell ","Quantity Traded ","Trade Price / Wght. Avg. Price ","Remarks "
"16-JUL-2025","AFSL","Abans Financial Srvcs Ltd","CHUNGATH KARUNAKARAN PADMA KUMAR","SELL","2,70,650","255.05","-"
"16-JUL-2025","AGUL","A G Universal Limited","AUM SECURITIES PVT. LTD.","BUY","1,00,000","60.02","-"
"16-JUL-2025","AGUL","A G Universal Limited","PURSHOTAM PROFILES PRIVATE LIMITED","SELL","36,000","60.00","-"
"16-JUL-2025","AGUL","A G Universal Limited","TRUECARE METAL PRIVATE LIMITED","SELL","44,000","60.05","-"
"16-JUL-2025","BVCL","Barak Valley Cements Limi","DEEPINDER SINGH POONIAN","SELL","1,16,000","40.59","-"
"16-JUL-2025","CAPTRU-RE","Capital Trust Ltd","AADHITYA SALUJA","SELL","50,000","0.37","-"
"16-JUL-2025","CAPTRU-RE","Capital Trust Ltd","ANITA","BUY","50,000","0.37","-"
"16-JUL-2025","CAPTRU-RE","Capital Trust Ltd","RATANBEN ALPESHKUMAR RABARI","SELL","46,865","0.37","-"
"16-JUL-2025","CAPTRU-RE","Capital Trust Ltd","VIJAY KUMAR","BUY","45,000","0.37","-"
"16-JUL-2025","COFFEEDAY","Coffee Day Enterprise Ltd","NEO APEX VENTURE LLP","BUY","16,19,252","39.93","-"
"16-JUL-2025","COFFEEDAY","Coffee Day Enterprise Ltd","NEO APEX VENTURE LLP","SELL","16,25,846","39.93","-"
"16-JUL-2025","CRIZAC","Crizac Limited","AAKRAYA RESEARCH LLP","SELL","10,43,630","353.61","-"
"16-JUL-2025","CRIZAC","Crizac Limited","AAKRAYA RESEARCH LLP","BUY","10,43,630","353.45","-"
"16-JUL-2025","CRIZAC","Crizac Limited","JUMP TRADING FINANCIAL INDIA PRIVATE LIMITED","SELL","14,15,241","352.24","-"
"16-JUL-2025","CRIZAC","Crizac Limited","JUMP TRADING FINANCIAL INDIA PRIVATE LIMITED","BUY","16,46,366","353.49","-"
"16-JUL-2025","DECCANCE","Deccan Cements Ltd","HARESH TIKAMDAS KASWANI","SELL","1,00,000","985.82","-"
"16-JUL-2025","EIEL","Enviro Infra Engineers L","HRTI PRIVATE LIMITED","BUY","8,43,250","274.63","-"
"16-JUL-2025","EIEL","Enviro Infra Engineers L","HRTI PRIVATE LIMITED","SELL","10,54,796","274.42","-"
"16-JUL-2025","FALCONTECH","Falcon Technoproj Ind Ltd","AVDHESH KUMAR AGARWAL","BUY","56,400","16.35","-"
"16-JUL-2025","FALCONTECH","Falcon Technoproj Ind Ltd","THE PATNA ELECTRIC SUPPLY COMPANY LIMITED","SELL","99,600","16.37","-"
"16-JUL-2025","GATECH","GACM Technologies Limited","SHUBHAM ASHOKBHAI PATEL","SELL","75,00,000","0.75","-"
"16-JUL-2025","GATECH","GACM Technologies Limited","VAGHANI VIRAJ","SELL","2,15,27,336","0.74","-"
"16-JUL-2025","GSLSU","Global Surfaces Limited","SW CAPITAL PRIVATE LIMITED","BUY","2,82,489","125.04","-"
"16-JUL-2025","GSLSU","Global Surfaces Limited","SW CAPITAL PRIVATE LIMITED","SELL","3,82,610","124.95","-"
"16-JUL-2025","GVPTECH-RE","GVP Infotech Ltd","DAS ANGSHUMAN","BUY","2,00,000","0.43","-"
"16-JUL-2025","GVPTECH-RE","GVP Infotech Ltd","LINKSTAR TRUST","SELL","7,55,000","0.42","-"
"16-JUL-2025","LLOYDSENPP","LLOYD Rs.0.50 ppd up","HALAN BROTHERS LLP","SELL","25,00,000","55.00","-"
"16-JUL-2025","MAMATA","Mamata Machinery Limited","AAKRAYA RESEARCH LLP","SELL","2,06,783","479.78","-"
"16-JUL-2025","MAMATA","Mamata Machinery Limited","AAKRAYA RESEARCH LLP","BUY","2,06,783","479.55","-"
"16-JUL-2025","MAMATA","Mamata Machinery Limited","HRTI PRIVATE LIMITED","BUY","2,03,824","479.40","-"
"16-JUL-2025","MAMATA","Mamata Machinery Limited","HRTI PRIVATE LIMITED","SELL","2,11,540","477.02","-"
"16-JUL-2025","MAMATA","Mamata Machinery Limited","QE SECURITIES LLP","BUY","1,70,857","479.96","-"
"16-JUL-2025","MAMATA","Mamata Machinery Limited","QE SECURITIES LLP","SELL","1,74,003","478.01","-"
"16-JUL-2025","MIRC-RE","MIRC Electronics Ltd","ASHISH CHUGH","BUY","2,74,523","5.44","-"
"16-JUL-2025","MOKSH","Moksh Ornaments Limited","MITVA DARSHIT SHAH","SELL","6,83,085","14.76","-"
"16-JUL-2025","NARMADA","Narmada Agrobase Limited","IRAGE BROKING SERVICES LLP","BUY","54,420","19.44","-"
"16-JUL-2025","NARMADA","Narmada Agrobase Limited","IRAGE BROKING SERVICES LLP","SELL","5,27,094","19.33","-"
"16-JUL-2025","NARMADA","Narmada Agrobase Limited","RIMPY MITTAL","SELL","6,72,819","19.30","-"
"16-JUL-2025","NARMADA","Narmada Agrobase Limited","RIMPY MITTAL","BUY","6,72,819","19.40","-"
"16-JUL-2025","NARMADA","Narmada Agrobase Limited","SITA RAM BHUWALKA","SELL","11,251","19.36","-"
"16-JUL-2025","NARMADA","Narmada Agrobase Limited","SITA RAM BHUWALKA","BUY","5,00,106","19.30","-"
"16-JUL-2025","NETWORK18","Network18 Media & Inv Ltd","GRAVITON RESEARCH CAPITAL LLP","SELL","1,77,18,039","62.60","-"
"16-JUL-2025","NETWORK18","Network18 Media & Inv Ltd","GRAVITON RESEARCH CAPITAL LLP","BUY","1,77,18,039","62.55","-"
"16-JUL-2025","NETWORK18","Network18 Media & Inv Ltd","MUSIGMA SECURITIES","BUY","88,76,408","63.14","-"
"16-JUL-2025","NETWORK18","Network18 Media & Inv Ltd","MUSIGMA SECURITIES","SELL","88,76,408","63.16","-"
"16-JUL-2025","NETWORK18","Network18 Media & Inv Ltd","QE SECURITIES LLP","BUY","95,31,643","62.92","-"
"16-JUL-2025","NETWORK18","Network18 Media & Inv Ltd","QE SECURITIES LLP","SELL","99,16,564","62.89","-"
"16-JUL-2025","NIRMAN","Nirman Agri Gentics Ltd","ANKUSH RAJKUMAR DABHANE","SELL","42,600","170.74","-"
"16-JUL-2025","NIRMAN","Nirman Agri Gentics Ltd","ANKUSH RAJKUMAR DABHANE","BUY","47,400","170.38","-"
"16-JUL-2025","OLIL","Oneclick Logistics Ind L","JYOTI AJAY KUMAR GUPTA","BUY","26,400","205.80","-"
"16-JUL-2025","OLIL","Oneclick Logistics Ind L","TIRUPATI TRADING","SELL","22,800","205.82","-"
"16-JUL-2025","PARAMOUNT","Paramount Dye Tec Limited","GRETEX SHARE BROKING LIMITED","SELL","1,200","63.65","-"
"16-JUL-2025","PARAMOUNT","Paramount Dye Tec Limited","GRETEX SHARE BROKING LIMITED","BUY","34,800","62.64","-"
"16-JUL-2025","PARIN","PARIN ENTERPRISES LIMITED","ZETA GLOBAL FUNDS (OEIC) PCC LIMITED-ZETA SERIES A FUND PC","BUY","57,000","335.00","-"
"16-JUL-2025","SADHNANIQ","Sadhana Nitrochem Limited","NEO APEX VENTURE LLP","SELL","25,00,000","7.14","-"
"16-JUL-2025","SEPCPP","SEPC Rs.5 ppd up","NEO APEX VENTURE LLP","SELL","18,00,000","6.91","-"
"16-JUL-2025","SILKY","Silky Overseas Limited","MANSI SHARE AND STOCK BROKING PRIVATE LIMITED","SELL","40,000","146.45","-"
"16-JUL-2025","SMARTEN","Smarten Power Systems Ltd","MANSI SHARE AND STOCK BROKING PRIVATE LIMITED","SELL","66,000","140.61","-"
"16-JUL-2025","SMARTEN","Smarten Power Systems Ltd","MANSI SHARE AND STOCK BROKING PRIVATE LIMITED","BUY","1,20,000","140.55","-"
"16-JUL-2025","SUNREST","Sunrest Lifescience Ltd","AMIT R AGARWAL","BUY","99,200","50.40","-"
"16-JUL-2025","SUNREST","Sunrest Lifescience Ltd","AMITBHAI SHAMBHULAL THAKKAR","SELL","99,200","50.40","-"
"16-JUL-2025","SWANENERGY","Swan Energy Limited","GRAVITON RESEARCH CAPITAL LLP","SELL","19,38,291","518.66","-"
"16-JUL-2025","SWANENERGY","Swan Energy Limited","GRAVITON RESEARCH CAPITAL LLP","BUY","19,38,832","518.33","-"
"16-JUL-2025","TAC","TAC Infosec Limited","ISHAAN TRADEFIN LLP","SELL","55,400","857.66","-"
"16-JUL-2025","TAC","TAC Infosec Limited","ISHAAN TRADEFIN LLP","BUY","55,400","827.09","-"
"16-JUL-2025","TI","Tilaknagar Industries Ltd","GRAVITON RESEARCH CAPITAL LLP","BUY","10,43,116","381.90","-"
"16-JUL-2025","TI","Tilaknagar Industries Ltd","GRAVITON RESEARCH CAPITAL LLP","SELL","10,43,116","382.12","-"
"16-JUL-2025","WAAREERTL","Waaree Renewable Tech Ltd","GRAVITON RESEARCH CAPITAL LLP","BUY","8,36,284","1,222.09","-"
"16-JUL-2025","WAAREERTL","Waaree Renewable Tech Ltd","GRAVITON RESEARCH CAPITAL LLP","SELL","8,36,284","1,223.23","-"