﻿"Date ","Symbol ","Security Name ","Client Name ","Buy / Sell ","Quantity Traded ","Trade Price / Wght. Avg. Price ","Remarks "
"28-JUL-2025","AVG","AVG Logistics Limited","M A INTERNATIONAL","SELL","87,572","252.68","-"
"28-JUL-2025","BIRDYS","Grill Splendour Ser Ltd","PARAS DOSHI","BUY","32,400","124.30","-"
"28-JUL-2025","BIRDYS","Grill Splendour Ser Ltd","PRREETI JAIIN NAINUTIA","SELL","55,200","124.30","-"
"28-JUL-2025","CARTRADE","Cartrade Tech Limited","GRAVITON RESEARCH CAPITAL LLP","BUY","2,78,773","2,014.29","-"
"28-JUL-2025","CARTRADE","Cartrade Tech Limited","GRAVITON RESEARCH CAPITAL LLP","SELL","2,78,773","2,015.34","-"
"28-JUL-2025","CARTRADE","Cartrade Tech Limited","HRTI PRIVATE LIMITED","SELL","2,85,551","2,026.40","-"
"28-JUL-2025","CARTRADE","Cartrade Tech Limited","HRTI PRIVATE LIMITED","BUY","2,97,505","2,032.66","-"
"28-JUL-2025","DELTIC","Delta Autocorp Limited","ROHAN GUPTA","BUY","80,000","70.66","-"
"28-JUL-2025","GANESHIN","Ganesh Infraworld Limited","STARWINGS REALTORS  PRIVATE LIMITED","BUY","2,96,000","202.33","-"
"28-JUL-2025","GARUDA","Garuda Construct N Eng L","HRTI PRIVATE LIMITED","BUY","9,95,468","180.32","-"
"28-JUL-2025","GARUDA","Garuda Construct N Eng L","HRTI PRIVATE LIMITED","SELL","9,96,166","180.17","-"
"28-JUL-2025","GATECH","GACM Technologies Limited","MANDAKINIBEN PRADYUMANBHAI PATEL","SELL","2,86,83,257","0.58","-"
"28-JUL-2025","GATECH","GACM Technologies Limited","SHUBHAM ASHOKBHAI PATEL","BUY","72,48,142","0.62","-"
"28-JUL-2025","IEX","Indian Energy Exc Ltd","HRTI PRIVATE LIMITED","BUY","83,22,806","138.21","-"
"28-JUL-2025","IEX","Indian Energy Exc Ltd","HRTI PRIVATE LIMITED","SELL","88,98,628","138.64","-"
"28-JUL-2025","JAGSNPHARM","Jagsonpal Pharma Ltd.","GRAVITON RESEARCH CAPITAL LLP","BUY","4,98,300","293.68","-"
"28-JUL-2025","JAGSNPHARM","Jagsonpal Pharma Ltd.","GRAVITON RESEARCH CAPITAL LLP","SELL","4,98,300","294.10","-"
"28-JUL-2025","JAGSNPHARM","Jagsonpal Pharma Ltd.","HRTI PRIVATE LIMITED","SELL","3,43,628","293.50","-"
"28-JUL-2025","JAGSNPHARM","Jagsonpal Pharma Ltd.","HRTI PRIVATE LIMITED","BUY","3,50,647","293.56","-"
"28-JUL-2025","JAYNECOIND","Jayaswal Neco Industr Ltd","ASSETS CARE AND RECONSTRUCTION ENTERPRISE LIMITED","SELL","3,98,79,863","41.60","-"
"28-JUL-2025","JAYNECOIND","Jayaswal Neco Industr Ltd","GRAVITON RESEARCH CAPITAL LLP","SELL","74,61,666","41.65","-"
"28-JUL-2025","JAYNECOIND","Jayaswal Neco Industr Ltd","GRAVITON RESEARCH CAPITAL LLP","BUY","74,81,166","41.67","-"
"28-JUL-2025","JAYNECOIND","Jayaswal Neco Industr Ltd","HRTI PRIVATE LIMITED","SELL","66,02,394","41.70","-"
"28-JUL-2025","JAYNECOIND","Jayaswal Neco Industr Ltd","HRTI PRIVATE LIMITED","BUY","67,06,254","41.59","-"
"28-JUL-2025","JAYNECOIND","Jayaswal Neco Industr Ltd","SUBHAM CAPITAL PRIVATE LIMITED","BUY","52,98,230","42.43","-"
"28-JUL-2025","KANDARP","Kandarp Dg Smart Bpo Ltd","PASHUPATI CAPITA SER PVT LTD","BUY","12,000","79.03","-"
"28-JUL-2025","KANDARP","Kandarp Dg Smart Bpo Ltd","PASHUPATI CAPITA SER PVT LTD","SELL","50,000","75.38","-"
"28-JUL-2025","MAMATA","Mamata Machinery Limited","HRTI PRIVATE LIMITED","BUY","2,25,104","514.86","-"
"28-JUL-2025","MAMATA","Mamata Machinery Limited","HRTI PRIVATE LIMITED","SELL","2,34,916","516.65","-"
"28-JUL-2025","MAMATA","Mamata Machinery Limited","MATHISYS ADVISORS LLP","SELL","1,44,461","518.10","-"
"28-JUL-2025","MAMATA","Mamata Machinery Limited","MATHISYS ADVISORS LLP","BUY","1,45,582","517.47","-"
"28-JUL-2025","MAMATA","Mamata Machinery Limited","QE SECURITIES LLP","BUY","1,78,438","514.56","-"
"28-JUL-2025","MAMATA","Mamata Machinery Limited","QE SECURITIES LLP","SELL","1,78,479","517.34","-"
"28-JUL-2025","MOKSH","Moksh Ornaments Limited","INVESTI GLOBAL OPPORTUNITY FUND PCC - CELL 1","SELL","5,44,516","13.75","-"
"28-JUL-2025","MOTOGENFIN","Motor & Gen Fin Ltd","RIMPY MITTAL","SELL","1,01,524","27.57","-"
"28-JUL-2025","MOTOGENFIN","Motor & Gen Fin Ltd","RIMPY MITTAL","BUY","1,98,164","28.02","-"
"28-JUL-2025","OLIL","Oneclick Logistics Ind L","BHAKTI YASH NATHWANI","SELL","1,200","212.90","-"
"28-JUL-2025","OLIL","Oneclick Logistics Ind L","BHAKTI YASH NATHWANI","BUY","19,200","211.40","-"
"28-JUL-2025","OMAXAUTO","Omax Autos Limited","AAKRAYA RESEARCH LLP","SELL","1,79,120","130.90","-"
"28-JUL-2025","OMAXAUTO","Omax Autos Limited","AAKRAYA RESEARCH LLP","BUY","1,79,120","130.81","-"
"28-JUL-2025","OMAXAUTO","Omax Autos Limited","IRAGE BROKING SERVICES LLP","BUY","1,18,351","131.76","-"
"28-JUL-2025","OMAXAUTO","Omax Autos Limited","IRAGE BROKING SERVICES LLP","SELL","1,19,413","131.13","-"
"28-JUL-2025","OMAXAUTO","Omax Autos Limited","JATESH JAIN","BUY","1,30,932","122.21","-"
"28-JUL-2025","OMAXAUTO","Omax Autos Limited","JATESH JAIN","SELL","1,30,932","122.29","-"
"28-JUL-2025","OMAXAUTO","Omax Autos Limited","QE SECURITIES LLP","BUY","1,53,169","130.21","-"
"28-JUL-2025","OMAXAUTO","Omax Autos Limited","QE SECURITIES LLP","SELL","1,54,532","130.57","-"
"28-JUL-2025","ORIENTCEM","Orient Cement Ltd.","GRAVITON RESEARCH CAPITAL LLP","SELL","12,21,871","258.67","-"
"28-JUL-2025","ORIENTCEM","Orient Cement Ltd.","GRAVITON RESEARCH CAPITAL LLP","BUY","12,21,871","259.08","-"
"28-JUL-2025","RAJOOENG","Rajoo Engineers Limited","DEVI TRADERS LLP","SELL","8,63,857","109.00","-"
"28-JUL-2025","RAJOOENG","Rajoo Engineers Limited","DEVI TRADERS LLP","BUY","9,09,087","108.93","-"
"28-JUL-2025","RAJOOENG","Rajoo Engineers Limited","NEO APEX VENTURE LLP","SELL","18,50,003","109.13","-"
"28-JUL-2025","RAJOOENG","Rajoo Engineers Limited","NEO APEX VENTURE LLP","BUY","18,50,003","108.75","-"
"28-JUL-2025","SAVY","Savy Infra and Logi Ltd","ANANT WEALTH CONSULTANTS PRIVATE LIMITED","BUY","1,26,000","139.94","-"
"28-JUL-2025","SAVY","Savy Infra and Logi Ltd","COMPANY SHIVAAY TRADING","BUY","1,11,600","136.85","-"
"28-JUL-2025","SAVY","Savy Infra and Logi Ltd","MANSI SHARE AND STOCK BROKING PRIVATE LIMITED","BUY","1,42,800","139.01","-"
"28-JUL-2025","SAVY","Savy Infra and Logi Ltd","NIRAJ RAJNIKANT SHAH","BUY","2,10,000","137.39","-"
"28-JUL-2025","SAVY","Savy Infra and Logi Ltd","PAULOMI KETANKUMAR DOSHI","BUY","1,34,400","140.55","-"
"28-JUL-2025","SAVY","Savy Infra and Logi Ltd","SAUMIK KETANKUMAR DOSHI","BUY","1,65,600","141.26","-"
"28-JUL-2025","SAVY","Savy Infra and Logi Ltd","TRADE CORNER","BUY","1,18,800","136.50","-"
"28-JUL-2025","SECL","Salasar Exterior Cont Ltd","NNM SECURITIES PVT LTD","BUY","7,50,000","6.00","-"
"28-JUL-2025","SECL","Salasar Exterior Cont Ltd","TRADE CORNER","SELL","7,50,000","6.00","-"
"28-JUL-2025","SHANKARA","Shankara Bldg Product Ltd","GRAVITON RESEARCH CAPITAL LLP","BUY","1,34,058","1,001.99","-"
"28-JUL-2025","SHANKARA","Shankara Bldg Product Ltd","GRAVITON RESEARCH CAPITAL LLP","SELL","1,34,058","1,002.41","-"
"28-JUL-2025","SHARDACROP","Sharda Cropchem Limited","GRAVITON RESEARCH CAPITAL LLP","BUY","7,05,137","1,111.31","-"
"28-JUL-2025","SHARDACROP","Sharda Cropchem Limited","GRAVITON RESEARCH CAPITAL LLP","SELL","7,05,137","1,111.15","-"
"28-JUL-2025","SHARDACROP","Sharda Cropchem Limited","HRTI PRIVATE LIMITED","SELL","4,41,400","1,110.57","-"
"28-JUL-2025","SHARDACROP","Sharda Cropchem Limited","HRTI PRIVATE LIMITED","BUY","4,51,608","1,108.00","-"
"28-JUL-2025","SUDARSCHEM","Sudarshan Chemical Inds L","GRAVITON RESEARCH CAPITAL LLP","SELL","4,12,957","1,394.01","-"
"28-JUL-2025","SUDARSCHEM","Sudarshan Chemical Inds L","GRAVITON RESEARCH CAPITAL LLP","BUY","4,13,002","1,392.75","-"
"28-JUL-2025","SUNREST","Sunrest Lifescience Ltd","BHARATKUMAR VARDHILAL THAKKAR","SELL","99,200","51.27","-"
"28-JUL-2025","SUNREST","Sunrest Lifescience Ltd","COMELY ELECTRICAL PRIVATE LIMITED","BUY","80,000","51.10","-"
"28-JUL-2025","UPLPP1","UPL Limited","BOFA SECURITIES EUROPE SA","BUY","5,54,195","538.24","-"
"28-JUL-2025","VIMTALABS","Vimta Labs Limited","AAKRAYA RESEARCH LLP","SELL","8,12,358","633.76","-"
"28-JUL-2025","VIMTALABS","Vimta Labs Limited","AAKRAYA RESEARCH LLP","BUY","8,12,358","633.37","-"
"28-JUL-2025","VIMTALABS","Vimta Labs Limited","ALPHAGREP SECURITIES PRIVATE LIMITED","BUY","6,21,103","636.23","-"
"28-JUL-2025","VIMTALABS","Vimta Labs Limited","ALPHAGREP SECURITIES PRIVATE LIMITED","SELL","6,21,103","636.45","-"
"28-JUL-2025","VIMTALABS","Vimta Labs Limited","ELIXIR WEALTH MANAGEMENT PRIVATE LIMITED","BUY","5,10,000","639.36","-"
"28-JUL-2025","VIMTALABS","Vimta Labs Limited","ELIXIR WEALTH MANAGEMENT PRIVATE LIMITED","SELL","5,10,000","640.07","-"
"28-JUL-2025","VIMTALABS","Vimta Labs Limited","GRAVITON RESEARCH CAPITAL LLP","SELL","20,72,243","632.67","-"
"28-JUL-2025","VIMTALABS","Vimta Labs Limited","GRAVITON RESEARCH CAPITAL LLP","BUY","20,72,243","632.18","-"
"28-JUL-2025","VIMTALABS","Vimta Labs Limited","HRTI PRIVATE LIMITED","SELL","9,31,111","636.83","-"
"28-JUL-2025","VIMTALABS","Vimta Labs Limited","HRTI PRIVATE LIMITED","BUY","10,57,732","632.80","-"
"28-JUL-2025","VIMTALABS","Vimta Labs Limited","IRAGE BROKING SERVICES LLP","SELL","3,63,246","638.31","-"
"28-JUL-2025","VIMTALABS","Vimta Labs Limited","IRAGE BROKING SERVICES LLP","BUY","4,99,098","632.04","-"
"28-JUL-2025","VIMTALABS","Vimta Labs Limited","JUNOMONETA FINSOL PRIVATE LIMITED","SELL","3,94,843","631.90","-"
"28-JUL-2025","VIMTALABS","Vimta Labs Limited","JUNOMONETA FINSOL PRIVATE LIMITED","BUY","3,94,843","631.64","-"
"28-JUL-2025","VIMTALABS","Vimta Labs Limited","MICROCURVES TRADING PRIVATE LIMITED","BUY","4,01,682","630.24","-"
"28-JUL-2025","VIMTALABS","Vimta Labs Limited","MICROCURVES TRADING PRIVATE LIMITED","SELL","4,01,682","630.43","-"
"28-JUL-2025","VIMTALABS","Vimta Labs Limited","MUSIGMA SECURITIES","BUY","10,29,733","639.42","-"
"28-JUL-2025","VIMTALABS","Vimta Labs Limited","MUSIGMA SECURITIES","SELL","10,29,733","639.60","-"
"28-JUL-2025","VIMTALABS","Vimta Labs Limited","NK SECURITIES RESEARCH PRIVATE LIMITED","BUY","3,04,584","639.69","-"
"28-JUL-2025","VIMTALABS","Vimta Labs Limited","NK SECURITIES RESEARCH PRIVATE LIMITED","SELL","3,04,584","640.12","-"
"28-JUL-2025","VIMTALABS","Vimta Labs Limited","QE SECURITIES LLP","BUY","8,45,307","632.48","-"
"28-JUL-2025","VIMTALABS","Vimta Labs Limited","QE SECURITIES LLP","SELL","8,54,668","634.30","-"
"28-JUL-2025","VIMTALABS","Vimta Labs Limited","SHARE INDIA SECURITIES LIMITED","BUY","3,56,970","647.72","-"
"28-JUL-2025","VIMTALABS","Vimta Labs Limited","SHARE INDIA SECURITIES LIMITED","SELL","3,56,971","648.87","-"
"28-JUL-2025","VINEETLAB","Vineet Laboratories Ltd","VIROCHAN  MEHTA","BUY","64,205","31.08","-"
"28-JUL-2025","VOLERCAR","Voler Car Limited","SHARE INDIA SECURITIES LIMITED","SELL","4,800","174.63","-"
"28-JUL-2025","VOLERCAR","Voler Car Limited","SHARE INDIA SECURITIES LIMITED","BUY","64,000","167.25","-"