﻿"Date ","Symbol ","Security Name ","Client Name ","Buy / Sell ","Quantity Traded ","Trade Price / Wght. Avg. Price ","Remarks "
"28-AUG-2025","AILIMITED","Abhishek Integrations Ltd","BHAVINKUMAR RAMANLAL PANCHAL","BUY","36,000","42.00","-"
"28-AUG-2025","AKSHARCHEM","AksharChem India Limited","RAKESH BALURAM LAHOTI","SELL","491","322.31","-"
"28-AUG-2025","AKSHARCHEM","AksharChem India Limited","RAKESH BALURAM LAHOTI","BUY","49,491","301.63","-"
"28-AUG-2025","ASTRON","Astron Paper Bord Mil Ltd","VISHNU JAJOO HUF","SELL","2,50,000","11.60","-"
"28-AUG-2025","ETML","Emerald Tyre Manuf Ltd","BHAVESH H SHAH","BUY","1,03,200","149.24","-"
"28-AUG-2025","GSS","GSS Infotech Limited","NK SECURITIES RESEARCH PRIVATE LIMITED","BUY","1,73,909","33.12","-"
"28-AUG-2025","GSS","GSS Infotech Limited","NK SECURITIES RESEARCH PRIVATE LIMITED","SELL","1,73,909","33.18","-"
"28-AUG-2025","GSS","GSS Infotech Limited","VIKRAMKUMAR KARANRAJ SAKARIA HUF","BUY","1,68,338","33.21","-"
"28-AUG-2025","GSS","GSS Infotech Limited","VIKRAMKUMAR KARANRAJ SAKARIA HUF","SELL","1,68,338","33.57","-"
"28-AUG-2025","INDIGO","InterGlobe Aviation Ltd","THE CHINKERPOO FAMILY TRUST","SELL","25,20,000","5,814.71","-"
"28-AUG-2025","INDIGO","InterGlobe Aviation Ltd","THE CHINKERPOO FAMILY TRUST","SELL","25,20,000","5,825.72","-"
"28-AUG-2025","INM","Interiors & More Limited","GRETEX SHARE BROKING LIMITED","SELL","49,800","512.57","-"
"28-AUG-2025","IZMO","IZMO Limited","JUNOMONETA FINSOL PRIVATE LIMITED","BUY","80,028","701.42","-"
"28-AUG-2025","IZMO","IZMO Limited","JUNOMONETA FINSOL PRIVATE LIMITED","SELL","80,028","701.33","-"
"28-AUG-2025","IZMO","IZMO Limited","QE SECURITIES LLP","SELL","93,129","702.24","-"
"28-AUG-2025","IZMO","IZMO Limited","QE SECURITIES LLP","BUY","93,133","703.25","-"
"28-AUG-2025","IZMO","IZMO Limited","SHARE INDIA SECURITIES LIMITED","SELL","1,28,592","710.37","-"
"28-AUG-2025","IZMO","IZMO Limited","SHARE INDIA SECURITIES LIMITED","BUY","1,28,592","708.34","-"
"28-AUG-2025","JTEKTINDIA","JTEKT India Ltd","GRAVITON RESEARCH CAPITAL LLP","BUY","15,46,301","142.50","-"
"28-AUG-2025","JTEKTINDIA","JTEKT India Ltd","GRAVITON RESEARCH CAPITAL LLP","SELL","15,46,301","142.66","-"
"28-AUG-2025","LLOYDSE-RE","Lloyds Enterprises Ltd","AUTHUM INVESTMENT & INFRASTRUCTURE LIMITED","BUY","47,00,000","27.00","-"
"28-AUG-2025","LLOYDSE-RE","Lloyds Enterprises Ltd","RAJKUMAR DEVANSH (HUF)","BUY","25,00,000","27.08","-"
"28-AUG-2025","LLOYDSE-RE","Lloyds Enterprises Ltd","SHILPA BHIMSARIA","BUY","25,00,000","27.10","-"
"28-AUG-2025","LLOYDSE-RE","Lloyds Enterprises Ltd","TEAMWORK PROPERITIES DEVELOPMENTS LLP","SELL","2,18,35,515","27.06","-"
"28-AUG-2025","LLOYDSE-RE","Lloyds Enterprises Ltd","VISHAL VISHAWNATH TODI","BUY","20,00,000","27.00","-"
"28-AUG-2025","MASTERTR","Master Trust Limited","SYLPH TECHNOLOGIES LIMITED","SELL","5,70,797","159.92","-"
"28-AUG-2025","MASTERTR","Master Trust Limited","SYLPH TECHNOLOGIES LIMITED","BUY","5,78,805","160.99","-"
"28-AUG-2025","MEDISTEP","Medistep Healthcare Ltd","NIRMAN SHARE BROKERS PVT. LTD","SELL","1,50,000","38.35","-"
"28-AUG-2025","MEIL","Mangal Electrical Ind L","GRAVITON RESEARCH CAPITAL LLP","SELL","1,48,363","554.74","-"
"28-AUG-2025","MEIL","Mangal Electrical Ind L","GRAVITON RESEARCH CAPITAL LLP","BUY","1,48,363","554.31","-"
"28-AUG-2025","MEIL","Mangal Electrical Ind L","JUNOMONETA FINSOL PRIVATE LIMITED","SELL","1,42,721","552.40","-"
"28-AUG-2025","MEIL","Mangal Electrical Ind L","JUNOMONETA FINSOL PRIVATE LIMITED","BUY","1,42,721","551.93","-"
"28-AUG-2025","MEIL","Mangal Electrical Ind L","L7 HITECH PRIVATE LIMITED","SELL","47,000","541.82","-"
"28-AUG-2025","MEIL","Mangal Electrical Ind L","L7 HITECH PRIVATE LIMITED","BUY","1,45,000","553.45","-"
"28-AUG-2025","MEIL","Mangal Electrical Ind L","MARWADI CHANDARANA INTERMEDIARIES BROKERS PRIVATE LIMITED","SELL","56,683","558.26","-"
"28-AUG-2025","MEIL","Mangal Electrical Ind L","MARWADI CHANDARANA INTERMEDIARIES BROKERS PRIVATE LIMITED","BUY","4,56,683","538.23","-"
"28-AUG-2025","MEIL","Mangal Electrical Ind L","YOGESH KUMAR KARWA","BUY","1,70,000","557.39","-"
"28-AUG-2025","MEIL","Mangal Electrical Ind L","YOGESH KUMAR KARWA","SELL","1,70,000","532.37","-"
"28-AUG-2025","OLAELEC","Ola Electric Mobility Ltd","HRTI PRIVATE LIMITED","SELL","5,12,49,385","54.22","-"
"28-AUG-2025","OLAELEC","Ola Electric Mobility Ltd","HRTI PRIVATE LIMITED","BUY","5,66,50,986","54.28","-"
"28-AUG-2025","OLAELEC","Ola Electric Mobility Ltd","JUMP TRADING FINANCIAL INDIA PRIVATE LIMITED","SELL","2,83,54,733","54.43","-"
"28-AUG-2025","OLAELEC","Ola Electric Mobility Ltd","JUMP TRADING FINANCIAL INDIA PRIVATE LIMITED","BUY","2,83,54,733","54.38","-"
"28-AUG-2025","PATELRMART","Patel Retail Limited","MANSI SHARE AND STOCK BROKING PRIVATE LIMITED","SELL","1","278.00","-"
"28-AUG-2025","PATELRMART","Patel Retail Limited","MANSI SHARE AND STOCK BROKING PRIVATE LIMITED","BUY","2,00,000","273.35","-"
"28-AUG-2025","PROTEAN","Protean eGov Techno Ltd","GRAVITON RESEARCH CAPITAL LLP","SELL","2,08,269","898.24","-"
"28-AUG-2025","PROTEAN","Protean eGov Techno Ltd","GRAVITON RESEARCH CAPITAL LLP","BUY","2,08,269","897.98","-"
"28-AUG-2025","RBLBANK","RBL Bank Limited","SHARE INDIA SECURITIES LIMITED","SELL","23,02,951","251.33","-"
"28-AUG-2025","RBLBANK","RBL Bank Limited","SHARE INDIA SECURITIES LIMITED","BUY","30,59,026","250.73","-"
"28-AUG-2025","RBLBANK","RBL Bank Limited","SOCIETE GENERALE","SELL","1,29,454","251.19","-"
"28-AUG-2025","RBLBANK","RBL Bank Limited","SOCIETE GENERALE","BUY","32,78,899","250.57","-"
"28-AUG-2025","RELIABLE","Reliable Data Service Ltd","MANSI SHARE AND STOCK BROKING PRIVATE LIMITED","BUY","85,000","149.00","-"
"28-AUG-2025","RELIABLE","Reliable Data Service Ltd","MANSI SHARE AND STOCK BROKING PRIVATE LIMITED","SELL","1,06,969","148.79","-"
"28-AUG-2025","RELIABLE","Reliable Data Service Ltd","NEO APEX SHARE BROKING SERVICES LLP","SELL","79,389","149.01","-"
"28-AUG-2025","RELIABLE","Reliable Data Service Ltd","NEO APEX SHARE BROKING SERVICES LLP","BUY","79,389","149.00","-"
"28-AUG-2025","ROHLTD","Royal Orchid Hotels Limit","JUNOMONETA FINSOL PRIVATE LIMITED","BUY","1,42,490","521.13","-"
"28-AUG-2025","ROHLTD","Royal Orchid Hotels Limit","JUNOMONETA FINSOL PRIVATE LIMITED","SELL","1,42,490","521.49","-"
"28-AUG-2025","SABAR","Sabar Flex India Limited","BONANZA PORTFOLIO LTD","BUY","1,10,000","7.25","-"
"28-AUG-2025","SABAR","Sabar Flex India Limited","BONANZA PORTFOLIO LTD","SELL","1,10,000","7.23","-"
"28-AUG-2025","SAWALIYA","Sawaliya Food Products L","MANGAL KESHAV CAPITAL LIMITED","SELL","1,14,000","238.89","-"
"28-AUG-2025","SHANTI","Shanti Overseas (Ind) Ltd","NIDHI AGARWAL","BUY","80,639","9.38","-"
"28-AUG-2025","SHANTI","Shanti Overseas (Ind) Ltd","NISHANT  PITTI","SELL","1,60,456","9.32","-"
"28-AUG-2025","UNIVASTU","Univastu India Limited","C P KHANDELWAL","SELL","1,10,000","250.71","-"
"28-AUG-2025","UNIVASTU","Univastu India Limited","CUMULATIVE CAPITAL PRIVATE LIMITED","BUY","62,000","250.00","-"