﻿"Date ","Symbol ","Security Name ","Client Name ","Buy / Sell ","Quantity Traded ","Trade Price / Wght. Avg. Price ","Remarks "
"06-OCT-2025","AAATECH","AAA Technologies Limited","JUNOMONETA FINSOL PRIVATE LIMITED","BUY","85,511","120.54","-"
"06-OCT-2025","AAATECH","AAA Technologies Limited","JUNOMONETA FINSOL PRIVATE LIMITED","SELL","85,511","120.72","-"
"06-OCT-2025","AAATECH","AAA Technologies Limited","NK SECURITIES RESEARCH PRIVATE LIMITED","BUY","70,838","120.52","-"
"06-OCT-2025","AAATECH","AAA Technologies Limited","NK SECURITIES RESEARCH PRIVATE LIMITED","SELL","70,838","120.69","-"
"06-OCT-2025","ABLBL","Aditya Birla Lifes Bran L","AMANSA HOLDINGS PRIVATE LIMITED","BUY","70,27,712","136.45","-"
"06-OCT-2025","ABLBL","Aditya Birla Lifes Bran L","FLIPKART INVESTMENTS PRIVATE LIMITED","SELL","7,31,70,731","136.45","-"
"06-OCT-2025","ABLBL","Aditya Birla Lifes Bran L","ICICI PRUDENTIAL MUTUAL FUND","BUY","82,38,179","136.45","-"
"06-OCT-2025","ABLBL","Aditya Birla Lifes Bran L","ICICI PRUDENTIAL MUTUAL FUND","BUY","98,85,816","136.45","-"
"06-OCT-2025","ABLBL","Aditya Birla Lifes Bran L","NIPPON INDIA MUTUAL FUND","BUY","1,32,37,502","136.45","-"
"06-OCT-2025","ABLBL","Aditya Birla Lifes Bran L","SBI LIFE INSURANCE COMPANY LIMITED","BUY","1,50,95,952","136.45","-"
"06-OCT-2025","ATALREAL","Atal Realtech Limited","LEENA HEMENDRA MEHTA","SELL","23,922","23.50","-"
"06-OCT-2025","ATALREAL","Atal Realtech Limited","LEENA HEMENDRA MEHTA","BUY","8,00,000","23.27","-"
"06-OCT-2025","ATALREAL","Atal Realtech Limited","VISHAL MAHESH WAGHELA","SELL","7,50,654","23.25","-"
"06-OCT-2025","ATLANTAA","ATLANTAA LIMITED","ANKITA VISHAL SHAH","SELL","5,28,571","66.52","-"
"06-OCT-2025","ATLANTAA","ATLANTAA LIMITED","ANKITA VISHAL SHAH","BUY","6,27,571","65.88","-"
"06-OCT-2025","ATLANTAA","ATLANTAA LIMITED","NEO APEX SHARE BROKING SERVICES LLP","BUY","2,92,970","66.78","-"
"06-OCT-2025","ATLANTAA","ATLANTAA LIMITED","NEO APEX SHARE BROKING SERVICES LLP","SELL","5,42,970","66.09","-"
"06-OCT-2025","ATLANTAA","ATLANTAA LIMITED","SHARE INDIA SECURITIES LIMITED","SELL","4,75,905","63.99","-"
"06-OCT-2025","ATLANTAA","ATLANTAA LIMITED","SHARE INDIA SECURITIES LIMITED","BUY","4,75,905","65.06","-"
"06-OCT-2025","BMWVENTLTD","BMW Ventures Limited","NEO APEX VENTURE LLP","BUY","6,50,000","66.87","-"
"06-OCT-2025","CYBERTECH","Cybertech Systems & Softw","HRTI PRIVATE LIMITED","BUY","2,06,740","229.31","-"
"06-OCT-2025","CYBERTECH","Cybertech Systems & Softw","HRTI PRIVATE LIMITED","SELL","2,14,807","230.20","-"
"06-OCT-2025","CYBERTECH","Cybertech Systems & Softw","MANSI SHARE AND STOCK BROKING PRIVATE LIMITED","SELL","1,68,576","226.19","-"
"06-OCT-2025","CYBERTECH","Cybertech Systems & Softw","MANSI SHARE AND STOCK BROKING PRIVATE LIMITED","BUY","1,75,156","228.15","-"
"06-OCT-2025","EMBASSY","Embassy Office Parks REIT","KOTAK PERFORMING RE CREDIT STRATEGY FUND-I","SELL","90,43,082","421.00","-"
"06-OCT-2025","ESFL","Essen Speciality Films L","ABLY COMMERCE PRIVATE LIMITED","BUY","1,64,520","263.00","-"
"06-OCT-2025","ESFL","Essen Speciality Films L","YAGNIK BHARATKUMAR TANK","SELL","84,600","263.00","-"
"06-OCT-2025","ESFL","Essen Speciality Films L","YAGNIK BHARATKUMAR TANK","BUY","2,20,680","263.77","-"
"06-OCT-2025","FUSIONPP","Fusion Finance Limited","HDFC MUTUAL FUND","SELL","10,00,000","113.00","-"
"06-OCT-2025","FUSIONPP","Fusion Finance Limited","HDFC MUTUAL FUND","BUY","10,00,000","113.00","-"
"06-OCT-2025","GML","Galaxy Medicare Limited","AJAY PURSHOTTAMDAS GUPTA","SELL","1,00,000","23.79","-"
"06-OCT-2025","IFGLEXPOR","IFGL Refractories Limited","GRAVITON RESEARCH CAPITAL LLP","BUY","4,71,483","320.76","-"
"06-OCT-2025","IFGLEXPOR","IFGL Refractories Limited","GRAVITON RESEARCH CAPITAL LLP","SELL","4,71,483","321.06","-"
"06-OCT-2025","INDBANK","Indbank Merchant Banking","NEO APEX VENTURE LLP","BUY","2,56,340","39.34","-"
"06-OCT-2025","INDBANK","Indbank Merchant Banking","NEO APEX VENTURE LLP","SELL","2,56,340","39.58","-"
"06-OCT-2025","INDOTHAI","Indo Thai Sec Ltd","YAGNIK BHARATKUMAR TANK","SELL","21,056","315.15","-"
"06-OCT-2025","INDOTHAI","Indo Thai Sec Ltd","YAGNIK BHARATKUMAR TANK","BUY","6,87,949","311.42","-"
"06-OCT-2025","JAINREC","Jain Resource Recycling L","GRAVITON RESEARCH CAPITAL LLP","BUY","22,00,286","322.56","-"
"06-OCT-2025","JAINREC","Jain Resource Recycling L","GRAVITON RESEARCH CAPITAL LLP","SELL","22,02,579","322.49","-"
"06-OCT-2025","MASTERTR","Master Trust Limited","SHARE INDIA SECURITIES LIMITED","BUY","1,00,981","135.10","-"
"06-OCT-2025","MASTERTR","Master Trust Limited","SHARE INDIA SECURITIES LIMITED","SELL","6,63,805","133.26","-"
"06-OCT-2025","MPEL","Manas Polymer N Energie L","AFFLUENCE GEMS PRIVATELIMITED","SELL","2,22,400","153.90","-"
"06-OCT-2025","MPEL","Manas Polymer N Energie L","AJAYKUMAR NATAVARLAL SANGANI","BUY","89,600","153.90","-"
"06-OCT-2025","MPEL","Manas Polymer N Energie L","CHANAKYA OPPORTUNITIES FUND I","SELL","1,60,000","153.90","-"
"06-OCT-2025","MPEL","Manas Polymer N Energie L","DHARMIK DILIP SHAH","BUY","40,000","153.90","-"
"06-OCT-2025","MPEL","Manas Polymer N Energie L","DHWAJA SHARES & SECURITIES PVT LTD","BUY","86,400","153.90","-"
"06-OCT-2025","MPEL","Manas Polymer N Energie L","MANSI SHARE AND STOCK BROKING PRIVATE LIMITED","BUY","40,000","153.90","-"
"06-OCT-2025","MPEL","Manas Polymer N Energie L","SUNCITY SHARE BROKER PRIVATE LIMITED","BUY","1,32,800","152.10","-"
"06-OCT-2025","MVKAGRO","M.V.K. Agro Food Prod Ltd","INDO THAI SECURITIES LTD","BUY","96,000","525.00","-"
"06-OCT-2025","NETWEB","Netweb Tech India Ltd","GRAVITON RESEARCH CAPITAL LLP","BUY","3,00,165","4,286.88","-"
"06-OCT-2025","NETWEB","Netweb Tech India Ltd","GRAVITON RESEARCH CAPITAL LLP","SELL","3,00,165","4,288.16","-"
"06-OCT-2025","NIRMAN","Nirman Agri Gentics Ltd","AMIN ABDULBHAI NAYANI","SELL","9,000","153.35","-"
"06-OCT-2025","NIRMAN","Nirman Agri Gentics Ltd","AMIN ABDULBHAI NAYANI","BUY","45,600","153.37","-"
"06-OCT-2025","NIRMAN","Nirman Agri Gentics Ltd","BONANZA PORTFOLIO LTD","SELL","21,000","162.04","-"
"06-OCT-2025","NIRMAN","Nirman Agri Gentics Ltd","BONANZA PORTFOLIO LTD","BUY","43,200","166.42","-"
"06-OCT-2025","NIRMAN","Nirman Agri Gentics Ltd","FIRST AMONG EQUALS","SELL","1,05,000","164.16","-"
"06-OCT-2025","NIRMAN","Nirman Agri Gentics Ltd","LUKMAN MUNAVAR PATEL","BUY","48,300","153.35","-"
"06-OCT-2025","NIRMAN","Nirman Agri Gentics Ltd","RAMAKRISHNA RAO PILLALA","BUY","66,600","154.86","-"
"06-OCT-2025","NIRMAN","Nirman Agri Gentics Ltd","SEEMA RANI","SELL","1,38,000","153.38","-"
"06-OCT-2025","NIRMAN","Nirman Agri Gentics Ltd","SOHAM FINCARE INDIA LLP","SELL","66,600","156.36","-"
"06-OCT-2025","NIRMAN","Nirman Agri Gentics Ltd","SOHAM FINCARE INDIA LLP","BUY","67,500","155.40","-"
"06-OCT-2025","ORIENTTECH","Orient Technologies Ltd","ALPHAGREP SECURITIES PRIVATE LIMITED","SELL","6,04,813","481.52","-"
"06-OCT-2025","ORIENTTECH","Orient Technologies Ltd","ALPHAGREP SECURITIES PRIVATE LIMITED","BUY","6,04,813","481.35","-"
"06-OCT-2025","ORIENTTECH","Orient Technologies Ltd","GRAVITON RESEARCH CAPITAL LLP","SELL","4,86,589","480.38","-"
"06-OCT-2025","ORIENTTECH","Orient Technologies Ltd","GRAVITON RESEARCH CAPITAL LLP","BUY","4,86,589","479.10","-"
"06-OCT-2025","ORIENTTECH","Orient Technologies Ltd","HRTI PRIVATE LIMITED","SELL","3,59,648","484.22","-"
"06-OCT-2025","ORIENTTECH","Orient Technologies Ltd","HRTI PRIVATE LIMITED","BUY","4,00,471","488.12","-"
"06-OCT-2025","ORIENTTECH","Orient Technologies Ltd","IRAGE BROKING SERVICES LLP","SELL","1,98,716","486.44","-"
"06-OCT-2025","ORIENTTECH","Orient Technologies Ltd","IRAGE BROKING SERVICES LLP","BUY","3,12,663","488.15","-"
"06-OCT-2025","ORIENTTECH","Orient Technologies Ltd","JUMP TRADING FINANCIAL INDIA PRIVATE LIMITED","BUY","2,15,388","492.18","-"
"06-OCT-2025","ORIENTTECH","Orient Technologies Ltd","JUMP TRADING FINANCIAL INDIA PRIVATE LIMITED","SELL","2,15,388","493.71","-"
"06-OCT-2025","ORIENTTECH","Orient Technologies Ltd","JUNOMONETA FINSOL PRIVATE LIMITED","BUY","6,61,112","487.35","-"
"06-OCT-2025","ORIENTTECH","Orient Technologies Ltd","JUNOMONETA FINSOL PRIVATE LIMITED","SELL","6,61,112","487.57","-"
"06-OCT-2025","ORIENTTECH","Orient Technologies Ltd","MATHISYS ADVISORS LLP","BUY","3,63,987","488.76","-"
"06-OCT-2025","ORIENTTECH","Orient Technologies Ltd","MATHISYS ADVISORS LLP","SELL","3,65,604","489.20","-"
"06-OCT-2025","ORIENTTECH","Orient Technologies Ltd","MUSIGMA SECURITIES","BUY","2,92,725","491.09","-"
"06-OCT-2025","ORIENTTECH","Orient Technologies Ltd","MUSIGMA SECURITIES","SELL","2,94,058","491.40","-"
"06-OCT-2025","ORIENTTECH","Orient Technologies Ltd","NK SECURITIES RESEARCH PRIVATE LIMITED","BUY","3,93,898","485.04","-"
"06-OCT-2025","ORIENTTECH","Orient Technologies Ltd","NK SECURITIES RESEARCH PRIVATE LIMITED","SELL","3,94,107","485.30","-"
"06-OCT-2025","ORIENTTECH","Orient Technologies Ltd","QE SECURITIES LLP","BUY","4,10,963","488.62","-"
"06-OCT-2025","ORIENTTECH","Orient Technologies Ltd","QE SECURITIES LLP","SELL","4,13,697","489.97","-"
"06-OCT-2025","ORIENTTECH","Orient Technologies Ltd","YUGA STOCKS AND COMMODITIES PRIVATE LIMITED","SELL","2,02,789","496.79","-"
"06-OCT-2025","ORIENTTECH","Orient Technologies Ltd","YUGA STOCKS AND COMMODITIES PRIVATE LIMITED","BUY","2,12,789","497.68","-"
"06-OCT-2025","PACEDIGITK","Pace Digitek Limited","ALTIZEN VENTURES LLP","BUY","15,20,404","222.02","-"
"06-OCT-2025","PACEDIGITK","Pace Digitek Limited","ALTIZEN VENTURES LLP","SELL","15,20,404","221.97","-"
"06-OCT-2025","PACEDIGITK","Pace Digitek Limited","L7 HITECH PRIVATE LIMITED","SELL","3,29,650","216.00","-"
"06-OCT-2025","PACEDIGITK","Pace Digitek Limited","L7 HITECH PRIVATE LIMITED","BUY","22,47,964","223.29","-"
"06-OCT-2025","PACEDIGITK","Pace Digitek Limited","MORGAN STANLEY ASIA SINGAPORE PTE","BUY","12,00,000","220.95","-"
"06-OCT-2025","PACEDIGITK","Pace Digitek Limited","NECTA BLOOM VCC - NECTA BLOOM ONE","SELL","21,02,831","224.99","-"
"06-OCT-2025","POLYSIL","Polysil Irrigation Syst L","YAGNIK BHARATKUMAR TANK","BUY","1,52,000","265.82","-"
"06-OCT-2025","PREMEXPLN","Premier Explosives Ltd","GRAVITON RESEARCH CAPITAL LLP","SELL","6,31,446","649.37","-"
"06-OCT-2025","PREMEXPLN","Premier Explosives Ltd","GRAVITON RESEARCH CAPITAL LLP","BUY","6,31,446","649.04","-"
"06-OCT-2025","PREMEXPLN","Premier Explosives Ltd","HRTI PRIVATE LIMITED","SELL","3,64,498","647.21","-"
"06-OCT-2025","PREMEXPLN","Premier Explosives Ltd","HRTI PRIVATE LIMITED","BUY","3,71,074","648.19","-"
"06-OCT-2025","SANDUMA","Sandur Mang & Iron Ores L","GRAVITON RESEARCH CAPITAL LLP","BUY","25,35,138","206.49","-"
"06-OCT-2025","SANDUMA","Sandur Mang & Iron Ores L","GRAVITON RESEARCH CAPITAL LLP","SELL","25,35,138","206.57","-"
"06-OCT-2025","SANGINITA","Sanginita Chemicals Limit","L7 HITECH PRIVATE LIMITED","SELL","1,89,339","10.10","-"
"06-OCT-2025","SBC","SBC Exports Limited","ACME CAPITAL MARKET LIMITED","BUY","28,31,112","22.32","-"
"06-OCT-2025","SBC","SBC Exports Limited","ACME CAPITAL MARKET LIMITED","SELL","28,31,112","22.30","-"
"06-OCT-2025","SILKY","Silky Overseas Limited","VINCENT COMMERCIAL COMPANY LIMITED","SELL","60,000","116.00","-"
"06-OCT-2025","TFCILTD","Tourism Finance Corp","MANSI SHARE AND STOCK BROKING PRIVATE LIMITED","SELL","23,20,000","75.75","-"
"06-OCT-2025","TFCILTD","Tourism Finance Corp","MANSI SHARE AND STOCK BROKING PRIVATE LIMITED","BUY","23,20,000","75.48","-"
"06-OCT-2025","THESL","Thinking Hats Enter Sol L","ACME CAPITAL MARKET LIMITED","BUY","78,000","43.10","-"
"06-OCT-2025","THESL","Thinking Hats Enter Sol L","ACME CAPITAL MARKET LIMITED","SELL","78,000","42.97","-"