﻿"Date ","Symbol ","Security Name ","Client Name ","Buy / Sell ","Quantity Traded ","Trade Price / Wght. Avg. Price ","Remarks "
"01-JUL-2025","BALAXI","BALAXI PHARMA Ltd","DULCET ADVISORY PRIVATE LIMITED","BUY","3,20,000","50.00","-"
"01-JUL-2025","BEARDSELL","Beardsell Limited","AMIT KUMAR JAIN","SELL","1,98,035","32.01","-"
"01-JUL-2025","BEARDSELL","Beardsell Limited","AMIT KUMAR JAIN","BUY","1,98,035","32.17","-"
"01-JUL-2025","DCCL","Dar Credit & Capital Ltd","ACHINTYA SECURITIES PRIVATE LIMITED","SELL","6,000","59.50","-"
"01-JUL-2025","DCCL","Dar Credit & Capital Ltd","ACHINTYA SECURITIES PRIVATE LIMITED","BUY","72,000","60.78","-"
"01-JUL-2025","DCCL","Dar Credit & Capital Ltd","DEVI TRADERS LLP","BUY","4,000","61.65","-"
"01-JUL-2025","DCCL","Dar Credit & Capital Ltd","DEVI TRADERS LLP","SELL","1,22,000","60.63","-"
"01-JUL-2025","ELLEN","Ellenbarrie Indus Gases L","MANSI SHARE AND STOCK BROKING PRIVATE LIMITED","SELL","4,06,125","529.36","-"
"01-JUL-2025","ELLEN","Ellenbarrie Indus Gases L","MANSI SHARE AND STOCK BROKING PRIVATE LIMITED","BUY","7,56,113","524.57","-"
"01-JUL-2025","ELLEN","Ellenbarrie Indus Gases L","MOTILAL OSWAL MUTUAL FUND","BUY","20,95,179","511.10","-"
"01-JUL-2025","GANGABATH","Ganga Bath Fittings Ltd","NEOMILE GROWTH FUND - SERIES I","SELL","1,41,000","36.27","-"
"01-JUL-2025","GATECHDVR","GACM Technologies Limited","ALKABEN PRADIPKUMAR SHAH","BUY","18,00,000","0.72","-"
"01-JUL-2025","GATECHDVR","GACM Technologies Limited","ALKABEN PRADIPKUMAR SHAH","SELL","63,69,514","0.72","-"
"01-JUL-2025","GATECHDVR","GACM Technologies Limited","ANUPMA GUPTA","SELL","10,88,222","0.72","-"
"01-JUL-2025","GATECHDVR","GACM Technologies Limited","ANUPMA GUPTA","BUY","10,88,222","0.72","-"
"01-JUL-2025","GATECHDVR","GACM Technologies Limited","DEEP CHAND GUPTA","BUY","9,52,500","0.72","-"
"01-JUL-2025","GATECHDVR","GACM Technologies Limited","GA TRADING COMPANY","SELL","94,006","0.73","-"
"01-JUL-2025","GATECHDVR","GACM Technologies Limited","GA TRADING COMPANY","BUY","10,00,001","0.72","-"
"01-JUL-2025","GATECHDVR","GACM Technologies Limited","GOKALBHAI GHEMARBHAI CHAUDHRI","SELL","24,84,994","0.72","-"
"01-JUL-2025","GATECHDVR","GACM Technologies Limited","GOKALBHAI GHEMARBHAI CHAUDHRI","BUY","1,39,84,994","0.72","-"
"01-JUL-2025","GATECHDVR","GACM Technologies Limited","HARPREET SINGH GREWAL","BUY","3,334","0.72","-"
"01-JUL-2025","GATECHDVR","GACM Technologies Limited","HARPREET SINGH GREWAL","SELL","10,00,000","0.72","-"
"01-JUL-2025","GATECHDVR","GACM Technologies Limited","NEELSAGAR CONSULTANCY SERVICES LLP","SELL","75,17,304","0.72","-"
"01-JUL-2025","GATECHDVR","GACM Technologies Limited","PANDYA BALVAHTRAY VIRAL","SELL","1,50,00,000","0.72","-"
"01-JUL-2025","GATECHDVR","GACM Technologies Limited","TEUDDY TECHNOLOGY PRIVATE LIMITED","BUY","75,00,000","0.72","-"
"01-JUL-2025","GLOBECIVIL","Globe Civil Projects Ltd","OM TRADING","BUY","6,50,051","91.32","-"
"01-JUL-2025","GLOBECIVIL","Globe Civil Projects Ltd","SOHAM FINCARE INDIA LLP","BUY","3,90,000","89.00","-"
"01-JUL-2025","HBLENGINE","HBL Engineering Ltd","GRAVITON RESEARCH CAPITAL LLP","SELL","15,33,962","631.51","-"
"01-JUL-2025","HBLENGINE","HBL Engineering Ltd","GRAVITON RESEARCH CAPITAL LLP","BUY","15,33,962","631.02","-"
"01-JUL-2025","KAJARIACER","Kajaria Ceramics Ltd","JP MORGAN FUNDS","SELL","8,85,002","1,067.88","-"
"01-JUL-2025","MAYASHEEL","Mayasheel Ventures Ltd","DIVYA","SELL","3,00,000","60.84","-"
"01-JUL-2025","MAYASHEEL","Mayasheel Ventures Ltd","MOHIT VINODKUMAR AGRAWAL","BUY","1,11,000","60.65","-"
"01-JUL-2025","MOBIKWIK","One Mobikwik Systems Ltd","HRTI PRIVATE LIMITED","BUY","4,85,674","246.74","-"
"01-JUL-2025","MOBIKWIK","One Mobikwik Systems Ltd","HRTI PRIVATE LIMITED","SELL","5,30,958","247.49","-"
"01-JUL-2025","OLIL","Oneclick Logistics Ind L","DEV HASMUKHBHAI KAPADIYA","BUY","19,200","202.26","-"
"01-JUL-2025","OLIL","Oneclick Logistics Ind L","KARMRAJSINH RAJENDRASINH PARMAR","BUY","19,200","197.05","-"
"01-JUL-2025","OSIAHYPER","Osia Hyper Retail Ltd","ISHAAN TRADEFIN LLP","SELL","3,00,000","13.69","-"
"01-JUL-2025","OSIAHYPER","Osia Hyper Retail Ltd","ISHAAN TRADEFIN LLP","BUY","8,97,000","12.73","-"
"01-JUL-2025","PIGL","Power Instrument (G) Ltd","HONI DILIP TANNA","SELL","1,30,000","130.79","-"
"01-JUL-2025","PIGL","Power Instrument (G) Ltd","NEO APEX VENTURE LLP","BUY","1,74,000","130.79","-"
"01-JUL-2025","PROSTARM","Prostarm Info Systems Ltd","CHHATISGARH INVESTMENTS LIMITED","SELL","3,00,000","147.45","-"
"01-JUL-2025","PROSTARM","Prostarm Info Systems Ltd","HRTI PRIVATE LIMITED","SELL","2,81,542","149.54","-"
"01-JUL-2025","PROSTARM","Prostarm Info Systems Ltd","HRTI PRIVATE LIMITED","BUY","4,04,263","150.96","-"
"01-JUL-2025","PROSTARM","Prostarm Info Systems Ltd","MATHISYS ADVISORS LLP","BUY","3,26,628","149.78","-"
"01-JUL-2025","PROSTARM","Prostarm Info Systems Ltd","MATHISYS ADVISORS LLP","SELL","3,26,975","149.88","-"
"01-JUL-2025","PROSTARM","Prostarm Info Systems Ltd","QE SECURITIES LLP","BUY","3,51,852","149.75","-"
"01-JUL-2025","PROSTARM","Prostarm Info Systems Ltd","QE SECURITIES LLP","SELL","3,55,667","149.76","-"
"01-JUL-2025","QUICKHEAL","Quick Heal Tech Ltd","GRAVITON RESEARCH CAPITAL LLP","SELL","3,91,145","401.78","-"
"01-JUL-2025","QUICKHEAL","Quick Heal Tech Ltd","GRAVITON RESEARCH CAPITAL LLP","BUY","3,91,145","401.47","-"
"01-JUL-2025","RAYMOND","Raymond Ltd.","ALPHAGREP SECURITIES PRIVATE LIMITED","SELL","4,37,157","755.16","-"
"01-JUL-2025","RAYMOND","Raymond Ltd.","ALPHAGREP SECURITIES PRIVATE LIMITED","BUY","4,37,157","754.91","-"
"01-JUL-2025","RAYMOND","Raymond Ltd.","ARHAM WEALTH MANAGEMENT PRIVATE LIMITED","SELL","4,09,446","753.74","-"
"01-JUL-2025","RAYMOND","Raymond Ltd.","ARHAM WEALTH MANAGEMENT PRIVATE LIMITED","BUY","4,09,446","754.16","-"
"01-JUL-2025","RAYMOND","Raymond Ltd.","ELIXIR WEALTH MANAGEMENT PRIVATE LIMITED","SELL","4,27,536","754.61","-"
"01-JUL-2025","RAYMOND","Raymond Ltd.","ELIXIR WEALTH MANAGEMENT PRIVATE LIMITED","BUY","4,27,536","753.58","-"
"01-JUL-2025","RAYMOND","Raymond Ltd.","GRAVITON RESEARCH CAPITAL LLP","BUY","11,41,077","753.83","-"
"01-JUL-2025","RAYMOND","Raymond Ltd.","GRAVITON RESEARCH CAPITAL LLP","SELL","11,41,077","754.42","-"
"01-JUL-2025","RAYMOND","Raymond Ltd.","HRTI PRIVATE LIMITED","SELL","4,62,515","752.88","-"
"01-JUL-2025","RAYMOND","Raymond Ltd.","HRTI PRIVATE LIMITED","BUY","5,01,548","750.69","-"
"01-JUL-2025","RAYMOND","Raymond Ltd.","MARWADI CHANDARANA INTERMEDIARIES BROKERS PRIVATE LIMITED","SELL","5,45,610","752.32","-"
"01-JUL-2025","RAYMOND","Raymond Ltd.","MARWADI CHANDARANA INTERMEDIARIES BROKERS PRIVATE LIMITED","BUY","5,45,610","753.29","-"
"01-JUL-2025","RAYMOND","Raymond Ltd.","MUSIGMA SECURITIES","SELL","7,61,644","755.63","-"
"01-JUL-2025","RAYMOND","Raymond Ltd.","MUSIGMA SECURITIES","BUY","7,61,644","755.25","-"
"01-JUL-2025","RAYMOND","Raymond Ltd.","NK SECURITIES RESEARCH PRIVATE LIMITED","BUY","10,50,980","754.22","-"
"01-JUL-2025","RAYMOND","Raymond Ltd.","NK SECURITIES RESEARCH PRIVATE LIMITED","SELL","10,50,980","754.60","-"
"01-JUL-2025","RAYMOND","Raymond Ltd.","QE SECURITIES LLP","SELL","7,38,831","753.91","-"
"01-JUL-2025","RAYMOND","Raymond Ltd.","QE SECURITIES LLP","BUY","7,49,380","754.37","-"
"01-JUL-2025","RAYMONDREL","Raymond Realty Limited","NORGES BANK ON ACCOUNT OF THE GOVERNMENT PENSION FUND GLOBAL","SELL","4,12,585","1,005.94","-"
"01-JUL-2025","SAFEENTP","Safe Enter Retail Fix Ltd","CINCO STOCK VISION LLP","SELL","3,00,000","174.75","-"
"01-JUL-2025","SAFEENTP","Safe Enter Retail Fix Ltd","SAMYAK ENTERPRISES","BUY","2,50,000","174.75","-"
"01-JUL-2025","SAFEENTP","Safe Enter Retail Fix Ltd","SHREESOMNIDHI INFRASOLUTIONS PRIVATE LIMITED","BUY","3,00,000","174.75","-"
"01-JUL-2025","SHKSIL","Shri Hare-Kri Spo Iron L","AARTH.AIF GROWTH FUND","SELL","1,58,000","64.75","-"
"01-JUL-2025","SHKSIL","Shri Hare-Kri Spo Iron L","CRAFT EMERGING MARKET FUND PCC- ELITE CAPITAL FUND","SELL","96,000","61.78","-"
"01-JUL-2025","SHKSIL","Shri Hare-Kri Spo Iron L","DURGAM DISTRIBUTORS PRIVATE LIMITED","BUY","1,50,000","64.77","-"
"01-JUL-2025","SHKSIL","Shri Hare-Kri Spo Iron L","FINAVENUE GROWTH FUND","BUY","1,44,000","64.80","-"
"01-JUL-2025","SHKSIL","Shri Hare-Kri Spo Iron L","KAILASH  AGARWAL","BUY","2,50,000","64.80","-"
"01-JUL-2025","SHKSIL","Shri Hare-Kri Spo Iron L","MANSI PARAKH","BUY","1,52,000","64.80","-"
"01-JUL-2025","SHKSIL","Shri Hare-Kri Spo Iron L","NAV CAPITAL VCC - NAV CAPITAL EMERGING STAR FUND","BUY","1,80,000","64.89","-"
"01-JUL-2025","SHKSIL","Shri Hare-Kri Spo Iron L","NECTA BLOOM VCC - REGAL FUND","SELL","1,58,000","64.80","-"
"01-JUL-2025","SHKSIL","Shri Hare-Kri Spo Iron L","SUNRISE INVESTMENT OPPORTUNITIES FUND","BUY","1,16,000","64.80","-"
"01-JUL-2025","SHKSIL","Shri Hare-Kri Spo Iron L","UPHAR VINTRADE PRIVATE LIMITED","BUY","1,50,000","64.33","-"
"01-JUL-2025","SIGACHI","Sigachi Industries Ltd","HRTI PRIVATE LIMITED","BUY","19,17,184","45.73","-"
"01-JUL-2025","SIGACHI","Sigachi Industries Ltd","HRTI PRIVATE LIMITED","SELL","19,31,977","45.81","-"
"01-JUL-2025","SIGACHI","Sigachi Industries Ltd","TRIPTI AGARWAL","SELL","35,17,919","45.64","-"
"01-JUL-2025","SIGACHI","Sigachi Industries Ltd","TRIPTI AGARWAL","BUY","35,17,919","45.65","-"
"01-JUL-2025","SRD","Shankar Lal Rampal Ltd","OMKAR MUNDHRA","SELL","4,85,997","85.07","-"
"01-JUL-2025","SRD","Shankar Lal Rampal Ltd","OMKAR MUNDHRA","BUY","5,29,287","85.55","-"
"01-JUL-2025","TIMESCAN","Timescan Logistics Ind L","SATURN DESS PRIVATE LIMITED","BUY","52,000","64.31","-"
"01-JUL-2025","TIMESCAN","Timescan Logistics Ind L","VINEETA SINGH","SELL","44,000","64.09","-"
"01-JUL-2025","VINEETLAB","Vineet Laboratories Ltd","ARVIND KUMAR BELLAM","BUY","21,000","34.34","-"
"01-JUL-2025","VINEETLAB","Vineet Laboratories Ltd","ARVIND KUMAR BELLAM","SELL","51,800","34.04","-"