﻿"Date ","Symbol ","Security Name ","Client Name ","Buy / Sell ","Quantity Traded ","Trade Price / Wght. Avg. Price ","Remarks "
"24-JUN-2025","AEROFLEX","Aeroflex Industries Ltd","HRTI PRIVATE LIMITED","BUY","4,56,879","202.26","-"
"24-JUN-2025","AEROFLEX","Aeroflex Industries Ltd","HRTI PRIVATE LIMITED","SELL","6,55,542","203.90","-"
"24-JUN-2025","AVALON","Avalon Technologies Ltd","ALCHEMY EMERGING LEADERS OF TOMORROW","BUY","4,94,400","809.00","-"
"24-JUN-2025","AVALON","Avalon Technologies Ltd","AXIS MUTUAL FUND","BUY","9,60,000","790.00","-"
"24-JUN-2025","AVALON","Avalon Technologies Ltd","BHASKAR SRINIVASAN","SELL","11,98,800","809.00","-"
"24-JUN-2025","AVALON","Avalon Technologies Ltd","BHASKAR SRINIVASAN","SELL","20,91,200","790.54","-"
"24-JUN-2025","BAJAJCON","Bajaj Corp Limited","GRAVITON RESEARCH CAPITAL LLP","BUY","10,37,064","192.40","-"
"24-JUN-2025","BAJAJCON","Bajaj Corp Limited","GRAVITON RESEARCH CAPITAL LLP","SELL","10,37,064","192.63","-"
"24-JUN-2025","CAPTRUST","Capital Trust Limited","LOVLESH JAIN","BUY","1,15,000","76.88","-"
"24-JUN-2025","CAPTRUST","Capital Trust Limited","YOGEN  KHOSLA","SELL","1,64,448","76.84","-"
"24-JUN-2025","CELLECOR","Cellecor Gadgets Limited","RAVI AGARWAL","SELL","21,06,000","39.60","-"
"24-JUN-2025","EEPL","Eppeltone Engineers Ltd","CINCO STOCK VISION LLP","BUY","3,00,000","243.20","-"
"24-JUN-2025","EEPL","Eppeltone Engineers Ltd","ISHAAN TRADEFIN LLP","BUY","1,32,000","255.35","-"
"24-JUN-2025","EEPL","Eppeltone Engineers Ltd","NEO APEX VENTURE LLP","BUY","2,00,000","243.20","-"
"24-JUN-2025","EEPL","Eppeltone Engineers Ltd","STATSOL RESEARCH LLP","BUY","1,67,000","255.35","-"
"24-JUN-2025","EIEL","Enviro Infra Engineers L","AAKRAYA RESEARCH LLP","BUY","11,47,384","237.29","-"
"24-JUN-2025","EIEL","Enviro Infra Engineers L","AAKRAYA RESEARCH LLP","SELL","11,47,384","237.43","-"
"24-JUN-2025","EIEL","Enviro Infra Engineers L","GRAVITON RESEARCH CAPITAL LLP","SELL","19,71,165","237.38","-"
"24-JUN-2025","EIEL","Enviro Infra Engineers L","GRAVITON RESEARCH CAPITAL LLP","BUY","19,71,165","237.17","-"
"24-JUN-2025","EIEL","Enviro Infra Engineers L","HRTI PRIVATE LIMITED","BUY","10,58,877","237.28","-"
"24-JUN-2025","EIEL","Enviro Infra Engineers L","HRTI PRIVATE LIMITED","SELL","11,00,341","236.58","-"
"24-JUN-2025","EIEL","Enviro Infra Engineers L","MATHISYS ADVISORS LLP","SELL","9,95,868","237.45","-"
"24-JUN-2025","EIEL","Enviro Infra Engineers L","MATHISYS ADVISORS LLP","BUY","9,97,700","237.31","-"
"24-JUN-2025","EIEL","Enviro Infra Engineers L","MUSIGMA SECURITIES","BUY","9,52,782","236.73","-"
"24-JUN-2025","EIEL","Enviro Infra Engineers L","MUSIGMA SECURITIES","SELL","9,52,782","236.82","-"
"24-JUN-2025","EIEL","Enviro Infra Engineers L","NK SECURITIES RESEARCH PRIVATE LIMITED","BUY","11,45,071","237.22","-"
"24-JUN-2025","EIEL","Enviro Infra Engineers L","NK SECURITIES RESEARCH PRIVATE LIMITED","SELL","11,45,071","237.33","-"
"24-JUN-2025","EIEL","Enviro Infra Engineers L","QE SECURITIES LLP","BUY","18,57,073","237.92","-"
"24-JUN-2025","EIEL","Enviro Infra Engineers L","QE SECURITIES LLP","SELL","18,86,223","237.74","-"
"24-JUN-2025","FOODSIN","Foods & Inns Limited","MANISHA LODHA","BUY","5,00,000","113.80","-"
"24-JUN-2025","HILTON","Hilton Metal Forging Limi","YUVRAJ HIRALAL MALHOTRA","SELL","5,90,570","68.70","-"
"24-JUN-2025","IDEAFORGE","Ideaforge Techno Ltd","AAKRAYA RESEARCH LLP","SELL","2,55,640","630.71","-"
"24-JUN-2025","IDEAFORGE","Ideaforge Techno Ltd","AAKRAYA RESEARCH LLP","BUY","2,55,640","630.69","-"
"24-JUN-2025","IDEAFORGE","Ideaforge Techno Ltd","HRTI PRIVATE LIMITED","BUY","3,91,545","631.40","-"
"24-JUN-2025","IDEAFORGE","Ideaforge Techno Ltd","HRTI PRIVATE LIMITED","SELL","3,94,048","632.20","-"
"24-JUN-2025","IDEAFORGE","Ideaforge Techno Ltd","YUGA STOCKS AND COMMODITIES PRIVATE LIMITED","BUY","2,33,029","637.61","-"
"24-JUN-2025","IDEAFORGE","Ideaforge Techno Ltd","YUGA STOCKS AND COMMODITIES PRIVATE LIMITED","SELL","2,50,693","637.16","-"
"24-JUN-2025","INM","Interiors & More Limited","MANOJ  KHEMKA","BUY","36,000","509.55","-"
"24-JUN-2025","KBCGLOBAL","KBC Global Limited","ANKITA VISHAL SHAH","BUY","11,27,158","0.50","-"
"24-JUN-2025","KBCGLOBAL","KBC Global Limited","ANKITA VISHAL SHAH","SELL","2,85,20,772","0.49","-"
"24-JUN-2025","KESORAMIND","KESORAM INDUSTRIES LTD","DEVI TRADERS LLP","SELL","39,477","6.45","-"
"24-JUN-2025","KESORAMIND","KESORAM INDUSTRIES LTD","DEVI TRADERS LLP","BUY","18,73,826","6.37","-"
"24-JUN-2025","KESORAMIND","KESORAM INDUSTRIES LTD","ISHAAN TRADEFIN LLP","BUY","21,00,840","6.48","-"
"24-JUN-2025","KESORAMIND","KESORAM INDUSTRIES LTD","RAJASTHAN GLOBAL SECURITIES PVT LTD","SELL","20,00,000","6.54","-"
"24-JUN-2025","KMEW","Knowledge Marine & En W L","BANDHAN MUTUAL FUND","SELL","1,67,090","1,705.00","-"
"24-JUN-2025","KMEW","Knowledge Marine & En W L","MANSI SHARE AND STOCK BROKING PRIVATE LIMITED","SELL","60,800","1,702.30","-"
"24-JUN-2025","KMEW","Knowledge Marine & En W L","MANSI SHARE AND STOCK BROKING PRIVATE LIMITED","BUY","60,800","1,705.00","-"
"24-JUN-2025","KMEW","Knowledge Marine & En W L","SETU SECURITIES PVT LTD","BUY","58,976","1,702.30","-"
"24-JUN-2025","LLOYDSENPP","LLOYD Rs.0.50 ppd up","HALAN BROTHERS LLP","SELL","26,00,000","39.90","-"
"24-JUN-2025","MAGSON","Magson Retail And Dist L","ALBULA INVESTMENT FUND LTD","BUY","2,78,000","140.00","-"
"24-JUN-2025","MAGSON","Magson Retail And Dist L","MAHESHKUMAR NATHUSING LODHA","SELL","2,78,000","140.00","-"
"24-JUN-2025","MICEL","MIC Electronics Ltd","R R K ENTERPRISE PRIVATE LIMITED","SELL","20,00,000","54.00","-"
"24-JUN-2025","MVKAGRO","M.V.K. Agro Food Prod Ltd","MULTIPLIER SHARE & STOCK ADVISORS PRIVATE LIMITED","SELL","1,04,400","142.65","-"
"24-JUN-2025","MVKAGRO","M.V.K. Agro Food Prod Ltd","NEO APEX VENTURE LLP","BUY","2,04,000","142.65","-"
"24-JUN-2025","MVKAGRO","M.V.K. Agro Food Prod Ltd","NEO APEX VENTURE LLP","SELL","2,79,600","142.65","-"
"24-JUN-2025","OSIAHYPER","Osia Hyper Retail Ltd","ISHAAN TRADEFIN LLP","BUY","7,71,562","16.26","-"
"24-JUN-2025","OSIAHYPER","Osia Hyper Retail Ltd","ISHAAN TRADEFIN LLP","SELL","7,71,562","16.32","-"
"24-JUN-2025","OSIAHYPER","Osia Hyper Retail Ltd","NEO APEX SHARE BROKING SERVICES LLP","SELL","4,07,034","16.20","-"
"24-JUN-2025","OSIAHYPER","Osia Hyper Retail Ltd","NEO APEX SHARE BROKING SERVICES LLP","BUY","6,92,318","16.20","-"
"24-JUN-2025","PATILAUTOM","Patil Automation Limited","DEVI TRADERS LLP","SELL","1,16,400","170.40","-"
"24-JUN-2025","QUICKHEAL","Quick Heal Tech Ltd","ANUPAMA KAILASH KATKAR","SELL","33,19,498","362.00","-"
"24-JUN-2025","QUICKHEAL","Quick Heal Tech Ltd","SNEHA KAILASH KATKAR","BUY","33,19,498","362.00","-"
"24-JUN-2025","SAMAY","Samay Project Services L","ELANKUMARAN PERIAKARUPPAN","BUY","1,00,000","34.22","-"
"24-JUN-2025","SUNREST","Sunrest Lifescience Ltd","DILIP THAKKER","SELL","32,000","54.68","-"
"24-JUN-2025","TITAGARH","TITAGARH RAIL SYSTEMS LTD","GRAVITON RESEARCH CAPITAL LLP","BUY","10,40,290","913.38","-"
"24-JUN-2025","TITAGARH","TITAGARH RAIL SYSTEMS LTD","GRAVITON RESEARCH CAPITAL LLP","SELL","10,40,290","913.49","-"
"24-JUN-2025","VAISHALI","Vaishali Pharma Limited","SHAH  NISHANT","BUY","7,50,000","12.46","-"