﻿"Date ","Symbol ","Security Name ","Client Name ","Buy / Sell ","Quantity Traded ","Trade Price / Wght. Avg. Price ","Remarks "
"09-JUL-2025","AARTECH","Aartech Solonics Limited","VARUN KRISHNAVTAR KABRA","SELL","2,15,195","73.91","-"
"09-JUL-2025","AARTECH","Aartech Solonics Limited","VARUN KRISHNAVTAR KABRA","BUY","2,40,194","73.86","-"
"09-JUL-2025","AKZOINDIA","Akzo Nobel India Limited","ASIAN PAINTS LIMITED","SELL","20,10,626","3,651.00","-"
"09-JUL-2025","AKZOINDIA","Akzo Nobel India Limited","EASTSPRING INVESTMENTS INDIA CONSUMER EQUITY OPEN LIMITED","BUY","2,50,200","3,651.00","-"
"09-JUL-2025","AKZOINDIA","Akzo Nobel India Limited","ICICI PRUDENTIAL MUTUAL FUND","BUY","7,00,000","3,651.00","-"
"09-JUL-2025","ARIHANTACA","Arihant Academy Limited","MIT HETAL SHAH","SELL","43,600","275.00","-"
"09-JUL-2025","CAPTRU-RE","Capital Trust Ltd","ABHIJIT PATRA","BUY","50,000","0.12","-"
"09-JUL-2025","CAPTRU-RE","Capital Trust Ltd","AMIT","BUY","1,00,000","0.12","-"
"09-JUL-2025","CAPTRU-RE","Capital Trust Ltd","ANANDBHAI SAMANTBHAI DEGARAMA","BUY","80,000","0.12","-"
"09-JUL-2025","CAPTRU-RE","Capital Trust Ltd","ANIL KUMAR PANDIT","BUY","41,666","0.12","-"
"09-JUL-2025","CAPTRU-RE","Capital Trust Ltd","ANKIT SAINI","BUY","51,000","0.12","-"
"09-JUL-2025","CAPTRU-RE","Capital Trust Ltd","AWADHESH KUMAR BHIKHARI MAHTO","BUY","1,00,000","0.12","-"
"09-JUL-2025","CAPTRU-RE","Capital Trust Ltd","CHETAN BHANJI VAGHADIA","BUY","1,00,000","0.12","-"
"09-JUL-2025","CAPTRU-RE","Capital Trust Ltd","DATTA NARAYAN GADEKAR","SELL","1,91,416","0.12","-"
"09-JUL-2025","CAPTRU-RE","Capital Trust Ltd","JINTU KALITA","BUY","2,00,000","0.12","-"
"09-JUL-2025","CAPTRU-RE","Capital Trust Ltd","KUMKUM KUMARI","BUY","1,50,000","0.12","-"
"09-JUL-2025","CAPTRU-RE","Capital Trust Ltd","LALA SATYAJIT RAY","BUY","1,00,000","0.12","-"
"09-JUL-2025","CAPTRU-RE","Capital Trust Ltd","LIJO   VARGHESE","BUY","1,00,000","0.12","-"
"09-JUL-2025","CAPTRU-RE","Capital Trust Ltd","N L RUNGTA (HUF)","SELL","5,30,522","0.12","-"
"09-JUL-2025","CAPTRU-RE","Capital Trust Ltd","NITIN RUNGTA","SELL","1,33,725","0.12","-"
"09-JUL-2025","CAPTRU-RE","Capital Trust Ltd","NITIN RUNGTA HUF","SELL","5,43,178","0.12","-"
"09-JUL-2025","CAPTRU-RE","Capital Trust Ltd","PAVITHRA ALANGAR","BUY","90,909","0.12","-"
"09-JUL-2025","CAPTRU-RE","Capital Trust Ltd","RAVIKUMAR","BUY","50,000","0.12","-"
"09-JUL-2025","CAPTRU-RE","Capital Trust Ltd","REKHABEN RAMESHBHAI SOMAIYA","BUY","50,000","0.12","-"
"09-JUL-2025","CAPTRU-RE","Capital Trust Ltd","SHASHI RUNGTA","SELL","2,39,000","0.12","-"
"09-JUL-2025","CAPTRU-RE","Capital Trust Ltd","SONU  SHARMA","BUY","91,094","0.12","-"
"09-JUL-2025","CAPTRU-RE","Capital Trust Ltd","SUBHASH CHANDRA","SELL","2,00,000","0.12","-"
"09-JUL-2025","CAPTRU-RE","Capital Trust Ltd","SURAJ SHESHRAO THAKRE","BUY","50,000","0.12","-"
"09-JUL-2025","CAPTRU-RE","Capital Trust Ltd","VIKRAMBHAI KANTILAL PUROHIT","BUY","50,000","0.12","-"
"09-JUL-2025","CBAZAAR","Net Avenue Technologies L","INVENTUS CAPITAL PARTNERS (MAURITIUS) LIMITED","SELL","1,28,000","5.06","-"
"09-JUL-2025","CEDAAR","Cedaar Textile Limited","NECTA BLOOM VCC - NECTA BLOOM ONE","SELL","1,09,000","124.46","-"
"09-JUL-2025","CRIZAC","Crizac Limited","AAKRAYA RESEARCH LLP","BUY","14,25,606","294.84","-"
"09-JUL-2025","CRIZAC","Crizac Limited","AAKRAYA RESEARCH LLP","SELL","14,25,606","294.93","-"
"09-JUL-2025","CRIZAC","Crizac Limited","ABAKKUS ASSET MANAGER PRIVATE LIMITED","BUY","36,72,914","298.33","-"
"09-JUL-2025","CRIZAC","Crizac Limited","ANANT WEALTH CONSULTANTS PRIVATE LIMITED","SELL","8,84,702","301.93","-"
"09-JUL-2025","CRIZAC","Crizac Limited","ANANT WEALTH CONSULTANTS PRIVATE LIMITED","BUY","9,01,842","303.76","-"
"09-JUL-2025","CRIZAC","Crizac Limited","ELIXIR WEALTH MANAGEMENT PRIVATE LIMITED","BUY","11,61,272","293.15","-"
"09-JUL-2025","CRIZAC","Crizac Limited","ELIXIR WEALTH MANAGEMENT PRIVATE LIMITED","SELL","11,68,232","293.24","-"
"09-JUL-2025","CRIZAC","Crizac Limited","GRAVITON RESEARCH CAPITAL LLP","SELL","11,40,772","291.61","-"
"09-JUL-2025","CRIZAC","Crizac Limited","GRAVITON RESEARCH CAPITAL LLP","BUY","11,40,772","291.41","-"
"09-JUL-2025","CRIZAC","Crizac Limited","L7 HITECH PRIVATE LIMITED","SELL","2,43,901","303.12","-"
"09-JUL-2025","CRIZAC","Crizac Limited","L7 HITECH PRIVATE LIMITED","BUY","9,44,001","298.02","-"
"09-JUL-2025","CRIZAC","Crizac Limited","MANSI SHARE AND STOCK BROKING PRIVATE LIMITED","BUY","20,17,824","297.86","-"
"09-JUL-2025","CRIZAC","Crizac Limited","MANSI SHARE AND STOCK BROKING PRIVATE LIMITED","SELL","22,67,792","302.30","-"
"09-JUL-2025","CRIZAC","Crizac Limited","RAJESH CHAMANLAL SANGHAVI","SELL","20,06,733","305.96","-"
"09-JUL-2025","CRIZAC","Crizac Limited","RAJESH CHAMANLAL SANGHAVI","BUY","20,59,974","306.25","-"
"09-JUL-2025","CRIZAC","Crizac Limited","SHARE INDIA SECURITIES LIMITED","SELL","13,84,060","295.08","-"
"09-JUL-2025","CRIZAC","Crizac Limited","SHARE INDIA SECURITIES LIMITED","BUY","13,95,360","294.12","-"
"09-JUL-2025","CRIZAC","Crizac Limited","YUGA STOCKS AND COMMODITIES PRIVATE LIMITED","SELL","11,22,588","306.46","-"
"09-JUL-2025","CRIZAC","Crizac Limited","YUGA STOCKS AND COMMODITIES PRIVATE LIMITED","BUY","18,17,588","302.99","-"
"09-JUL-2025","DYNPRO","Dynemic Products Limited","NK SECURITIES RESEARCH PRIVATE LIMITED","SELL","1,05,214","342.64","-"
"09-JUL-2025","DYNPRO","Dynemic Products Limited","NK SECURITIES RESEARCH PRIVATE LIMITED","BUY","1,05,214","342.48","-"
"09-JUL-2025","DYNPRO","Dynemic Products Limited","QE SECURITIES LLP","BUY","70,722","342.31","-"
"09-JUL-2025","DYNPRO","Dynemic Products Limited","QE SECURITIES LLP","SELL","71,958","343.03","-"
"09-JUL-2025","FALCONTECH","Falcon Technoproj Ind Ltd","AVDHESH KUMAR AGARWAL","BUY","50,400","19.15","-"
"09-JUL-2025","FALCONTECH","Falcon Technoproj Ind Ltd","BHARAT SHREEKISHAN PARIHAR","SELL","2,58,000","19.17","-"
"09-JUL-2025","FALCONTECH","Falcon Technoproj Ind Ltd","NEO APEX SHARE BROKING SERVICES LLP","SELL","24,000","19.15","-"
"09-JUL-2025","FALCONTECH","Falcon Technoproj Ind Ltd","NEO APEX SHARE BROKING SERVICES LLP","BUY","1,20,000","19.15","-"
"09-JUL-2025","FALCONTECH","Falcon Technoproj Ind Ltd","SHUBHAM VIJAYVARGIYA","SELL","51,600","19.23","-"
"09-JUL-2025","FALCONTECH","Falcon Technoproj Ind Ltd","THE PATNA ELECTRIC SUPPLY COMPANY LIMITED","BUY","55,200","19.44","-"
"09-JUL-2025","GATECH","GACM Technologies Limited","VAGHANI VIRAJ","SELL","99,60,773","0.83","-"
"09-JUL-2025","GATECHDVR","GACM Technologies Limited","ELISHA JANGA","SELL","11,87,725","0.57","-"
"09-JUL-2025","GATECHDVR","GACM Technologies Limited","MAHESHBHAI RAMESHBHAI VAGHELA","SELL","12,40,845","0.58","-"
"09-JUL-2025","GATECHDVR","GACM Technologies Limited","VIPIN TIWARI","BUY","15,02,200","0.58","-"
"09-JUL-2025","GATECHDVR","GACM Technologies Limited","YASMIN MAHEBOOB AJMERWALA","SELL","9,97,149","0.58","-"
"09-JUL-2025","INFLUX","Influx Healthtech Limited","DEVI TRADERS LLP","BUY","1,42,800","166.92","-"
"09-JUL-2025","INFLUX","Influx Healthtech Limited","DEVI TRADERS LLP","SELL","1,45,200","166.54","-"
"09-JUL-2025","INFLUX","Influx Healthtech Limited","R K STOCKHOLDING (P) LTD.","BUY","1,200","150.00","-"
"09-JUL-2025","INFLUX","Influx Healthtech Limited","R K STOCKHOLDING (P) LTD.","SELL","1,23,600","151.56","-"
"09-JUL-2025","JALAN","Jalan Transolu. India Ltd","ALAMGIR ANSARI","BUY","9,000","6.50","-"
"09-JUL-2025","JALAN","Jalan Transolu. India Ltd","ALAMGIR ANSARI","SELL","1,20,000","6.50","-"
"09-JUL-2025","JALAN","Jalan Transolu. India Ltd","YASHIKA CAPITAL FINVEST PRIVATE LIMITED","BUY","1,35,000","6.47","-"
"09-JUL-2025","KHANDSE","Khandwala Sec. Ltd","IRAGE BROKING SERVICES LLP","SELL","1,22,749","25.23","-"
"09-JUL-2025","KHANDSE","Khandwala Sec. Ltd","IRAGE BROKING SERVICES LLP","BUY","1,32,302","25.16","-"
"09-JUL-2025","KHANDSE","Khandwala Sec. Ltd","RIMPY MITTAL","SELL","2,07,754","25.35","-"
"09-JUL-2025","KHANDSE","Khandwala Sec. Ltd","RIMPY MITTAL","BUY","2,07,754","25.38","-"
"09-JUL-2025","KOTYARK","Kotyark Industries Ltd","NEO APEX VENTURE LLP","BUY","63,100","256.35","-"
"09-JUL-2025","LOVABLE","Lovable Lingerie Ltd","MULTIPLIER SHARE & STOCK ADVISORS PRIVATE LIMITED","SELL","94,000","102.12","-"
"09-JUL-2025","LOVABLE","Lovable Lingerie Ltd","SETU SECURITIES PRIVATE LIMITED","BUY","94,000","102.13","-"
"09-JUL-2025","NECLIFE","Nectar Lifesciences Limit","HRTI PRIVATE LIMITED","SELL","11,96,004","16.47","-"
"09-JUL-2025","NECLIFE","Nectar Lifesciences Limit","HRTI PRIVATE LIMITED","BUY","12,67,163","16.43","-"
"09-JUL-2025","NECLIFE","Nectar Lifesciences Limit","L7 HITECH PRIVATE LIMITED","BUY","16,72,623","16.09","-"
"09-JUL-2025","NECLIFE","Nectar Lifesciences Limit","SHARE INDIA SECURITIES LIMITED","SELL","18,48,561","16.21","-"
"09-JUL-2025","NECLIFE","Nectar Lifesciences Limit","SHARE INDIA SECURITIES LIMITED","BUY","19,71,236","16.16","-"
"09-JUL-2025","ONDOOR","On Door Concepts Limited","DUANE PARK PRIVATE LIMITED","SELL","36,900","168.95","-"
"09-JUL-2025","PANACHE","Panache Digilife Limited","PENTAGON STOCK BROKERS PRIVATE LIMITED","SELL","1,50,554","207.43","-"
"09-JUL-2025","PROSTARM","Prostarm Info Systems Ltd","AAKRAYA RESEARCH LLP","BUY","6,55,658","182.58","-"
"09-JUL-2025","PROSTARM","Prostarm Info Systems Ltd","AAKRAYA RESEARCH LLP","SELL","6,55,658","182.70","-"
"09-JUL-2025","PROSTARM","Prostarm Info Systems Ltd","HRTI PRIVATE LIMITED","SELL","8,28,484","180.06","-"
"09-JUL-2025","PROSTARM","Prostarm Info Systems Ltd","HRTI PRIVATE LIMITED","BUY","8,46,961","179.10","-"
"09-JUL-2025","PROSTARM","Prostarm Info Systems Ltd","MATHISYS ADVISORS LLP","SELL","6,72,019","180.56","-"
"09-JUL-2025","PROSTARM","Prostarm Info Systems Ltd","MATHISYS ADVISORS LLP","BUY","7,03,575","181.83","-"
"09-JUL-2025","PROSTARM","Prostarm Info Systems Ltd","NEO APEX VENTURE LLP","SELL","2,65,913","196.87","-"
"09-JUL-2025","PROSTARM","Prostarm Info Systems Ltd","NEO APEX VENTURE LLP","BUY","3,65,913","196.62","-"
"09-JUL-2025","PROSTARM","Prostarm Info Systems Ltd","NK SECURITIES RESEARCH PRIVATE LIMITED","BUY","3,25,299","189.13","-"
"09-JUL-2025","PROSTARM","Prostarm Info Systems Ltd","NK SECURITIES RESEARCH PRIVATE LIMITED","SELL","3,31,443","189.44","-"
"09-JUL-2025","PROSTARM","Prostarm Info Systems Ltd","QE SECURITIES LLP","BUY","6,73,509","180.14","-"
"09-JUL-2025","PROSTARM","Prostarm Info Systems Ltd","QE SECURITIES LLP","SELL","7,10,188","180.10","-"
"09-JUL-2025","PROSTARM","Prostarm Info Systems Ltd","USHARANI JANAKIRAMAN","BUY","2,13,059","181.27","-"
"09-JUL-2025","PROSTARM","Prostarm Info Systems Ltd","USHARANI JANAKIRAMAN","SELL","3,22,559","179.14","-"
"09-JUL-2025","PUSHPA","Pushpa Jewellers Limited","NEO APEX VENTURE LLP","SELL","1,34,000","127.37","-"
"09-JUL-2025","SAMBHV","Sambhv Steel Tubes Ltd","AAKRAYA RESEARCH LLP","BUY","33,55,868","119.15","-"
"09-JUL-2025","SAMBHV","Sambhv Steel Tubes Ltd","AAKRAYA RESEARCH LLP","SELL","33,55,868","119.23","-"
"09-JUL-2025","SAMBHV","Sambhv Steel Tubes Ltd","GRAVITON RESEARCH CAPITAL LLP","BUY","29,72,051","117.76","-"
"09-JUL-2025","SAMBHV","Sambhv Steel Tubes Ltd","GRAVITON RESEARCH CAPITAL LLP","SELL","29,72,051","117.88","-"
"09-JUL-2025","SAMBHV","Sambhv Steel Tubes Ltd","JUMP TRADING FINANCIAL INDIA PRIVATE LIMITED","BUY","15,53,655","118.00","-"
"09-JUL-2025","SAMBHV","Sambhv Steel Tubes Ltd","JUMP TRADING FINANCIAL INDIA PRIVATE LIMITED","SELL","15,53,655","118.86","-"
"09-JUL-2025","SAMBHV","Sambhv Steel Tubes Ltd","MATHISYS ADVISORS LLP","BUY","20,20,803","118.76","-"
"09-JUL-2025","SAMBHV","Sambhv Steel Tubes Ltd","MATHISYS ADVISORS LLP","SELL","20,29,303","118.71","-"
"09-JUL-2025","SAMBHV","Sambhv Steel Tubes Ltd","QE SECURITIES LLP","BUY","19,61,655","118.85","-"
"09-JUL-2025","SAMBHV","Sambhv Steel Tubes Ltd","QE SECURITIES LLP","SELL","20,13,997","116.58","-"
"09-JUL-2025","SAMMAANCAP","Sammaan Capital Limited","SMALLCAP WORLD FUND INC","SELL","1,73,34,230","122.56","-"
"09-JUL-2025","SAMMAANCAP","Sammaan Capital Limited","THAKKAR NILESHKUMAR FARSHURAM HUF","SELL","1,000","123.97","-"
"09-JUL-2025","SAMMAANCAP","Sammaan Capital Limited","THAKKAR NILESHKUMAR FARSHURAM HUF","BUY","64,99,397","123.96","-"
"09-JUL-2025","SCODATUBES","Scoda Tubes Limited","HRTI PRIVATE LIMITED","SELL","2,68,645","208.90","-"
"09-JUL-2025","SCODATUBES","Scoda Tubes Limited","HRTI PRIVATE LIMITED","BUY","3,02,964","209.61","-"
"09-JUL-2025","SILKY","Silky Overseas Limited","MANSI SHARE AND STOCK BROKING PRIVATE LIMITED","BUY","93,600","146.65","-"
"09-JUL-2025","SILKY","Silky Overseas Limited","NEO APEX VENTURE LLP","SELL","48,000","146.65","-"
"09-JUL-2025","SMLISUZU","SML Isuzu Limited","AAKRAYA RESEARCH LLP","SELL","88,350","3,077.41","-"
"09-JUL-2025","SMLISUZU","SML Isuzu Limited","AAKRAYA RESEARCH LLP","BUY","88,350","3,076.27","-"
"09-JUL-2025","SMLISUZU","SML Isuzu Limited","HRTI PRIVATE LIMITED","BUY","1,29,213","3,048.10","-"
"09-JUL-2025","SMLISUZU","SML Isuzu Limited","HRTI PRIVATE LIMITED","SELL","1,29,993","3,067.13","-"
"09-JUL-2025","TVSINVIT","TVS Infrastructure Trust","ALKRAM VENTURE PRIVATE LIMITED","SELL","15,75,000","100.26","-"
"09-JUL-2025","TVSINVIT","TVS Infrastructure Trust","MVS VENTURES PRIVATE LIMITED","SELL","15,00,000","100.20","-"
"09-JUL-2025","TVSINVIT","TVS Infrastructure Trust","PAM FAMILY TRUST","BUY","15,00,000","100.20","-"
"09-JUL-2025","TVSINVIT","TVS Infrastructure Trust","PRASAD FAMILY TRUST","BUY","12,25,000","100.20","-"
"09-JUL-2025","VISAMAN","Visaman Global Sales Ltd","SHRIPAL V VORA HUF","SELL","2,01,000","51.56","-"
"09-JUL-2025","VOLERCAR","Voler Car Limited","JUGGERNAUT CORPORATE ADVISORS LLP","BUY","30,400","92.09","-"
"09-JUL-2025","VOLERCAR","Voler Car Limited","JUGGERNAUT CORPORATE ADVISORS LLP","SELL","67,200","91.59","-"