﻿"Date ","Symbol ","Security Name ","Client Name ","Buy / Sell ","Quantity Traded ","Trade Price / Wght. Avg. Price ","Remarks "
"05-SEP-2025","AKSHAR","Akshar Spintex Limited","MOHAN SENTHIL SUNDARAM","SELL","84,00,196","0.50","-"
"05-SEP-2025","AKSHAR","Akshar Spintex Limited","RAKESH KUMAR UPPAL AND SONS HUF","BUY","27,85,027","0.50","-"
"05-SEP-2025","AKSHAR","Akshar Spintex Limited","RAKESH KUMAR UPPAL AND SONS HUF","SELL","41,74,303","0.51","-"
"05-SEP-2025","ARCIIL","ARC Insulation & Insu Ltd","AARTH.AIF GROWTH FUND","BUY","53,000","113.13","-"
"05-SEP-2025","ARCIIL","ARC Insulation & Insu Ltd","MANSI SHARE AND STOCK BROKING PRIVATE LIMITED","BUY","2,000","112.90","-"
"05-SEP-2025","ARCIIL","ARC Insulation & Insu Ltd","MANSI SHARE AND STOCK BROKING PRIVATE LIMITED","SELL","1,00,000","112.93","-"
"05-SEP-2025","ARMANFIN","Arman Fin Serv Ltd","AIRAVAT CAPITAL TRUST","SELL","1,33,279","1,414.00","-"
"05-SEP-2025","ARMANFIN","Arman Fin Serv Ltd","AIRAVAT CAPITAL TRUST II","BUY","1,33,279","1,414.00","-"
"05-SEP-2025","ATULAUTO","Atul Auto Limited","ALPHAGREP SECURITIES PRIVATE LIMITED","BUY","2,31,306","534.40","-"
"05-SEP-2025","ATULAUTO","Atul Auto Limited","ALPHAGREP SECURITIES PRIVATE LIMITED","SELL","2,31,306","535.07","-"
"05-SEP-2025","ATULAUTO","Atul Auto Limited","DIPAN MEHTA COMMODITIES PRIVATE LIMITED","SELL","1,58,920","535.54","-"
"05-SEP-2025","ATULAUTO","Atul Auto Limited","DIPAN MEHTA COMMODITIES PRIVATE LIMITED","BUY","1,66,038","534.94","-"
"05-SEP-2025","ATULAUTO","Atul Auto Limited","ELIXIR WEALTH MANAGEMENT PRIVATE LIMITED","BUY","1,97,842","537.62","-"
"05-SEP-2025","ATULAUTO","Atul Auto Limited","ELIXIR WEALTH MANAGEMENT PRIVATE LIMITED","SELL","1,98,912","533.60","-"
"05-SEP-2025","ATULAUTO","Atul Auto Limited","GRAVITON RESEARCH CAPITAL LLP","BUY","5,34,744","534.68","-"
"05-SEP-2025","ATULAUTO","Atul Auto Limited","GRAVITON RESEARCH CAPITAL LLP","SELL","5,34,744","535.51","-"
"05-SEP-2025","ATULAUTO","Atul Auto Limited","IRAGE BROKING SERVICES LLP","SELL","1,51,111","534.25","-"
"05-SEP-2025","ATULAUTO","Atul Auto Limited","IRAGE BROKING SERVICES LLP","BUY","1,72,021","535.14","-"
"05-SEP-2025","ATULAUTO","Atul Auto Limited","JUNOMONETA FINSOL PRIVATE LIMITED","BUY","5,69,771","534.44","-"
"05-SEP-2025","ATULAUTO","Atul Auto Limited","JUNOMONETA FINSOL PRIVATE LIMITED","SELL","5,69,771","534.84","-"
"05-SEP-2025","ATULAUTO","Atul Auto Limited","MUSIGMA SECURITIES","BUY","1,58,515","533.54","-"
"05-SEP-2025","ATULAUTO","Atul Auto Limited","MUSIGMA SECURITIES","SELL","1,58,515","533.83","-"
"05-SEP-2025","AVANTEL","Avantel Limited","GRAVITON RESEARCH CAPITAL LLP","SELL","13,74,193","176.32","-"
"05-SEP-2025","AVANTEL","Avantel Limited","GRAVITON RESEARCH CAPITAL LLP","BUY","13,74,193","176.18","-"
"05-SEP-2025","DAVANGERE","Davangere Sugar Company L","AARAV FINANCIAL SERVICES PVT.LTD","SELL","1,70,00,000","3.90","-"
"05-SEP-2025","DPWIRES","D P Wires Limited","MANSI SHARE AND STOCK BROKING PRIVATE LIMITED","BUY","1,00,000","293.16","-"
"05-SEP-2025","DPWIRES","D P Wires Limited","MANSI SHARE AND STOCK BROKING PRIVATE LIMITED","SELL","1,00,005","298.23","-"
"05-SEP-2025","DPWIRES","D P Wires Limited","NK SECURITIES RESEARCH PRIVATE LIMITED","SELL","90,041","285.54","-"
"05-SEP-2025","DPWIRES","D P Wires Limited","NK SECURITIES RESEARCH PRIVATE LIMITED","BUY","90,041","285.19","-"
"05-SEP-2025","GENSOL","Gensol Engineering Ltd","RAHUL RAMAN MOHTA","SELL","3,02,294","32.03","-"
"05-SEP-2025","GMDCLTD","Gujarat Min. Dev. Corpn","GRAVITON RESEARCH CAPITAL LLP","BUY","15,92,337","496.81","-"
"05-SEP-2025","GMDCLTD","Gujarat Min. Dev. Corpn","GRAVITON RESEARCH CAPITAL LLP","SELL","15,92,337","497.21","-"
"05-SEP-2025","GMDCLTD","Gujarat Min. Dev. Corpn","HRTI PRIVATE LIMITED","SELL","13,39,926","498.47","-"
"05-SEP-2025","GMDCLTD","Gujarat Min. Dev. Corpn","HRTI PRIVATE LIMITED","BUY","16,54,627","498.12","-"
"05-SEP-2025","JAICORPLTD","Jai Corp Limited","HRTI PRIVATE LIMITED","BUY","7,85,553","162.63","-"
"05-SEP-2025","JAICORPLTD","Jai Corp Limited","HRTI PRIVATE LIMITED","SELL","9,21,172","162.78","-"
"05-SEP-2025","KANDARP","Kandarp Dg Smart Bpo Ltd","PASHUPATI CAPITA SER PVT LTD","BUY","2,000","105.90","-"
"05-SEP-2025","KANDARP","Kandarp Dg Smart Bpo Ltd","PASHUPATI CAPITA SER PVT LTD","SELL","62,000","101.71","-"
"05-SEP-2025","KROSS","Kross Limited","AASHISH MANGAL","BUY","5,58,000","228.36","-"
"05-SEP-2025","KROSS","Kross Limited","AASHISH MANGAL","SELL","5,58,000","227.89","-"
"05-SEP-2025","KROSS","Kross Limited","ALPHAGREP SECURITIES PRIVATE LIMITED","SELL","6,23,973","226.46","-"
"05-SEP-2025","KROSS","Kross Limited","ALPHAGREP SECURITIES PRIVATE LIMITED","BUY","6,23,973","226.48","-"
"05-SEP-2025","KROSS","Kross Limited","ELIXIR WEALTH MANAGEMENT PRIVATE LIMITED","BUY","7,00,775","228.31","-"
"05-SEP-2025","KROSS","Kross Limited","ELIXIR WEALTH MANAGEMENT PRIVATE LIMITED","SELL","7,00,775","229.38","-"
"05-SEP-2025","KROSS","Kross Limited","GRAVITON RESEARCH CAPITAL LLP","SELL","11,08,475","227.69","-"
"05-SEP-2025","KROSS","Kross Limited","GRAVITON RESEARCH CAPITAL LLP","BUY","11,08,475","227.50","-"
"05-SEP-2025","KROSS","Kross Limited","GROWTH SECURITIES PRIVATE LIMITED","SELL","6,44,548","226.47","-"
"05-SEP-2025","KROSS","Kross Limited","GROWTH SECURITIES PRIVATE LIMITED","BUY","6,47,564","226.59","-"
"05-SEP-2025","KROSS","Kross Limited","HRTI PRIVATE LIMITED","SELL","17,93,572","227.42","-"
"05-SEP-2025","KROSS","Kross Limited","HRTI PRIVATE LIMITED","BUY","18,49,718","227.12","-"
"05-SEP-2025","KROSS","Kross Limited","IRAGE BROKING SERVICES LLP","SELL","3,14,433","227.55","-"
"05-SEP-2025","KROSS","Kross Limited","IRAGE BROKING SERVICES LLP","BUY","3,24,167","228.15","-"
"05-SEP-2025","KROSS","Kross Limited","JUNOMONETA FINSOL PRIVATE LIMITED","BUY","11,22,261","227.00","-"
"05-SEP-2025","KROSS","Kross Limited","JUNOMONETA FINSOL PRIVATE LIMITED","SELL","11,22,261","227.12","-"
"05-SEP-2025","KROSS","Kross Limited","MUSIGMA SECURITIES","SELL","9,47,260","228.68","-"
"05-SEP-2025","KROSS","Kross Limited","MUSIGMA SECURITIES","BUY","9,47,260","228.62","-"
"05-SEP-2025","KROSS","Kross Limited","QE SECURITIES LLP","BUY","7,99,242","227.54","-"
"05-SEP-2025","KROSS","Kross Limited","QE SECURITIES LLP","SELL","8,24,012","227.34","-"
"05-SEP-2025","KROSS","Kross Limited","SHARE INDIA SECURITIES LIMITED","BUY","4,03,940","228.47","-"
"05-SEP-2025","KROSS","Kross Limited","SHARE INDIA SECURITIES LIMITED","SELL","4,03,940","228.08","-"
"05-SEP-2025","LAXMIINDIA","Laxmi India Finance Ltd","HRTI PRIVATE LIMITED","BUY","2,38,811","164.64","-"
"05-SEP-2025","LAXMIINDIA","Laxmi India Finance Ltd","HRTI PRIVATE LIMITED","SELL","3,02,937","163.73","-"
"05-SEP-2025","MDL","Marvel Decor Limited","JIGNESH AMRUTLAL THOBHANI","SELL","1,37,000","75.03","-"
"05-SEP-2025","MDL","Marvel Decor Limited","NIKHIL VORA","BUY","3,19,000","75.08","-"
"05-SEP-2025","MDL","Marvel Decor Limited","VARSHABEN J THOBHANI","SELL","1,92,000","75.00","-"
"05-SEP-2025","MICEL","MIC Electronics Ltd","GRAVITON RESEARCH CAPITAL LLP","SELL","16,39,025","61.68","-"
"05-SEP-2025","MICEL","MIC Electronics Ltd","GRAVITON RESEARCH CAPITAL LLP","BUY","16,39,025","61.48","-"
"05-SEP-2025","MICEL","MIC Electronics Ltd","HRTI PRIVATE LIMITED","SELL","15,28,317","62.68","-"
"05-SEP-2025","MICEL","MIC Electronics Ltd","HRTI PRIVATE LIMITED","BUY","16,11,786","62.70","-"
"05-SEP-2025","MICEL","MIC Electronics Ltd","JUNOMONETA FINSOL PRIVATE LIMITED","BUY","22,73,338","63.10","-"
"05-SEP-2025","MICEL","MIC Electronics Ltd","JUNOMONETA FINSOL PRIVATE LIMITED","SELL","22,73,338","63.11","-"
"05-SEP-2025","MICEL","MIC Electronics Ltd","MUSIGMA SECURITIES","BUY","13,70,133","64.67","-"
"05-SEP-2025","MICEL","MIC Electronics Ltd","MUSIGMA SECURITIES","SELL","13,70,133","64.71","-"
"05-SEP-2025","MICEL","MIC Electronics Ltd","QE SECURITIES LLP","BUY","18,44,187","63.73","-"
"05-SEP-2025","MICEL","MIC Electronics Ltd","QE SECURITIES LLP","SELL","18,63,755","63.57","-"
"05-SEP-2025","MICEL","MIC Electronics Ltd","SAUMIK KETANKUMAR DOSHI","BUY","15,08,627","65.13","-"
"05-SEP-2025","MICEL","MIC Electronics Ltd","SAUMIK KETANKUMAR DOSHI","SELL","15,62,789","64.96","-"
"05-SEP-2025","MICEL","MIC Electronics Ltd","SHARE INDIA SECURITIES LIMITED","SELL","31,18,627","65.29","-"
"05-SEP-2025","MICEL","MIC Electronics Ltd","SHARE INDIA SECURITIES LIMITED","BUY","31,28,628","65.06","-"
"05-SEP-2025","MOBIKWIK","One Mobikwik Systems Ltd","ALPHAGREP SECURITIES PRIVATE LIMITED","BUY","5,72,013","298.05","-"
"05-SEP-2025","MOBIKWIK","One Mobikwik Systems Ltd","ALPHAGREP SECURITIES PRIVATE LIMITED","SELL","5,72,013","298.15","-"
"05-SEP-2025","MOBIKWIK","One Mobikwik Systems Ltd","GRAVITON RESEARCH CAPITAL LLP","BUY","32,49,695","299.49","-"
"05-SEP-2025","MOBIKWIK","One Mobikwik Systems Ltd","GRAVITON RESEARCH CAPITAL LLP","SELL","32,49,695","299.64","-"
"05-SEP-2025","MOBIKWIK","One Mobikwik Systems Ltd","HRTI PRIVATE LIMITED","SELL","16,53,541","298.14","-"
"05-SEP-2025","MOBIKWIK","One Mobikwik Systems Ltd","HRTI PRIVATE LIMITED","BUY","16,68,758","298.48","-"
"05-SEP-2025","MOBIKWIK","One Mobikwik Systems Ltd","JUMP TRADING FINANCIAL INDIA PRIVATE LIMITED","SELL","8,88,215","297.69","-"
"05-SEP-2025","MOBIKWIK","One Mobikwik Systems Ltd","JUMP TRADING FINANCIAL INDIA PRIVATE LIMITED","BUY","8,88,215","298.19","-"
"05-SEP-2025","MOBIKWIK","One Mobikwik Systems Ltd","JUNOMONETA FINSOL PRIVATE LIMITED","BUY","8,97,231","299.15","-"
"05-SEP-2025","MOBIKWIK","One Mobikwik Systems Ltd","JUNOMONETA FINSOL PRIVATE LIMITED","SELL","8,97,231","299.21","-"
"05-SEP-2025","MOBIKWIK","One Mobikwik Systems Ltd","MATHISYS ADVISORS LLP","SELL","10,15,918","298.98","-"
"05-SEP-2025","MOBIKWIK","One Mobikwik Systems Ltd","MATHISYS ADVISORS LLP","BUY","10,16,927","299.34","-"
"05-SEP-2025","MOBIKWIK","One Mobikwik Systems Ltd","MUSIGMA SECURITIES","BUY","6,72,393","299.22","-"
"05-SEP-2025","MOBIKWIK","One Mobikwik Systems Ltd","MUSIGMA SECURITIES","SELL","6,72,393","299.28","-"
"05-SEP-2025","MOBIKWIK","One Mobikwik Systems Ltd","QE SECURITIES LLP","SELL","13,43,531","298.87","-"
"05-SEP-2025","MOBIKWIK","One Mobikwik Systems Ltd","QE SECURITIES LLP","BUY","14,24,008","299.19","-"
"05-SEP-2025","MOSCHIP","Moschip Technologies Ltd","GRAVITON RESEARCH CAPITAL LLP","SELL","27,83,658","239.14","-"
"05-SEP-2025","MOSCHIP","Moschip Technologies Ltd","GRAVITON RESEARCH CAPITAL LLP","BUY","27,90,595","238.97","-"
"05-SEP-2025","MOSCHIP","Moschip Technologies Ltd","HRTI PRIVATE LIMITED","SELL","11,95,016","237.57","-"
"05-SEP-2025","MOSCHIP","Moschip Technologies Ltd","HRTI PRIVATE LIMITED","BUY","12,66,940","238.13","-"
"05-SEP-2025","MOSCHIP","Moschip Technologies Ltd","JUNOMONETA FINSOL PRIVATE LIMITED","SELL","10,23,095","239.83","-"
"05-SEP-2025","MOSCHIP","Moschip Technologies Ltd","JUNOMONETA FINSOL PRIVATE LIMITED","BUY","10,23,095","239.72","-"
"05-SEP-2025","MOSCHIP","Moschip Technologies Ltd","QE SECURITIES LLP","BUY","13,54,624","238.32","-"
"05-SEP-2025","MOSCHIP","Moschip Technologies Ltd","QE SECURITIES LLP","SELL","14,16,665","237.94","-"
"05-SEP-2025","MVKAGRO","M.V.K. Agro Food Prod Ltd","NEO APEX VENTURE LLP","SELL","1,32,000","372.43","-"
"05-SEP-2025","MVKAGRO","M.V.K. Agro Food Prod Ltd","YAGNIK BHARATKUMAR TANK","BUY","88,800","369.95","-"
"05-SEP-2025","NETWEB","Netweb Tech India Ltd","GRAVITON RESEARCH CAPITAL LLP","BUY","5,94,349","2,855.91","-"
"05-SEP-2025","NETWEB","Netweb Tech India Ltd","GRAVITON RESEARCH CAPITAL LLP","SELL","5,94,349","2,859.19","-"
"05-SEP-2025","NETWEB","Netweb Tech India Ltd","HRTI PRIVATE LIMITED","BUY","3,30,034","2,861.42","-"
"05-SEP-2025","NETWEB","Netweb Tech India Ltd","HRTI PRIVATE LIMITED","SELL","3,91,679","2,882.80","-"
"05-SEP-2025","NETWEB","Netweb Tech India Ltd","JUNOMONETA FINSOL PRIVATE LIMITED","SELL","2,86,490","2,923.37","-"
"05-SEP-2025","NETWEB","Netweb Tech India Ltd","JUNOMONETA FINSOL PRIVATE LIMITED","BUY","2,86,490","2,921.61","-"
"05-SEP-2025","OLAELEC","Ola Electric Mobility Ltd","HRTI PRIVATE LIMITED","BUY","2,79,85,048","61.10","-"
"05-SEP-2025","OLAELEC","Ola Electric Mobility Ltd","HRTI PRIVATE LIMITED","SELL","3,16,97,342","61.23","-"
"05-SEP-2025","OLAELEC","Ola Electric Mobility Ltd","JUMP TRADING FINANCIAL INDIA PRIVATE LIMITED","BUY","2,31,95,344","61.21","-"
"05-SEP-2025","OLAELEC","Ola Electric Mobility Ltd","JUMP TRADING FINANCIAL INDIA PRIVATE LIMITED","SELL","2,31,95,344","61.44","-"
"05-SEP-2025","OSIAHYPER","Osia Hyper Retail Ltd","MANSI SHARE AND STOCK BROKING PRIVATE LIMITED","SELL","38","22.29","-"
"05-SEP-2025","OSIAHYPER","Osia Hyper Retail Ltd","MANSI SHARE AND STOCK BROKING PRIVATE LIMITED","BUY","9,00,040","22.30","-"
"05-SEP-2025","PFOCUS","Prime Focus Limited","AUGUSTA INVESTMENTS I PTE LTD","SELL","54,48,112","142.55","-"
"05-SEP-2025","PFOCUS","Prime Focus Limited","MARINA IV (SINGAPORE) PTE LTD","SELL","38,91,417","142.55","-"
"05-SEP-2025","PFOCUS","Prime Focus Limited","SINGULARITY LARGE VALUE FUND II","BUY","18,50,000","142.55","-"
"05-SEP-2025","PFOCUS","Prime Focus Limited","SINGULARITY LARGE VALUE FUND III","BUY","30,00,000","142.55","-"
"05-SEP-2025","PFOCUS","Prime Focus Limited","UTPAL H SHETH","BUY","17,50,000","142.55","-"
"05-SEP-2025","POCL","Pondy Oxides & Chem Ltd","GRAVITON RESEARCH CAPITAL LLP","BUY","1,64,039","1,228.38","-"
"05-SEP-2025","POCL","Pondy Oxides & Chem Ltd","GRAVITON RESEARCH CAPITAL LLP","SELL","1,64,039","1,229.42","-"
"05-SEP-2025","READYMIX","Readymix Constru Machi L","GAURAV JAIN","BUY","61,000","158.51","-"
"05-SEP-2025","SANGINITA","Sanginita Chemicals Limit","ADVANCED ENERGY SYSTEMS LLP","BUY","2,00,000","9.51","-"
"05-SEP-2025","SARVES-RE","Sarveshwar Foods Limited","ROHIT GUPTA","SELL","75,49,441","0.43","-"
"05-SEP-2025","SHAHALLOYS","Shah Alloys Limited","JAIDEEP SAMPAT","SELL","1,07,500","63.69","-"
"05-SEP-2025","SHALBY","Shalby Limited","MUSIGMA SECURITIES","BUY","5,48,438","223.24","-"
"05-SEP-2025","SHALBY","Shalby Limited","MUSIGMA SECURITIES","SELL","5,48,438","223.36","-"
"05-SEP-2025","SHALBY","Shalby Limited","NK SECURITIES RESEARCH PRIVATE LIMITED","SELL","5,68,902","223.57","-"
"05-SEP-2025","SHALBY","Shalby Limited","NK SECURITIES RESEARCH PRIVATE LIMITED","BUY","5,68,902","223.40","-"
"05-SEP-2025","SNEHAA","Snehaa Organics Limited","C P KHANDELWAL","BUY","2,40,000","122.00","-"
"05-SEP-2025","SNEHAA","Snehaa Organics Limited","KRISHNA AWTAR JAGANNATH KABRA HUF","BUY","80,000","122.00","-"
"05-SEP-2025","SNEHAA","Snehaa Organics Limited","NIRMAN SHARE BROKERS PVT. LTD","SELL","66,000","115.90","-"
"05-SEP-2025","SNEHAA","Snehaa Organics Limited","PANKAJ DHANJI CHHEDA HUF","BUY","80,000","122.00","-"
"05-SEP-2025","SNEHAA","Snehaa Organics Limited","PUGALIA LALIT KISHAN","BUY","82,000","122.00","-"
"05-SEP-2025","SNEHAA","Snehaa Organics Limited","YAVA CORP GLOBAL LIMITED","BUY","1,49,000","120.24","-"
"05-SEP-2025","STALLION","Stallion Ind Fluorochem L","HRTI PRIVATE LIMITED","BUY","4,77,293","190.54","-"
"05-SEP-2025","STALLION","Stallion Ind Fluorochem L","HRTI PRIVATE LIMITED","SELL","5,05,236","191.08","-"
"05-SEP-2025","TFCILTD","Tourism Finance Corp","ADITYA KUMAR HALWASIYA","BUY","5,30,000","345.53","-"
"05-SEP-2025","TFCILTD","Tourism Finance Corp","ADITYA KUMAR HALWASIYA","BUY","6,70,000","346.00","-"
"05-SEP-2025","VIMTALABS","Vimta Labs Limited","GRAVITON RESEARCH CAPITAL LLP","SELL","6,56,309","849.18","-"
"05-SEP-2025","VIMTALABS","Vimta Labs Limited","GRAVITON RESEARCH CAPITAL LLP","BUY","6,56,309","848.46","-"
"05-SEP-2025","VIMTALABS","Vimta Labs Limited","HRTI PRIVATE LIMITED","BUY","6,34,049","851.00","-"
"05-SEP-2025","VIMTALABS","Vimta Labs Limited","HRTI PRIVATE LIMITED","SELL","6,51,636","855.33","-"
"05-SEP-2025","VIMTALABS","Vimta Labs Limited","JUNOMONETA FINSOL PRIVATE LIMITED","BUY","4,06,330","855.15","-"
"05-SEP-2025","VIMTALABS","Vimta Labs Limited","JUNOMONETA FINSOL PRIVATE LIMITED","SELL","4,06,330","855.61","-"
"05-SEP-2025","VIMTALABS","Vimta Labs Limited","QE SECURITIES LLP","BUY","3,55,873","847.10","-"
"05-SEP-2025","VIMTALABS","Vimta Labs Limited","QE SECURITIES LLP","SELL","3,74,627","844.76","-"
"05-SEP-2025","ZEEMEDIA","Zee News Limited","AUV INNOVATIONS LLP","BUY","50,00,000","12.37","-"
"05-SEP-2025","ZEEMEDIA","Zee News Limited","MILOEUX MEDIA & ENTERTAINMENT PRIVATE LIMITED","SELL","50,00,000","12.37","-"