﻿"Date ","Symbol ","Security Name ","Client Name ","Buy / Sell ","Quantity Traded ","Trade Price / Wght. Avg. Price ","Remarks "
"06-AUG-2025","ADANIENSOL","Adani Energy Solution Ltd","ENVESTCOM HOLDING RSC LTD","SELL","1,10,00,000","790.00","-"
"06-AUG-2025","ARKADE","Arkade Developers Limited","JAINAM BROKING LIMITED","SELL","45,468","182.30","-"
"06-AUG-2025","ARKADE","Arkade Developers Limited","JAINAM BROKING LIMITED","BUY","9,98,531","179.82","-"
"06-AUG-2025","AROGRANITE","Aro Granite Industries Li","RIMPY MITTAL","SELL","68,869","40.65","-"
"06-AUG-2025","AROGRANITE","Aro Granite Industries Li","RIMPY MITTAL","BUY","1,10,567","40.33","-"
"06-AUG-2025","BLACKBUCK","Zinka Logistics Sol Ltd","GRAVITON RESEARCH CAPITAL LLP","SELL","10,79,386","544.73","-"
"06-AUG-2025","BLACKBUCK","Zinka Logistics Sol Ltd","GRAVITON RESEARCH CAPITAL LLP","BUY","10,79,386","544.07","-"
"06-AUG-2025","GATECH","GACM Technologies Limited","VENKATA TIRUPATI RAO JONNA","SELL","80,00,000","0.53","-"
"06-AUG-2025","GATECHDVR","GACM Technologies Limited","VENKATA TIRUPATI RAO JONNA","SELL","42,77,881","0.44","-"
"06-AUG-2025","GVPTECH","GVP Infotech Limited","LINKSTAR TRUST","SELL","24,50,000","9.52","-"
"06-AUG-2025","HEADSUP","Heads UP Ventures Limited","NILESH DHAKAD HUF .","BUY","1,13,567","11.08","-"
"06-AUG-2025","HEADSUP","Heads UP Ventures Limited","NILESH DHAKAD HUF .","SELL","1,39,567","10.96","-"
"06-AUG-2025","HOACFOODS","Hoac Foods India Limited","MONEYWISE FINANCIAL SERVICES PRIVATE LTD","SELL","34,500","204.85","-"
"06-AUG-2025","HOACFOODS","Hoac Foods India Limited","SMC GLOBAL SECURITIES LIMITED","SELL","750","210.95","-"
"06-AUG-2025","HOACFOODS","Hoac Foods India Limited","SMC GLOBAL SECURITIES LIMITED","BUY","36,000","204.85","-"
"06-AUG-2025","JAIPURKURT","Nandani Creation Limited","L7 HITECH PRIVATE LIMITED","BUY","1,00,000","41.50","-"
"06-AUG-2025","JAYNECOIND","Jayaswal Neco Industr Ltd","CRONY VYAPAR PVT LTD","SELL","50,54,228","54.15","-"
"06-AUG-2025","JAYNECOIND","Jayaswal Neco Industr Ltd","CRONY VYAPAR PVT LTD","BUY","54,04,228","54.06","-"
"06-AUG-2025","JAYNECOIND","Jayaswal Neco Industr Ltd","HRTI PRIVATE LIMITED","BUY","60,16,448","54.15","-"
"06-AUG-2025","JAYNECOIND","Jayaswal Neco Industr Ltd","HRTI PRIVATE LIMITED","SELL","64,69,625","54.19","-"
"06-AUG-2025","JETFREIGHT","Jet Freight Logistics Ltd","RIMPY MITTAL","SELL","3,16,511","14.22","-"
"06-AUG-2025","JETFREIGHT","Jet Freight Logistics Ltd","RIMPY MITTAL","BUY","4,44,511","14.32","-"
"06-AUG-2025","KAYTEX","Kaytex Fabrics Limited","MANSI SHARE AND STOCK BROKING PRIVATE LIMITED","SELL","92,000","147.50","-"
"06-AUG-2025","LAXMIINDIA","Laxmi India Finance Ltd","BOFA SECURITIES EUROPE SA","SELL","2,64,538","125.01","-"
"06-AUG-2025","LOTUSDEV","Sri Lotus Devlprs N Rty L","IRAGE BROKING SERVICES LLP","BUY","19,06,460","189.10","-"
"06-AUG-2025","LOTUSDEV","Sri Lotus Devlprs N Rty L","IRAGE BROKING SERVICES LLP","SELL","29,47,652","185.25","-"
"06-AUG-2025","LOTUSDEV","Sri Lotus Devlprs N Rty L","OM TRADING","SELL","20,81,275","182.23","-"
"06-AUG-2025","LOTUSDEV","Sri Lotus Devlprs N Rty L","OM TRADING","BUY","29,02,531","185.98","-"
"06-AUG-2025","LOTUSDEV","Sri Lotus Devlprs N Rty L","SHARE INDIA SECURITIES LIMITED","SELL","27,83,060","186.72","-"
"06-AUG-2025","LOTUSDEV","Sri Lotus Devlprs N Rty L","SHARE INDIA SECURITIES LIMITED","BUY","28,62,247","186.33","-"
"06-AUG-2025","LOTUSDEV","Sri Lotus Devlprs N Rty L","SW CAPITAL PRIVATE LIMITED","BUY","48,81,840","187.23","-"
"06-AUG-2025","LOTUSDEV","Sri Lotus Devlprs N Rty L","SW CAPITAL PRIVATE LIMITED","SELL","58,09,609","190.18","-"
"06-AUG-2025","MASTER","Master Components Limited","BHALERAO PRAVIN SHRIPAD","BUY","1,45,000","350.00","-"
"06-AUG-2025","MASTER","Master Components Limited","MUDDURAJ CHANDRASHEKHAR KULKARNI HUF","SELL","75,000","350.00","-"
"06-AUG-2025","MASTER","Master Components Limited","SHRIKANT HANMANT JOSHI HUF","SELL","75,000","350.00","-"
"06-AUG-2025","MBEL","M and B Engineering Ltd","AAKRAYA RESEARCH LLP","BUY","4,27,838","400.38","-"
"06-AUG-2025","MBEL","M and B Engineering Ltd","AAKRAYA RESEARCH LLP","SELL","4,27,838","400.48","-"
"06-AUG-2025","MBEL","M and B Engineering Ltd","GRAVITON RESEARCH CAPITAL LLP","BUY","4,04,060","401.45","-"
"06-AUG-2025","MBEL","M and B Engineering Ltd","GRAVITON RESEARCH CAPITAL LLP","SELL","4,04,060","401.93","-"
"06-AUG-2025","MBEL","M and B Engineering Ltd","GRT STRATEGIC VENTURES LLP","SELL","3,56,799","402.17","-"
"06-AUG-2025","MBEL","M and B Engineering Ltd","GRT STRATEGIC VENTURES LLP","BUY","3,56,799","402.02","-"
"06-AUG-2025","MBEL","M and B Engineering Ltd","IRAGE BROKING SERVICES LLP","SELL","3,39,704","402.01","-"
"06-AUG-2025","MBEL","M and B Engineering Ltd","IRAGE BROKING SERVICES LLP","BUY","4,72,091","404.60","-"
"06-AUG-2025","MOKSH","Moksh Ornaments Limited","SHRENI SHARES PVT","BUY","56,538","13.60","-"
"06-AUG-2025","MOKSH","Moksh Ornaments Limited","SHRENI SHARES PVT","SELL","4,56,538","13.70","-"
"06-AUG-2025","MVKAGRO","M.V.K. Agro Food Prod Ltd","NEO APEX SHARE BROKING SERVICES LLP","SELL","78,000","249.95","-"
"06-AUG-2025","MVKAGRO","M.V.K. Agro Food Prod Ltd","NEO APEX VENTURE LLP","SELL","49,200","249.95","-"
"06-AUG-2025","MVKAGRO","M.V.K. Agro Food Prod Ltd","NEO APEX VENTURE LLP","BUY","1,40,400","255.05","-"
"06-AUG-2025","MVKAGRO","M.V.K. Agro Food Prod Ltd","NIKESH AGRO FARMS AND INFRASTRUCTURE PRIVATE LIMITED","BUY","99,600","253.80","-"
"06-AUG-2025","MVKAGRO","M.V.K. Agro Food Prod Ltd","TUSHAR BHERULAL TEPAN","BUY","84,000","250.04","-"
"06-AUG-2025","MVKAGRO","M.V.K. Agro Food Prod Ltd","WALLFORT PMS & ADVISORY SERVICES LLP","SELL","1,20,000","250.05","-"
"06-AUG-2025","NARMADA","Narmada Agrobase Limited","SILLENIUM INFRA PROJECT PRIVATE LIMITED","BUY","2,05,000","22.16","-"
"06-AUG-2025","ORTINGLOBE","ORTIN GLOBAL LIMITED","SURESH GADALAY","BUY","1,35,965","18.01","-"
"06-AUG-2025","POLYSIL","Polysil Irrigation Syst L","NEO APEX VENTURE LLP","SELL","2,66,000","123.53","-"
"06-AUG-2025","POLYSIL","Polysil Irrigation Syst L","SHAH NIPABEN BHADRESHBHAI","BUY","1,16,000","123.55","-"
"06-AUG-2025","SILKY","Silky Overseas Limited","GRETEX SHARE BROKING LIMITED","SELL","800","121.00","-"
"06-AUG-2025","SILKY","Silky Overseas Limited","GRETEX SHARE BROKING LIMITED","BUY","43,200","122.13","-"
"06-AUG-2025","SPAND-RE","Spandana Sphoorty Fin","ACM GLOBAL FUND VCC","BUY","1,38,016","9.95","-"
"06-AUG-2025","SPAND-RE","Spandana Sphoorty Fin","VALIANT MAURITIUS PARTNERS FDI LTD","SELL","4,36,070","10.63","-"
"06-AUG-2025","SPAND-RE","Spandana Sphoorty Fin","VALIANT MAURITIUS PARTNERS LIMITED","BUY","4,36,070","10.63","-"
"06-AUG-2025","TIINDIA","Tube Invest of India Ltd","MOTILAL OSWAL MUTUAL FUND","BUY","10,70,000","2,919.02","-"
"06-AUG-2025","TRANSRAILL","Transrail Lighting Ltd","GRAVITON RESEARCH CAPITAL LLP","SELL","17,54,753","783.54","-"
"06-AUG-2025","TRANSRAILL","Transrail Lighting Ltd","GRAVITON RESEARCH CAPITAL LLP","BUY","17,55,029","782.97","-"
"06-AUG-2025","TRANSRAILL","Transrail Lighting Ltd","HRTI PRIVATE LIMITED","SELL","8,65,919","784.02","-"
"06-AUG-2025","TRANSRAILL","Transrail Lighting Ltd","HRTI PRIVATE LIMITED","BUY","10,33,365","785.01","-"
"06-AUG-2025","TRANSRAILL","Transrail Lighting Ltd","QE SECURITIES LLP","BUY","6,67,294","786.02","-"
"06-AUG-2025","TRANSRAILL","Transrail Lighting Ltd","QE SECURITIES LLP","SELL","6,84,909","783.90","-"
"06-AUG-2025","VAISHALI","Vaishali Pharma Limited","SHALIN MAHESHBHAI SHAH","SELL","6,42,206","12.94","-"
"06-AUG-2025","ZUARI","Zuari Agro Chemicals Ltd","AAKRAYA RESEARCH LLP","BUY","2,61,315","356.05","-"
"06-AUG-2025","ZUARI","Zuari Agro Chemicals Ltd","AAKRAYA RESEARCH LLP","SELL","2,61,315","356.20","-"
"06-AUG-2025","ZUARI","Zuari Agro Chemicals Ltd","HRTI PRIVATE LIMITED","BUY","3,51,593","355.23","-"
"06-AUG-2025","ZUARI","Zuari Agro Chemicals Ltd","HRTI PRIVATE LIMITED","SELL","3,71,759","355.66","-"