﻿"Date ","Symbol ","Security Name ","Client Name ","Buy / Sell ","Quantity Traded ","Trade Price / Wght. Avg. Price ","Remarks "
"18-SEP-2025","AARADHYA","Aaradhya Disposal Indus L","NARESH KUMAR BANSAL","BUY","2,78,400","121.90","-"
"18-SEP-2025","AFFORDABLE","Afford Robo & Auto Ltd","MILIND MANOHAR PADOLE","SELL","1,21,600","256.02","-"
"18-SEP-2025","AGIIL","Agi Infra Limited","ASTORNE CAPITAL VCC ARVEN","BUY","1,50,000","1,170.10","-"
"18-SEP-2025","AGUL","A G Universal Limited","AUM SECURITIES PVT. LTD.","SELL","64,000","66.00","-"
"18-SEP-2025","AGUL","A G Universal Limited","BELA P SHAH","BUY","30,000","66.00","-"
"18-SEP-2025","AGUL","A G Universal Limited","BELA P SHAH","SELL","30,000","66.00","-"
"18-SEP-2025","AGUL","A G Universal Limited","SEEMA  JINDAL","BUY","80,000","66.00","-"
"18-SEP-2025","AHCL","Anlon Healthcare Limited","HRTI PRIVATE LIMITED","SELL","4,86,761","138.91","-"
"18-SEP-2025","AHCL","Anlon Healthcare Limited","HRTI PRIVATE LIMITED","BUY","5,17,445","138.51","-"
"18-SEP-2025","AHCL","Anlon Healthcare Limited","MATHISYS ADVISORS LLP","BUY","3,23,265","138.51","-"
"18-SEP-2025","AHCL","Anlon Healthcare Limited","MATHISYS ADVISORS LLP","SELL","3,23,265","139.12","-"
"18-SEP-2025","ASHOKAMET","Ashoka Metcast Limited","RIMPY MITTAL","BUY","4,16,824","18.58","-"
"18-SEP-2025","ASHOKAMET","Ashoka Metcast Limited","RIMPY MITTAL","SELL","4,81,824","18.96","-"
"18-SEP-2025","AWFIS","Awfis Space Solutions Ltd","HDFC MUTUAL FUND","BUY","5,00,000","580.01","-"
"18-SEP-2025","AWFIS","Awfis Space Solutions Ltd","VBAP HOLDINGS PRIVATE LIMITED","SELL","8,00,000","578.90","-"
"18-SEP-2025","BANCOINDIA","Banco Products (I) Ltd","GRAVITON RESEARCH CAPITAL LLP","SELL","9,52,232","797.91","-"
"18-SEP-2025","BANCOINDIA","Banco Products (I) Ltd","GRAVITON RESEARCH CAPITAL LLP","BUY","9,52,420","797.08","-"
"18-SEP-2025","COHANCE","Cohance Lifesciences Ltd","HDFC MUTUAL FUND","BUY","37,17,650","906.00","-"
"18-SEP-2025","COHANCE","Cohance Lifesciences Ltd","JUSMIRAL HOLDINGS LIMITED","SELL","3,41,48,000","906.00","-"
"18-SEP-2025","COHANCE","Cohance Lifesciences Ltd","SBI MUTUAL FUND","BUY","26,83,278","905.71","-"
"18-SEP-2025","DAVANGERE","Davangere Sugar Company L","AFFLUENCE FINCON SERVICE PRIVATE LIMITED","SELL","1,50,00,000","3.85","-"
"18-SEP-2025","DBEIL","Deepak Builders & Eng I L","RP FAMILY PRIVATE TRUST","SELL","30,840","166.37","-"
"18-SEP-2025","DBEIL","Deepak Builders & Eng I L","RP FAMILY PRIVATE TRUST","BUY","2,35,712","162.68","-"
"18-SEP-2025","DENEERS","De Neers Tools Limited","AKSHAY  PALIWAL","SELL","51,600","205.79","-"
"18-SEP-2025","DENEERS","De Neers Tools Limited","AKSHAY  PALIWAL","BUY","51,600","208.25","-"
"18-SEP-2025","DENEERS","De Neers Tools Limited","ANJU GUPTA","SELL","1,32,000","205.47","-"
"18-SEP-2025","DENEERS","De Neers Tools Limited","MANOJ GUPTA","SELL","55,800","210.78","-"
"18-SEP-2025","DENEERS","De Neers Tools Limited","MANPREET SINGH LAMBA","SELL","45,000","210.54","-"
"18-SEP-2025","DENEERS","De Neers Tools Limited","MANPREET SINGH LAMBA","SELL","66,600","211.96","-"
"18-SEP-2025","DENEERS","De Neers Tools Limited","NEO APEX VENTURE LLP","BUY","37,800","200.97","-"
"18-SEP-2025","DENEERS","De Neers Tools Limited","NEO APEX VENTURE LLP","SELL","75,600","212.31","-"
"18-SEP-2025","DENEERS","De Neers Tools Limited","PATEL ANAND RAJESHBHAI","SELL","52,800","216.48","-"
"18-SEP-2025","DENEERS","De Neers Tools Limited","PRUDENT EQUITY PRIVATE LIMITED","SELL","71,400","208.64","-"
"18-SEP-2025","DENEERS","De Neers Tools Limited","SOHAM FINCARE INDIA LLP","SELL","1,11,600","213.86","-"
"18-SEP-2025","DENEERS","De Neers Tools Limited","SOHAM FINCARE INDIA LLP","BUY","1,11,600","214.13","-"
"18-SEP-2025","DENEERS","De Neers Tools Limited","SRESTHA FINVEST LIMITED","SELL","48,000","215.74","-"
"18-SEP-2025","DENEERS","De Neers Tools Limited","SRESTHA FINVEST LIMITED","BUY","48,000","210.00","-"
"18-SEP-2025","DENEERS","De Neers Tools Limited","SUMICKSHA BANSAL","BUY","51,000","217.63","-"
"18-SEP-2025","DENEERS","De Neers Tools Limited","SUMICKSHA BANSAL","SELL","51,000","217.50","-"
"18-SEP-2025","DENTA","Denta Water N Infra Sol L","ELIXIR WEALTH MANAGEMENT PRIVATE LIMITED","SELL","2,47,514","464.34","-"
"18-SEP-2025","DENTA","Denta Water N Infra Sol L","ELIXIR WEALTH MANAGEMENT PRIVATE LIMITED","BUY","2,51,583","463.54","-"
"18-SEP-2025","DENTA","Denta Water N Infra Sol L","HRTI PRIVATE LIMITED","BUY","3,35,207","453.77","-"
"18-SEP-2025","DENTA","Denta Water N Infra Sol L","HRTI PRIVATE LIMITED","SELL","3,38,607","452.50","-"
"18-SEP-2025","DENTA","Denta Water N Infra Sol L","IRAGE BROKING SERVICES LLP","SELL","2,37,225","460.07","-"
"18-SEP-2025","DENTA","Denta Water N Infra Sol L","IRAGE BROKING SERVICES LLP","BUY","2,52,741","461.82","-"
"18-SEP-2025","DENTA","Denta Water N Infra Sol L","JUNOMONETA FINSOL PRIVATE LIMITED","SELL","4,01,239","460.14","-"
"18-SEP-2025","DENTA","Denta Water N Infra Sol L","JUNOMONETA FINSOL PRIVATE LIMITED","BUY","4,01,239","459.72","-"
"18-SEP-2025","DENTA","Denta Water N Infra Sol L","MUSIGMA SECURITIES","BUY","2,75,937","463.42","-"
"18-SEP-2025","DENTA","Denta Water N Infra Sol L","MUSIGMA SECURITIES","SELL","2,75,937","463.95","-"
"18-SEP-2025","DENTA","Denta Water N Infra Sol L","PACE STOCK BROKING SERVICES PVT LTD","SELL","2,13,335","463.78","-"
"18-SEP-2025","DENTA","Denta Water N Infra Sol L","PACE STOCK BROKING SERVICES PVT LTD","BUY","2,13,835","463.06","-"
"18-SEP-2025","DENTA","Denta Water N Infra Sol L","QE SECURITIES LLP","BUY","1,38,722","457.55","-"
"18-SEP-2025","DENTA","Denta Water N Infra Sol L","QE SECURITIES LLP","SELL","1,39,614","454.93","-"
"18-SEP-2025","DEVX","Dev Accelerator Limited","DEVI TRADERS LLP","SELL","1,40,000","61.07","-"
"18-SEP-2025","DEVX","Dev Accelerator Limited","DEVI TRADERS LLP","BUY","5,00,000","60.84","-"
"18-SEP-2025","DEVX","Dev Accelerator Limited","NEO APEX VENTURE LLP","SELL","7,00,000","60.85","-"
"18-SEP-2025","GTL","GTL Limited","ANKITA VISHAL SHAH","SELL","26,91,689","11.04","-"
"18-SEP-2025","GTL","GTL Limited","ANKITA VISHAL SHAH","BUY","51,91,689","11.17","-"
"18-SEP-2025","GTL","GTL Limited","BYTES AND PIXELS FINSOFT LLP .","BUY","3,75,056","10.97","-"
"18-SEP-2025","GTL","GTL Limited","BYTES AND PIXELS FINSOFT LLP .","SELL","8,25,056","10.63","-"
"18-SEP-2025","GTL","GTL Limited","LIESHA CORPORATION PRIVATE LIMITED .","BUY","6","11.14","-"
"18-SEP-2025","GTL","GTL Limited","LIESHA CORPORATION PRIVATE LIMITED .","SELL","9,21,006","10.88","-"
"18-SEP-2025","GTL","GTL Limited","MANSI SHARE AND STOCK BROKING PRIVATE LIMITED","BUY","17,00,016","11.11","-"
"18-SEP-2025","GTL","GTL Limited","MANSI SHARE AND STOCK BROKING PRIVATE LIMITED","SELL","17,50,018","11.10","-"
"18-SEP-2025","GTL","GTL Limited","NEO APEX VENTURE LLP","SELL","15,00,004","11.26","-"
"18-SEP-2025","GTL","GTL Limited","NEO APEX VENTURE LLP","BUY","15,00,004","10.71","-"
"18-SEP-2025","HERITGFOOD","Heritage Foods Ltd.","GRAVITON RESEARCH CAPITAL LLP","BUY","6,87,237","522.99","-"
"18-SEP-2025","HERITGFOOD","Heritage Foods Ltd.","GRAVITON RESEARCH CAPITAL LLP","SELL","6,87,237","523.61","-"
"18-SEP-2025","HFCL","HFCL Limited","GRAVITON RESEARCH CAPITAL LLP","SELL","88,46,021","77.31","-"
"18-SEP-2025","HFCL","HFCL Limited","GRAVITON RESEARCH CAPITAL LLP","BUY","92,00,771","77.28","-"
"18-SEP-2025","HITECH","Hi-Tech Pipes Limited","GRAVITON RESEARCH CAPITAL LLP","BUY","32,88,254","119.46","-"
"18-SEP-2025","HITECH","Hi-Tech Pipes Limited","GRAVITON RESEARCH CAPITAL LLP","SELL","32,88,254","119.58","-"
"18-SEP-2025","HITECH","Hi-Tech Pipes Limited","HRTI PRIVATE LIMITED","SELL","12,56,123","119.56","-"
"18-SEP-2025","HITECH","Hi-Tech Pipes Limited","HRTI PRIVATE LIMITED","BUY","13,95,724","119.15","-"
"18-SEP-2025","HITECH","Hi-Tech Pipes Limited","QE SECURITIES LLP","BUY","10,87,380","120.03","-"
"18-SEP-2025","HITECH","Hi-Tech Pipes Limited","QE SECURITIES LLP","SELL","11,02,179","120.08","-"
"18-SEP-2025","INDOTHAI","Indo Thai Sec Ltd","YAGNIK BHARATKUMAR TANK","BUY","85,238","207.99","-"
"18-SEP-2025","INDOTHAI","Indo Thai Sec Ltd","YAGNIK BHARATKUMAR TANK","SELL","7,90,390","200.10","-"
"18-SEP-2025","INTEGRITY","Integrity Infrabuild De L","ARYAMAN CAPITAL MARKETS LIMITED","SELL","50,400","100.50","-"
"18-SEP-2025","INTEGRITY","Integrity Infrabuild De L","SHIV AUM STEELS LIMITED","BUY","50,400","100.50","-"
"18-SEP-2025","INTENTECH","Intense Technologies Ltd","APPARAO VENKATA VARRE","SELL","2,65,000","97.37","-"
"18-SEP-2025","IRMENERGY","IRM Energy Limited","ALPHAGREP SECURITIES PRIVATE LIMITED","BUY","3,15,064","372.31","-"
"18-SEP-2025","IRMENERGY","IRM Energy Limited","ALPHAGREP SECURITIES PRIVATE LIMITED","SELL","3,15,064","372.68","-"
"18-SEP-2025","IRMENERGY","IRM Energy Limited","GRAVITON RESEARCH CAPITAL LLP","SELL","8,71,828","371.12","-"
"18-SEP-2025","IRMENERGY","IRM Energy Limited","GRAVITON RESEARCH CAPITAL LLP","BUY","8,71,828","370.36","-"
"18-SEP-2025","IRMENERGY","IRM Energy Limited","GRT STRATEGIC VENTURES LLP","BUY","2,96,368","377.52","-"
"18-SEP-2025","IRMENERGY","IRM Energy Limited","GRT STRATEGIC VENTURES LLP","SELL","2,96,368","377.93","-"
"18-SEP-2025","IRMENERGY","IRM Energy Limited","IRAGE BROKING SERVICES LLP","SELL","3,09,041","375.47","-"
"18-SEP-2025","IRMENERGY","IRM Energy Limited","IRAGE BROKING SERVICES LLP","BUY","5,86,759","374.36","-"
"18-SEP-2025","IRMENERGY","IRM Energy Limited","JUNOMONETA FINSOL PRIVATE LIMITED","BUY","5,34,314","378.32","-"
"18-SEP-2025","IRMENERGY","IRM Energy Limited","JUNOMONETA FINSOL PRIVATE LIMITED","SELL","5,34,314","378.61","-"
"18-SEP-2025","IRMENERGY","IRM Energy Limited","MUSIGMA SECURITIES","BUY","4,71,485","374.73","-"
"18-SEP-2025","IRMENERGY","IRM Energy Limited","MUSIGMA SECURITIES","SELL","4,71,485","374.92","-"
"18-SEP-2025","IRMENERGY","IRM Energy Limited","NK SECURITIES RESEARCH PRIVATE LIMITED","SELL","4,35,689","369.57","-"
"18-SEP-2025","IRMENERGY","IRM Energy Limited","NK SECURITIES RESEARCH PRIVATE LIMITED","BUY","4,35,689","369.38","-"
"18-SEP-2025","IRMENERGY","IRM Energy Limited","PACE STOCK BROKING SERVICES PVT LTD","SELL","4,16,858","372.46","-"
"18-SEP-2025","IRMENERGY","IRM Energy Limited","PACE STOCK BROKING SERVICES PVT LTD","BUY","4,16,905","372.90","-"
"18-SEP-2025","IRMENERGY","IRM Energy Limited","PATRONUS TRADETECH LLP","BUY","2,26,012","376.66","-"
"18-SEP-2025","IRMENERGY","IRM Energy Limited","PATRONUS TRADETECH LLP","SELL","2,45,638","376.39","-"
"18-SEP-2025","IRMENERGY","IRM Energy Limited","QE SECURITIES LLP","BUY","2,43,540","377.48","-"
"18-SEP-2025","IRMENERGY","IRM Energy Limited","QE SECURITIES LLP","SELL","2,46,897","376.48","-"
"18-SEP-2025","KAVDEFENCE","Kavveri Dfs & Wir Tec Ltd","GREEN PEAKS ENTERPRISES LLP","BUY","39,399","107.97","-"
"18-SEP-2025","KAVDEFENCE","Kavveri Dfs & Wir Tec Ltd","GREEN PEAKS ENTERPRISES LLP","SELL","1,03,701","107.84","-"
"18-SEP-2025","KKJEWELS","Kabra Jewels Limited","KRUTI SEVANTI DOSHI","SELL","55,000","97.19","-"
"18-SEP-2025","LAXMIINDIA","Laxmi India Finance Ltd","HRTI PRIVATE LIMITED","SELL","3,94,864","174.28","-"
"18-SEP-2025","LAXMIINDIA","Laxmi India Finance Ltd","HRTI PRIVATE LIMITED","BUY","4,51,996","174.51","-"
"18-SEP-2025","LAXMIINDIA","Laxmi India Finance Ltd","JUNOMONETA FINSOL PRIVATE LIMITED","BUY","3,33,693","175.31","-"
"18-SEP-2025","LAXMIINDIA","Laxmi India Finance Ltd","JUNOMONETA FINSOL PRIVATE LIMITED","SELL","3,33,693","175.52","-"
"18-SEP-2025","LAXMIINDIA","Laxmi India Finance Ltd","MATHISYS ADVISORS LLP","BUY","3,59,329","174.97","-"
"18-SEP-2025","LAXMIINDIA","Laxmi India Finance Ltd","MATHISYS ADVISORS LLP","SELL","3,72,881","175.33","-"
"18-SEP-2025","LLOYDPP","LLOYD Rs.0.50 ppd up","ARUNKUMAR MAHABIRPRASAD JATIA","BUY","20,00,000","44.81","-"
"18-SEP-2025","MICEL","MIC Electronics Ltd","HRTI PRIVATE LIMITED","BUY","16,01,388","68.59","-"
"18-SEP-2025","MICEL","MIC Electronics Ltd","HRTI PRIVATE LIMITED","SELL","17,71,752","68.76","-"
"18-SEP-2025","MICEL","MIC Electronics Ltd","R R K ENTERPRISE PRIVATE LIMITED","SELL","20,00,000","68.00","-"
"18-SEP-2025","MOBIKWIK","One Mobikwik Systems Ltd","GRAVITON RESEARCH CAPITAL LLP","BUY","4,99,867","299.71","-"
"18-SEP-2025","MOBIKWIK","One Mobikwik Systems Ltd","GRAVITON RESEARCH CAPITAL LLP","SELL","4,99,867","299.85","-"
"18-SEP-2025","MOBIKWIK","One Mobikwik Systems Ltd","HRTI PRIVATE LIMITED","BUY","4,74,055","300.41","-"
"18-SEP-2025","MOBIKWIK","One Mobikwik Systems Ltd","HRTI PRIVATE LIMITED","SELL","5,41,618","299.66","-"
"18-SEP-2025","MOBIKWIK","One Mobikwik Systems Ltd","MATHISYS ADVISORS LLP","SELL","5,46,743","299.90","-"
"18-SEP-2025","MOBIKWIK","One Mobikwik Systems Ltd","MATHISYS ADVISORS LLP","BUY","5,51,453","299.94","-"
"18-SEP-2025","MOBIKWIK","One Mobikwik Systems Ltd","VENKATESWARLU KOLLURU","SELL","4,26,926","300.50","-"
"18-SEP-2025","MOBIKWIK","One Mobikwik Systems Ltd","VENKATESWARLU KOLLURU","BUY","4,60,010","301.16","-"
"18-SEP-2025","NEWGEN","Newgen Software Tech Ltd","GRAVITON RESEARCH CAPITAL LLP","BUY","7,20,921","930.22","-"
"18-SEP-2025","NEWGEN","Newgen Software Tech Ltd","GRAVITON RESEARCH CAPITAL LLP","SELL","7,20,921","930.76","-"
"18-SEP-2025","NIKITA","Nikita Papers Limited","L7 HITECH PRIVATE LIMITED","SELL","2,76,000","120.02","-"
"18-SEP-2025","NIKITA","Nikita Papers Limited","YASH HITESH PATEL","BUY","2,46,000","120.00","-"
"18-SEP-2025","NRVANDANA","N R Vandana Tex Ind Ltd","FINVESTA FIRST","SELL","1,95,000","53.12","-"
"18-SEP-2025","ONYX","Onyx Biotec Limited","ZETA GLOBAL FUNDS (OEIC) PCC LIMITED-ZETA SERIES B FUND PC","SELL","3,74,000","45.12","-"
"18-SEP-2025","POLYSIL","Polysil Irrigation Syst L","MEENABEN BHARATBHAI TANK","SELL","1,42,000","218.25","-"
"18-SEP-2025","POONAWALLA","Poonawalla Fincorp Ltd","GRAVITON RESEARCH CAPITAL LLP","SELL","59,22,771","498.18","-"
"18-SEP-2025","POONAWALLA","Poonawalla Fincorp Ltd","GRAVITON RESEARCH CAPITAL LLP","BUY","59,22,771","497.79","-"
"18-SEP-2025","RAMASTEEL","Rama Steel Tubes Limited","ATTHA SAMIDDHI VENTURES PRIVATE LIMITED","BUY","93,00,000","10.30","-"
"18-SEP-2025","RAMASTEEL","Rama Steel Tubes Limited","SW CAPITAL PRIVATE LIMITED","BUY","91,08,874","10.31","-"
"18-SEP-2025","RAMASTEEL","Rama Steel Tubes Limited","SW CAPITAL PRIVATE LIMITED","SELL","1,03,68,909","10.29","-"
"18-SEP-2025","RTL","Rama Telecom Limited","MAHESHKUMAR SUKHLAL JAIN","BUY","76,000","70.65","-"
"18-SEP-2025","RTL","Rama Telecom Limited","SAROJDEVI P GUPTA","BUY","72,000","69.90","-"
"18-SEP-2025","SHANTI","Shanti Overseas (Ind) Ltd","HEMAL ARUNBHAI MEHTA","BUY","82,000","9.53","-"
"18-SEP-2025","SHRINGARMS","Shringar Hou of Mangals L","ACME CAPITAL MARKET LIMITED","SELL","6,77,545","191.85","-"
"18-SEP-2025","SHRINGARMS","Shringar Hou of Mangals L","ACME CAPITAL MARKET LIMITED","BUY","6,77,545","190.81","-"
"18-SEP-2025","SHRINGARMS","Shringar Hou of Mangals L","GRAVITON RESEARCH CAPITAL LLP","BUY","6,12,889","190.28","-"
"18-SEP-2025","SHRINGARMS","Shringar Hou of Mangals L","GRAVITON RESEARCH CAPITAL LLP","SELL","6,12,889","190.33","-"
"18-SEP-2025","SHRINGARMS","Shringar Hou of Mangals L","L7 HITECH PRIVATE LIMITED","SELL","5,56,000","190.22","-"
"18-SEP-2025","SHRINGARMS","Shringar Hou of Mangals L","L7 HITECH PRIVATE LIMITED","BUY","7,74,000","191.78","-"
"18-SEP-2025","SHRINGARMS","Shringar Hou of Mangals L","NIVESH CONSULTANCY PRIVATE LIMITED","SELL","8,07,707","190.69","-"
"18-SEP-2025","SHRINGARMS","Shringar Hou of Mangals L","NIVESH CONSULTANCY PRIVATE LIMITED","BUY","10,50,707","190.29","-"
"18-SEP-2025","SUPREME","Supreme Holdin N Hosp I L","HI KLASS TRADING & INVESTMENT LIMITED","BUY","56,883","84.01","-"
"18-SEP-2025","SUPREME","Supreme Holdin N Hosp I L","HI KLASS TRADING & INVESTMENT LIMITED","SELL","4,00,444","85.75","-"
"18-SEP-2025","SUPREME","Supreme Holdin N Hosp I L","PALAK TRADELINK PRIVATE LIMITED","SELL","2,11,558","84.92","-"
"18-SEP-2025","SUPREME","Supreme Holdin N Hosp I L","PALAK TRADELINK PRIVATE LIMITED","BUY","2,11,558","85.13","-"
"18-SEP-2025","TGBHOTELS","Bhagwati Banquets And Hot","PRAGNESH ROHITKUMAR PANDYA","BUY","1,81,218","12.35","-"
"18-SEP-2025","TGBHOTELS","Bhagwati Banquets And Hot","PRAGNESH ROHITKUMAR PANDYA","SELL","1,87,171","12.57","-"
"18-SEP-2025","TVSELECT","TVS Electronics Limited","NEO APEX VENTURE LLP","BUY","1,07,300","506.33","-"
"18-SEP-2025","TVSELECT","TVS Electronics Limited","NEO APEX VENTURE LLP","SELL","1,13,996","508.08","-"
"18-SEP-2025","VPRPL","Vishnu Prakash R Pungli L","NEOMILE CORPORATE ADVISORY LIMITED","SELL","2,33,088","109.85","-"
"18-SEP-2025","VPRPL","Vishnu Prakash R Pungli L","NEOMILE CORPORATE ADVISORY LIMITED","BUY","20,43,000","111.99","-"