﻿"Date ","Symbol ","Security Name ","Client Name ","Buy / Sell ","Quantity Traded ","Trade Price / Wght. Avg. Price ","Remarks "
"17-JUN-2025","AWFIS","Awfis Space Solutions Ltd","QRG INVESTMENTS AND HOLDINGS LIMITED","SELL","4,00,347","685.08","-"
"17-JUN-2025","BIRLACABLE","Birla Cable Limited","NK SECURITIES RESEARCH PRIVATE LIMITED","SELL","1,85,048","207.94","-"
"17-JUN-2025","BIRLACABLE","Birla Cable Limited","NK SECURITIES RESEARCH PRIVATE LIMITED","BUY","1,85,048","207.75","-"
"17-JUN-2025","BIRLACABLE","Birla Cable Limited","QE SECURITIES LLP","BUY","1,79,705","206.82","-"
"17-JUN-2025","BIRLACABLE","Birla Cable Limited","QE SECURITIES LLP","SELL","1,84,576","206.97","-"
"17-JUN-2025","BLUSPRING","Bluspring Enterprises Ltd","INDIA CAPITAL MANAGEMENT LIMITED A/C INDIA CAPITAL FUND LIMITED","SELL","9,59,992","70.77","-"
"17-JUN-2025","BLUSPRING","Bluspring Enterprises Ltd","ISHARES CORE MSCI EMERGING MARKETS ETF","SELL","7,87,634","70.35","-"
"17-JUN-2025","BLUSPRING","Bluspring Enterprises Ltd","NEGEN CAPITAL SERVICES PRIVATE LIMITED","BUY","19,70,597","69.72","-"
"17-JUN-2025","BLUSPRING","Bluspring Enterprises Ltd","VANGUARD ESG INTERNATIONAL STOCK ETF","SELL","8,84,440","69.71","-"
"17-JUN-2025","CAPTRUST","Capital Trust Limited","YOGEN  KHOSLA","SELL","85,908","91.23","-"
"17-JUN-2025","FINOPB","Fino Payments Bank Ltd","PARTH INFIN BROKERS PVT LTD","SELL","5,29,507","287.60","-"
"17-JUN-2025","FINOPB","Fino Payments Bank Ltd","PARTH INFIN BROKERS PVT LTD","BUY","5,70,021","287.56","-"
"17-JUN-2025","GANESHBE","Ganesh Benzoplast Limited","SNB SECURITIES PRIVATE LIMITED","SELL","3,64,131","104.83","-"
"17-JUN-2025","GANESHBE","Ganesh Benzoplast Limited","SNB SECURITIES PRIVATE LIMITED","BUY","3,64,131","105.99","-"
"17-JUN-2025","GODHA","Godha Cabcon Insulat Ltd","ISHAAN TRADEFIN LLP","SELL","35,14,061","0.50","-"
"17-JUN-2025","GODHA","Godha Cabcon Insulat Ltd","ISHAAN TRADEFIN LLP","BUY","80,14,061","0.50","-"
"17-JUN-2025","HAPPSTMNDS","Happiest Minds Techno Ltd","GRAVITON RESEARCH CAPITAL LLP","SELL","10,35,039","652.54","-"
"17-JUN-2025","HAPPSTMNDS","Happiest Minds Techno Ltd","GRAVITON RESEARCH CAPITAL LLP","BUY","10,35,039","651.86","-"
"17-JUN-2025","HAPPSTMNDS","Happiest Minds Techno Ltd","NK SECURITIES RESEARCH PRIVATE LIMITED","SELL","11,33,622","660.10","-"
"17-JUN-2025","HAPPSTMNDS","Happiest Minds Techno Ltd","NK SECURITIES RESEARCH PRIVATE LIMITED","BUY","11,33,622","659.76","-"
"17-JUN-2025","HAPPSTMNDS","Happiest Minds Techno Ltd","QE SECURITIES LLP","BUY","8,31,784","653.55","-"
"17-JUN-2025","HAPPSTMNDS","Happiest Minds Techno Ltd","QE SECURITIES LLP","SELL","8,39,001","654.56","-"
"17-JUN-2025","INTEGRITY","Integrity Infrabuild De L","NOPEA CAPITAL SERVICES PRIVATE LIMITED","SELL","22,800","102.00","-"
"17-JUN-2025","JAINIK","Jainik Power Cables Ltd","MANSI SHARE AND STOCK BROKING PRIVATE LIMITED","BUY","78,000","82.00","-"
"17-JUN-2025","JAINIK","Jainik Power Cables Ltd","RAJASTHAN GLOBAL SECURITIES PVT LTD","SELL","4,47,600","82.00","-"
"17-JUN-2025","JALAN","Jalan Transolu. India Ltd","AGARWALA ASHOK KUMAR","BUY","1,05,000","9.42","-"
"17-JUN-2025","JALAN","Jalan Transolu. India Ltd","MANISH JALAN","SELL","2,52,000","9.42","-"
"17-JUN-2025","KBCGLOBAL","KBC Global Limited","ACHINTYA SECURITIES PRIVATE LIMITED","BUY","5,39,32,614","0.62","-"
"17-JUN-2025","KBCGLOBAL","KBC Global Limited","ACHINTYA SECURITIES PRIVATE LIMITED","SELL","5,82,36,281","0.62","-"
"17-JUN-2025","KCK","Kck Industries Limited","NARESH PAWARIYA AND SONS HUF","SELL","3,50,000","38.57","-"
"17-JUN-2025","KESORAMIND","KESORAM INDUSTRIES LTD","DEVI TRADERS LLP","SELL","15,00,000","6.98","-"
"17-JUN-2025","KESORAMIND","KESORAM INDUSTRIES LTD","DEVI TRADERS LLP","BUY","25,00,000","6.71","-"
"17-JUN-2025","KESORAMIND","KESORAM INDUSTRIES LTD","NEO APEX VENTURE LLP","BUY","20,00,000","6.98","-"
"17-JUN-2025","KHANDSE","Khandwala Sec. Ltd","MITTAL PUNEET","BUY","50,175","26.49","-"
"17-JUN-2025","KHANDSE","Khandwala Sec. Ltd","MITTAL PUNEET","SELL","81,454","26.79","-"
"17-JUN-2025","KRIDHANINF","Kridhan Infra Limited","AQUARIUS INDIA OPPORTUNITIES FUND","BUY","15,00,000","4.60","-"
"17-JUN-2025","KRIDHANINF","Kridhan Infra Limited","THE INDIAMAN FUND MAURITIUS LIMITED","SELL","23,71,000","4.60","-"
"17-JUN-2025","KSHITIJPOL","Kshitij Polyline Limited","AMIT KUMAR JAIN","SELL","7,78,270","3.85","-"
"17-JUN-2025","KSHITIJPOL","Kshitij Polyline Limited","AMIT KUMAR JAIN","BUY","8,04,645","3.94","-"
"17-JUN-2025","KSL","Kalyani Steels Limited","GRAVITON RESEARCH CAPITAL LLP","SELL","2,19,542","914.83","-"
"17-JUN-2025","KSL","Kalyani Steels Limited","GRAVITON RESEARCH CAPITAL LLP","BUY","2,19,542","913.45","-"
"17-JUN-2025","MAGSON","Magson Retail And Dist L","JOITARAM S PATEL","SELL","1,56,000","139.10","-"
"17-JUN-2025","MAGSON","Magson Retail And Dist L","KRISHNAM ENTERPRISE LLP LLP","BUY","1,77,000","139.10","-"
"17-JUN-2025","MONOPHARMA","Mono Pharmacare Limited","CHIRAG JITENDRA PAREKH","SELL","2,50,000","22.92","-"
"17-JUN-2025","MONOPHARMA","Mono Pharmacare Limited","L7 HITECH PRIVATE LIMITED","BUY","1,62,000","22.89","-"
"17-JUN-2025","NIKITA","Nikita Papers Limited","SANDEEP SINGH","BUY","1,51,200","101.96","-"
"17-JUN-2025","OLIL","Oneclick Logistics Ind L","BHASKAR NARMADASHANKAR OZA","BUY","24,000","190.74","-"
"17-JUN-2025","ORIENTALTL","Oriental Trimex Limited","JAYESH DHANESH GORAGANDHI","SELL","10,93,342","17.05","-"
"17-JUN-2025","PATTECH","Pattech Fitwell Tub Com L","LAKHANI JIGNESH JASMATBHAI(HUF)","SELL","40,500","74.75","-"
"17-JUN-2025","PRANIK","Pranik Logistics Limited","ALLINA  QURESHI","SELL","6,400","78.20","-"
"17-JUN-2025","PRANIK","Pranik Logistics Limited","ALLINA  QURESHI","BUY","1,15,200","79.34","-"
"17-JUN-2025","PRANIK","Pranik Logistics Limited","PINE OAK GLOBAL FUND","SELL","68,800","79.46","-"
"17-JUN-2025","ROML","Raj Oil Mills Limited","GAURAV CHANDRAKANT SHAH","BUY","80,272","60.84","-"
"17-JUN-2025","SACHEEROME","Sacheerome Limited","MANSI SHARE AND STOCK BROKING PRIVATE LIMITED","BUY","1,39,200","167.54","-"
"17-JUN-2025","SAROJA","Saroja Pharma Indus Ind L","VARDAAN NAGPAL","SELL","32,000","35.90","-"
"17-JUN-2025","SEPC-RE3","SEPC Ltd","MARK AB WELFARE TRUST","SELL","80,80,563","1.12","-"
"17-JUN-2025","SEPC-RE3","SEPC Ltd","SHARE INDIA SECURITIES LIMITED","SELL","799","1.13","-"
"17-JUN-2025","SEPC-RE3","SEPC Ltd","SHARE INDIA SECURITIES LIMITED","BUY","19,03,444","1.13","-"
"17-JUN-2025","SGL","STL Global Limited","ASCENT QUANT RESEARCH PVT. LTD.","BUY","1,83,223","19.26","-"
"17-JUN-2025","SGL","STL Global Limited","ASCENT QUANT RESEARCH PVT. LTD.","SELL","1,83,223","19.19","-"
"17-JUN-2025","SGL","STL Global Limited","SOLNKI RANVIRSINH RAMUBHA","BUY","3,68,200","19.22","-"
"17-JUN-2025","SGL","STL Global Limited","SOLNKI RANVIRSINH RAMUBHA","SELL","3,68,200","19.04","-"
"17-JUN-2025","SRPL","Shree Ram Proteins Ltd.","HARBIR SINGH CHADHA","SELL","48,08,740","0.48","-"
"17-JUN-2025","STLTECH","Sterlite Technologies Ltd","AAKRAYA RESEARCH LLP","SELL","58,06,614","111.79","-"
"17-JUN-2025","STLTECH","Sterlite Technologies Ltd","AAKRAYA RESEARCH LLP","BUY","58,11,274","111.70","-"
"17-JUN-2025","STLTECH","Sterlite Technologies Ltd","GRAVITON RESEARCH CAPITAL LLP","BUY","67,36,970","111.03","-"
"17-JUN-2025","STLTECH","Sterlite Technologies Ltd","GRAVITON RESEARCH CAPITAL LLP","SELL","67,36,970","111.13","-"
"17-JUN-2025","STLTECH","Sterlite Technologies Ltd","HRTI PRIVATE LIMITED","SELL","59,05,882","111.34","-"
"17-JUN-2025","STLTECH","Sterlite Technologies Ltd","HRTI PRIVATE LIMITED","BUY","63,89,241","111.20","-"
"17-JUN-2025","STLTECH","Sterlite Technologies Ltd","IRAGE BROKING SERVICES LLP","SELL","12,77,840","111.59","-"
"17-JUN-2025","STLTECH","Sterlite Technologies Ltd","IRAGE BROKING SERVICES LLP","BUY","28,42,792","110.91","-"
"17-JUN-2025","STLTECH","Sterlite Technologies Ltd","MICROCURVES TRADING PRIVATE LIMITED","BUY","37,26,676","111.17","-"
"17-JUN-2025","STLTECH","Sterlite Technologies Ltd","MICROCURVES TRADING PRIVATE LIMITED","SELL","37,26,676","111.24","-"
"17-JUN-2025","STLTECH","Sterlite Technologies Ltd","MUSIGMA SECURITIES","BUY","39,71,356","112.30","-"
"17-JUN-2025","STLTECH","Sterlite Technologies Ltd","MUSIGMA SECURITIES","SELL","39,71,356","112.35","-"
"17-JUN-2025","STLTECH","Sterlite Technologies Ltd","NK SECURITIES RESEARCH PRIVATE LIMITED","SELL","37,85,769","111.21","-"
"17-JUN-2025","STLTECH","Sterlite Technologies Ltd","NK SECURITIES RESEARCH PRIVATE LIMITED","BUY","37,85,769","111.16","-"
"17-JUN-2025","STLTECH","Sterlite Technologies Ltd","QE SECURITIES LLP","BUY","24,76,867","111.28","-"
"17-JUN-2025","STLTECH","Sterlite Technologies Ltd","QE SECURITIES LLP","SELL","25,37,406","111.88","-"
"17-JUN-2025","STLTECH","Sterlite Technologies Ltd","SHARE INDIA SECURITIES LIMITED","BUY","25,08,438","114.34","-"
"17-JUN-2025","STLTECH","Sterlite Technologies Ltd","SHARE INDIA SECURITIES LIMITED","SELL","25,22,512","114.20","-"
"17-JUN-2025","SUBROS","Subros Ltd","GRAVITON RESEARCH CAPITAL LLP","SELL","3,28,976","1,036.51","-"
"17-JUN-2025","SUBROS","Subros Ltd","GRAVITON RESEARCH CAPITAL LLP","BUY","3,28,976","1,036.02","-"
"17-JUN-2025","TGL","Teerth Gopicon Limited","ARPITANATH","BUY","75,200","166.95","-"
"17-JUN-2025","THESL","Thinking Hats Enter Sol L","GIRIRAJ STOCK BROKING PRIVATE LIMITED","BUY","1,05,000","35.85","-"
"17-JUN-2025","TVSSCS","TVS Supply Chain Sol L","AUTHUM INVESTMENT & INFRASTRUCTURE LIMITED","SELL","39,50,000","144.00","-"
"17-JUN-2025","TVSSCS","TVS Supply Chain Sol L","TVS MOTOR COMPANY LIMITED","BUY","39,50,000","144.00","-"
"17-JUN-2025","VMM","Vishal Mega Mart Limited","HDFC MUTUAL FUND","BUY","7,50,00,000","113.50","-"
"17-JUN-2025","VMM","Vishal Mega Mart Limited","KOTAK MAHINDRA MUTUAL FUND","BUY","2,95,20,295","113.50","-"
"17-JUN-2025","VMM","Vishal Mega Mart Limited","KOTAK MAHINDRA MUTUAL FUND","BUY","5,00,00,000","113.50","-"
"17-JUN-2025","VMM","Vishal Mega Mart Limited","SAMAYAT SERVICES LLP","SELL","45,00,00,000","113.51","-"
"17-JUN-2025","VMM","Vishal Mega Mart Limited","SAMAYAT SERVICES LLP","SELL","45,00,00,000","113.61","-"
"17-JUN-2025","VMM","Vishal Mega Mart Limited","SBI MUTUAL FUND","BUY","7,15,00,000","113.50","-"
"17-JUN-2025","VMM","Vishal Mega Mart Limited","SBI MUTUAL FUND","BUY","9,43,55,750","113.50","-"
"17-JUN-2025","ZYDUSWELL","Zydus Wellness Limited","PPFAS MUTUAL FUND","BUY","46,27,111","1,900.00","-"
"17-JUN-2025","ZYDUSWELL","Zydus Wellness Limited","THREPSI CARE LLP","SELL","46,27,111","1,900.00","-"