﻿"Date ","Symbol ","Security Name ","Client Name ","Buy / Sell ","Quantity Traded ","Trade Price / Wght. Avg. Price ","Remarks "
"24-JUL-2025","AGUL","A G Universal Limited","BELA P SHAH","BUY","70,000","60.02","-"
"24-JUL-2025","AGUL","A G Universal Limited","TRUECARE METAL PRIVATE LIMITED","SELL","32,000","60.02","-"
"24-JUL-2025","AKIKO","Akiko Global Services L","KHUSHBOO NAHAR","BUY","88,000","88.94","-"
"24-JUL-2025","ATALREAL","Atal Realtech Limited","L7 HITECH PRIVATE LIMITED","SELL","6,40,067","20.00","-"
"24-JUL-2025","AXITA","Axita Cotton Limited","DHARAM PAL AGGARWAL","SELL","21,20,354","9.16","-"
"24-JUL-2025","AXITA","Axita Cotton Limited","DHARAM PAL AGGARWAL","BUY","25,32,827","9.18","-"
"24-JUL-2025","BAWEJA","Baweja Studios Limited","ALPA WEALTH CREATOR","BUY","8,000","68.67","-"
"24-JUL-2025","BAWEJA","Baweja Studios Limited","ALPA WEALTH CREATOR","SELL","1,86,400","67.58","-"
"24-JUL-2025","BIRDYS","Grill Splendour Ser Ltd","PARAS SARABHAI DOSHI","BUY","36,000","135.64","-"
"24-JUL-2025","BIRDYS","Grill Splendour Ser Ltd","PRREETI JAIIN NAINUTIA","SELL","54,000","135.57","-"
"24-JUL-2025","BOMDYEING","Bombay Dyeing & Mfg Co.","GRAVITON RESEARCH CAPITAL LLP","BUY","20,16,458","192.84","-"
"24-JUL-2025","BOMDYEING","Bombay Dyeing & Mfg Co.","GRAVITON RESEARCH CAPITAL LLP","SELL","20,16,458","193.00","-"
"24-JUL-2025","BOMDYEING","Bombay Dyeing & Mfg Co.","NK SECURITIES RESEARCH PRIVATE LIMITED","BUY","10,66,536","192.96","-"
"24-JUL-2025","BOMDYEING","Bombay Dyeing & Mfg Co.","NK SECURITIES RESEARCH PRIVATE LIMITED","SELL","10,66,536","193.05","-"
"24-JUL-2025","BOMDYEING","Bombay Dyeing & Mfg Co.","QE SECURITIES LLP","SELL","15,77,465","193.32","-"
"24-JUL-2025","BOMDYEING","Bombay Dyeing & Mfg Co.","QE SECURITIES LLP","BUY","15,99,513","193.05","-"
"24-JUL-2025","CIGNITITEC","Cigniti Technologies Ltd","MORGAN STANLEY ASIA SINGAPORE PTE","BUY","1,65,750","1,591.46","-"
"24-JUL-2025","DATAMATICS","Datamatics Global Ser.Ltd","GRAVITON RESEARCH CAPITAL LLP","BUY","4,69,536","910.78","-"
"24-JUL-2025","DATAMATICS","Datamatics Global Ser.Ltd","GRAVITON RESEARCH CAPITAL LLP","SELL","4,69,536","911.63","-"
"24-JUL-2025","DATAMATICS","Datamatics Global Ser.Ltd","QE SECURITIES LLP","SELL","3,56,302","914.61","-"
"24-JUL-2025","DATAMATICS","Datamatics Global Ser.Ltd","QE SECURITIES LLP","BUY","3,60,470","909.40","-"
"24-JUL-2025","DECCANTRAN","Deccan Transcon Leasing L","GIRIJADHAVA VYAPAAR PRIVATE LIMITED","BUY","2,49,600","37.94","-"
"24-JUL-2025","DECCANTRAN","Deccan Transcon Leasing L","SUNRISE WEALTH ADVISORS LLP","SELL","1,81,200","37.95","-"
"24-JUL-2025","FORCEMOT","Force Motors Limited","HRTI PRIVATE LIMITED","SELL","71,623","19,417.04","-"
"24-JUL-2025","FORCEMOT","Force Motors Limited","HRTI PRIVATE LIMITED","BUY","88,858","19,336.34","-"
"24-JUL-2025","GARUDA","Garuda Construct N Eng L","HRTI PRIVATE LIMITED","SELL","4,28,288","181.25","-"
"24-JUL-2025","GARUDA","Garuda Construct N Eng L","HRTI PRIVATE LIMITED","BUY","4,67,226","179.27","-"
"24-JUL-2025","GATECH","GACM Technologies Limited","DUBEYSHAILA  THAKURPRASAD","SELL","70,72,365","0.67","-"
"24-JUL-2025","GATECH","GACM Technologies Limited","MANDAKINIBEN PRADYUMANBHAI PATEL","BUY","8,58,321","0.66","-"
"24-JUL-2025","GATECH","GACM Technologies Limited","MANDAKINIBEN PRADYUMANBHAI PATEL","SELL","82,47,824","0.67","-"
"24-JUL-2025","IEX","Indian Energy Exc Ltd","MANSI SHARE AND STOCK BROKING PRIVATE LIMITED","SELL","1,39,25,375","136.29","-"
"24-JUL-2025","IEX","Indian Energy Exc Ltd","MANSI SHARE AND STOCK BROKING PRIVATE LIMITED","BUY","1,53,57,638","138.04","-"
"24-JUL-2025","IEX","Indian Energy Exc Ltd","NEO APEX VENTURE LLP","SELL","1,20,60,201","140.86","-"
"24-JUL-2025","IEX","Indian Energy Exc Ltd","NEO APEX VENTURE LLP","BUY","1,21,19,363","135.42","-"
"24-JUL-2025","IEX","Indian Energy Exc Ltd","PICTET - INDIAN EQUITIES","SELL","60,00,000","131.50","-"
"24-JUL-2025","INDOBORAX","Indo Borax & Chemical Ltd","HRTI PRIVATE LIMITED","BUY","1,45,812","273.86","-"
"24-JUL-2025","INDOBORAX","Indo Borax & Chemical Ltd","HRTI PRIVATE LIMITED","SELL","1,67,519","273.67","-"
"24-JUL-2025","INDOBORAX","Indo Borax & Chemical Ltd","NK SECURITIES RESEARCH PRIVATE LIMITED","BUY","1,63,604","279.85","-"
"24-JUL-2025","INDOBORAX","Indo Borax & Chemical Ltd","NK SECURITIES RESEARCH PRIVATE LIMITED","SELL","1,63,604","280.19","-"
"24-JUL-2025","INDOBORAX","Indo Borax & Chemical Ltd","VICTUS ENTERPRISE LLP","BUY","2,00,000","276.71","-"
"24-JUL-2025","JAYNECOIND","Jayaswal Neco Industr Ltd","AAKRAYA RESEARCH LLP","SELL","49,11,198","46.05","-"
"24-JUL-2025","JAYNECOIND","Jayaswal Neco Industr Ltd","AAKRAYA RESEARCH LLP","BUY","49,11,198","46.02","-"
"24-JUL-2025","JAYNECOIND","Jayaswal Neco Industr Ltd","AMRITA  KEDIA","BUY","52,00,000","47.46","-"
"24-JUL-2025","JAYNECOIND","Jayaswal Neco Industr Ltd","ANAND  PODDAR","BUY","86,82,857","46.34","-"
"24-JUL-2025","JAYNECOIND","Jayaswal Neco Industr Ltd","ASSETS CARE AND RECONSTRUCTION ENTERPRISE LIMITED","SELL","7,61,80,778","42.42","-"
"24-JUL-2025","JAYNECOIND","Jayaswal Neco Industr Ltd","F3 ADVISORS PRIVATE LIMITED","BUY","1,93,74,800","42.79","-"
"24-JUL-2025","JAYNECOIND","Jayaswal Neco Industr Ltd","F3 ADVISORS PRIVATE LIMITED","SELL","2,15,93,298","44.08","-"
"24-JUL-2025","JAYNECOIND","Jayaswal Neco Industr Ltd","GRAVITON RESEARCH CAPITAL LLP","SELL","2,37,24,879","45.76","-"
"24-JUL-2025","JAYNECOIND","Jayaswal Neco Industr Ltd","GRAVITON RESEARCH CAPITAL LLP","BUY","2,37,33,969","45.70","-"
"24-JUL-2025","JAYNECOIND","Jayaswal Neco Industr Ltd","HRTI PRIVATE LIMITED","SELL","51,71,286","46.21","-"
"24-JUL-2025","JAYNECOIND","Jayaswal Neco Industr Ltd","HRTI PRIVATE LIMITED","BUY","61,88,876","45.39","-"
"24-JUL-2025","JAYNECOIND","Jayaswal Neco Industr Ltd","IRAGE BROKING SERVICES LLP","SELL","65,50,003","44.90","-"
"24-JUL-2025","JAYNECOIND","Jayaswal Neco Industr Ltd","IRAGE BROKING SERVICES LLP","BUY","99,29,984","44.02","-"
"24-JUL-2025","JAYNECOIND","Jayaswal Neco Industr Ltd","MANSI SHARE AND STOCK BROKING PRIVATE LIMITED","SELL","1,84,12,411","44.35","-"
"24-JUL-2025","JAYNECOIND","Jayaswal Neco Industr Ltd","MANSI SHARE AND STOCK BROKING PRIVATE LIMITED","BUY","1,86,38,502","41.93","-"
"24-JUL-2025","JAYNECOIND","Jayaswal Neco Industr Ltd","QE SECURITIES LLP","SELL","60,33,472","46.41","-"
"24-JUL-2025","JAYNECOIND","Jayaswal Neco Industr Ltd","QE SECURITIES LLP","BUY","60,91,578","45.78","-"
"24-JUL-2025","JAYNECOIND","Jayaswal Neco Industr Ltd","SHARE INDIA SECURITIES LIMITED","SELL","52,88,465","45.30","-"
"24-JUL-2025","JAYNECOIND","Jayaswal Neco Industr Ltd","SHARE INDIA SECURITIES LIMITED","BUY","54,16,460","44.51","-"
"24-JUL-2025","JTLIND","JTL INDUSTRIES LIMITED","JINDAL OIL AND FATS LIMITED","BUY","22,10,100","79.63","-"
"24-JUL-2025","KANDARP","Kandarp Dg Smart Bpo Ltd","PASHUPATI CAPITA SER PVT LTD","BUY","72,000","72.54","-"
"24-JUL-2025","KANDARP","Kandarp Dg Smart Bpo Ltd","PRITESH PRAKASH CHAVAN","SELL","1,26,000","71.70","-"
"24-JUL-2025","MAMATA","Mamata Machinery Limited","HRTI PRIVATE LIMITED","BUY","1,44,808","505.53","-"
"24-JUL-2025","MAMATA","Mamata Machinery Limited","HRTI PRIVATE LIMITED","SELL","1,57,830","503.21","-"
"24-JUL-2025","OLECTRA","Olectra Greentech Limited","GRAVITON RESEARCH CAPITAL LLP","BUY","5,20,977","1,425.86","-"
"24-JUL-2025","OLECTRA","Olectra Greentech Limited","GRAVITON RESEARCH CAPITAL LLP","SELL","5,20,977","1,427.74","-"
"24-JUL-2025","OLECTRA","Olectra Greentech Limited","HRTI PRIVATE LIMITED","SELL","3,45,379","1,445.88","-"
"24-JUL-2025","OLECTRA","Olectra Greentech Limited","HRTI PRIVATE LIMITED","BUY","4,41,712","1,441.24","-"
"24-JUL-2025","OLIL","Oneclick Logistics Ind L","BRIJAL PARTH PATEL","SELL","21,600","213.18","-"
"24-JUL-2025","OMFURN","Omfurn India Limited","SAMOD MUNNALAL JADON","BUY","74,400","103.90","-"
"24-JUL-2025","PEARLPOLY","Pearl Polymers Ltd","SAROJDEVI S KABRA","BUY","1,33,140","32.65","-"
"24-JUL-2025","PEARLPOLY","Pearl Polymers Ltd","SAROJDEVI S KABRA","SELL","1,33,140","32.55","-"
"24-JUL-2025","PNBGILTS","PNB Gilts Limited","QE SECURITIES LLP","SELL","10,51,891","116.24","-"
"24-JUL-2025","PNBGILTS","PNB Gilts Limited","QE SECURITIES LLP","BUY","10,58,171","116.46","-"
"24-JUL-2025","POCL","Pondy Oxides & Chem Ltd","GRAVITON RESEARCH CAPITAL LLP","BUY","2,57,349","1,087.70","-"
"24-JUL-2025","POCL","Pondy Oxides & Chem Ltd","GRAVITON RESEARCH CAPITAL LLP","SELL","2,57,349","1,088.84","-"
"24-JUL-2025","POCL","Pondy Oxides & Chem Ltd","HRTI PRIVATE LIMITED","SELL","1,52,815","1,088.39","-"
"24-JUL-2025","POCL","Pondy Oxides & Chem Ltd","HRTI PRIVATE LIMITED","BUY","1,64,143","1,087.53","-"
"24-JUL-2025","SENORES","Senores Pharmaceuticals L","GRAVITON RESEARCH CAPITAL LLP","BUY","6,39,285","684.96","-"
"24-JUL-2025","SENORES","Senores Pharmaceuticals L","GRAVITON RESEARCH CAPITAL LLP","SELL","6,39,285","685.44","-"
"24-JUL-2025","SENORES","Senores Pharmaceuticals L","QE SECURITIES LLP","BUY","2,44,396","686.01","-"
"24-JUL-2025","SENORES","Senores Pharmaceuticals L","QE SECURITIES LLP","SELL","2,47,903","684.18","-"
"24-JUL-2025","SKYGOLD","SKY GOLD AND DIAMONDS LTD","MANSI SHARE AND STOCK BROKING PRIVATE LIMITED","SELL","8,11,930","307.85","-"
"24-JUL-2025","SKYGOLD","SKY GOLD AND DIAMONDS LTD","MANSI SHARE AND STOCK BROKING PRIVATE LIMITED","BUY","8,86,394","307.85","-"
"24-JUL-2025","SPUNWEB","Spunweb Nonwoven Limited","DEVI TRADERS LLP","BUY","2,46,000","144.98","-"
"24-JUL-2025","SPUNWEB","Spunweb Nonwoven Limited","ISHAAN TRADEFIN LLP","BUY","1,15,200","150.10","-"
"24-JUL-2025","SPUNWEB","Spunweb Nonwoven Limited","ISHAAN TRADEFIN LLP","SELL","1,99,200","153.00","-"
"24-JUL-2025","SUMEETINDS","Sumeet Ind Limited","NEO APEX VENTURE LLP","BUY","44,305","129.54","-"
"24-JUL-2025","SUNREST","Sunrest Lifescience Ltd","PRAKASH GOURISANKAR JHUNJHUNWALA","BUY","27,200","60.50","-"
"24-JUL-2025","SUNREST","Sunrest Lifescience Ltd","SALUNKE GANESH SHIVAJI","SELL","25,600","60.50","-"
"24-JUL-2025","TI","Tilaknagar Industries Ltd","HRTI PRIVATE LIMITED","SELL","14,71,948","489.30","-"
"24-JUL-2025","TI","Tilaknagar Industries Ltd","HRTI PRIVATE LIMITED","BUY","15,08,925","488.34","-"
"24-JUL-2025","TOKYOPLAST","Tokyo Plast Intl Ltd","SAROJDEVI S KABRA","BUY","87,932","128.63","-"
"24-JUL-2025","TOKYOPLAST","Tokyo Plast Intl Ltd","SAROJDEVI S KABRA","SELL","87,932","124.84","-"
"24-JUL-2025","TTL-RE","T T Ltd","CROMEWELL ENTERPRISE PRIVATE LIMITED","SELL","1,96,857","0.40","-"
"24-JUL-2025","TTL-RE","T T Ltd","SUBHASH PHOOTARMAL RATHOD","SELL","2,10,000","0.42","-"
"24-JUL-2025","TTL-RE","T T Ltd","T T BRANDS LIMITED","SELL","2,61,610","0.42","-"
"24-JUL-2025","VCL","Vaxtex Cotfab Limited","UMESHWAR SECURITIES PRIVATE LIMITED","SELL","15,00,000","1.10","-"
"24-JUL-2025","WENDT","Wendt (India) Ltd.","HRTI PRIVATE LIMITED","BUY","10,358","9,949.78","-"
"24-JUL-2025","WENDT","Wendt (India) Ltd.","HRTI PRIVATE LIMITED","SELL","10,842","10,003.00","-"
"24-JUL-2025","WENDT","Wendt (India) Ltd.","SHRIPAL V VORA (HUF)","BUY","100","10,500.00","-"
"24-JUL-2025","WENDT","Wendt (India) Ltd.","SHRIPAL V VORA (HUF)","SELL","10,090","10,008.51","-"
"24-JUL-2025","WHITEFORCE","Happy Square Outsourc S L","ISHAAN TRADEFIN LLP","BUY","28,800","60.93","-"
"24-JUL-2025","WHITEFORCE","Happy Square Outsourc S L","ISHAAN TRADEFIN LLP","SELL","65,600","62.33","-"
"24-JUL-2025","WHITEFORCE","Happy Square Outsourc S L","NEO APEX SHARE BROKING SERVICES LLP","SELL","84,800","63.04","-"
"24-JUL-2025","WHITEFORCE","Happy Square Outsourc S L","NEO APEX SHARE BROKING SERVICES LLP","BUY","84,800","55.25","-"
"24-JUL-2025","WHITEFORCE","Happy Square Outsourc S L","VIKASA INDIA EIF I FUND-INCUBE GLOBAL OPPORTUNITIES","SELL","1,18,400","55.87","-"