﻿"Date ","Symbol ","Security Name ","Client Name ","Buy / Sell ","Quantity Traded ","Trade Price / Wght. Avg. Price ","Remarks "
"18-JUN-2025","ACCENT-RE","Accent Microcell Ltd","AS FINALYSIS VENTURES LLP","BUY","30,590","76.67","-"
"18-JUN-2025","ATALREAL","Atal Realtech Limited","PASHUPATI CAPITA SER PVT LTD","BUY","7,67,186","19.54","-"
"18-JUN-2025","BTML","Bodhi Tree Multimedia Ltd","L7 HITECH PRIVATE LIMITED","BUY","54,50,774","8.81","-"
"18-JUN-2025","BTML","Bodhi Tree Multimedia Ltd","PINE OAK GLOBAL FUND","SELL","54,00,000","8.80","-"
"18-JUN-2025","CHAMUNDA","Chamunda Electrical Ltd","KIFS  ENTERPRISE","SELL","78,000","41.87","-"
"18-JUN-2025","CINEVISTA","Cinevista Limited","NK SECURITIES RESEARCH PRIVATE LIMITED","BUY","3,05,219","23.83","-"
"18-JUN-2025","CINEVISTA","Cinevista Limited","NK SECURITIES RESEARCH PRIVATE LIMITED","SELL","3,05,219","23.89","-"
"18-JUN-2025","DHANLAXMI","Dhanlaxmi Crop Science L","KIFS  ENTERPRISE","SELL","90,000","48.63","-"
"18-JUN-2025","FINOPB","Fino Payments Bank Ltd","CRONY VYAPAR PVT LTD","SELL","10,50,317","295.36","-"
"18-JUN-2025","FINOPB","Fino Payments Bank Ltd","CRONY VYAPAR PVT LTD","BUY","10,58,191","294.61","-"
"18-JUN-2025","FINOPB","Fino Payments Bank Ltd","HRTI PRIVATE LIMITED","BUY","4,36,297","293.38","-"
"18-JUN-2025","FINOPB","Fino Payments Bank Ltd","HRTI PRIVATE LIMITED","SELL","4,81,704","292.86","-"
"18-JUN-2025","GANESHBE","Ganesh Benzoplast Limited","SNB SECURITIES PRIVATE LIMITED","BUY","5,33,237","100.42","-"
"18-JUN-2025","GANESHBE","Ganesh Benzoplast Limited","SNB SECURITIES PRIVATE LIMITED","SELL","5,33,237","100.53","-"
"18-JUN-2025","HINDZINC","Hindustan Zinc Ltd","VEDANTA LIMITED","SELL","6,67,00,000","454.05","-"
"18-JUN-2025","IEML","Indian Emulsifiers Ltd","KHUSHBOO NAHAR","BUY","61,500","149.63","-"
"18-JUN-2025","IEML","Indian Emulsifiers Ltd","RAVI KALIDAS KEDIA","SELL","90,000","148.92","-"
"18-JUN-2025","JALAN","Jalan Transolu. India Ltd","MANISH JALAN","SELL","2,22,000","9.71","-"
"18-JUN-2025","KBCGLOBAL","KBC Global Limited","ACHINTYA SECURITIES PRIVATE LIMITED","BUY","6,84,02,371","0.60","-"
"18-JUN-2025","KBCGLOBAL","KBC Global Limited","ACHINTYA SECURITIES PRIVATE LIMITED","SELL","6,88,59,121","0.60","-"
"18-JUN-2025","LLOYDSENPP","LLOYD Rs.0.50 ppd up","HALAN BROTHERS LLP","SELL","24,00,000","39.05","-"
"18-JUN-2025","MEDICO","Medico Remedies Limited","PASHUPATI CAPITA SER PVT LTD","BUY","1,71,199","50.84","-"
"18-JUN-2025","MEDICO","Medico Remedies Limited","PASHUPATI CAPITA SER PVT LTD","SELL","5,56,728","50.42","-"
"18-JUN-2025","OPTIEMUS","Optiemus Infracom Ltd","GRAVITON RESEARCH CAPITAL LLP","SELL","5,37,155","678.38","-"
"18-JUN-2025","OPTIEMUS","Optiemus Infracom Ltd","GRAVITON RESEARCH CAPITAL LLP","BUY","5,37,155","677.66","-"
"18-JUN-2025","ORIENTALTL","Oriental Trimex Limited","JAYESH DHANESH GORAGANDHI","SELL","13,17,928","17.49","-"
"18-JUN-2025","ORIENTALTL","Oriental Trimex Limited","KANAK INNOVATIVE LLP","SELL","4,42,242","17.34","-"
"18-JUN-2025","SALASAR","Salasar Techno Engg. Ltd.","NORTH STAR OPPORTUNITIES FUND VCC-BULL VALUE INCORPORATED VCC SUB-FUND","SELL","1,56,25,000","7.96","-"
"18-JUN-2025","SALASAR","Salasar Techno Engg. Ltd.","VIKASA GLOBAL FUND PCC - EUBILIA CAPITAL PARTNERS FUND I","BUY","1,00,00,000","7.96","-"
"18-JUN-2025","SCHAND","S Chand And Company Ltd","RATIONAL EQUITY FLAGSHIP FUND I","BUY","1,94,949","248.74","-"
"18-JUN-2025","SILLYMONKS","Silly Monks Entertain Ltd","MITTAL PUNEET","SELL","90,402","18.18","-"
"18-JUN-2025","SILLYMONKS","Silly Monks Entertain Ltd","MITTAL PUNEET","BUY","1,19,141","17.89","-"
"18-JUN-2025","SKYGOLD","SKY GOLD AND DIAMONDS LTD","BANK OF INDIA MUTUAL FUND","BUY","7,80,000","346.00","-"
"18-JUN-2025","SKYGOLD","SKY GOLD AND DIAMONDS LTD","D3 STOCK VISION LLP","SELL","6,45,267","347.22","-"
"18-JUN-2025","SKYGOLD","SKY GOLD AND DIAMONDS LTD","D3 STOCK VISION LLP","BUY","10,51,817","346.58","-"
"18-JUN-2025","SKYGOLD","SKY GOLD AND DIAMONDS LTD","DARSHAN R CHAUHAN (HUF)","SELL","26,50,000","346.73","-"
"18-JUN-2025","SKYGOLD","SKY GOLD AND DIAMONDS LTD","F3 ADVISORS PRIVATE LIMITED","SELL","7,92,818","346.25","-"
"18-JUN-2025","SKYGOLD","SKY GOLD AND DIAMONDS LTD","F3 ADVISORS PRIVATE LIMITED","BUY","10,38,021","348.15","-"
"18-JUN-2025","SKYGOLD","SKY GOLD AND DIAMONDS LTD","MAHENDRA C CHAUHAN HUF","SELL","17,00,000","351.01","-"
"18-JUN-2025","SKYGOLD","SKY GOLD AND DIAMONDS LTD","MANGESH R CHAUHAN HUF","SELL","26,50,000","348.08","-"
"18-JUN-2025","SKYGOLD","SKY GOLD AND DIAMONDS LTD","MANSI SHARE AND STOCK BROKING PRIVATE LIMITED","SELL","15,60,027","345.13","-"
"18-JUN-2025","SKYGOLD","SKY GOLD AND DIAMONDS LTD","MANSI SHARE AND STOCK BROKING PRIVATE LIMITED","BUY","19,69,214","348.36","-"
"18-JUN-2025","SKYGOLD","SKY GOLD AND DIAMONDS LTD","NEO APEX VENTURE LLP","SELL","9,88,826","345.41","-"
"18-JUN-2025","SKYGOLD","SKY GOLD AND DIAMONDS LTD","NEO APEX VENTURE LLP","BUY","10,46,464","345.28","-"
"18-JUN-2025","SKYGOLD","SKY GOLD AND DIAMONDS LTD","PERUNDEVI KRISHNAN","SELL","10,30,000","345.79","-"
"18-JUN-2025","UGRO-RE","Ugro Capital Ltd","CLEARSKY INVESTMENT HOLDINGS PTE.LIMITED","SELL","5,58,000","4.16","-"