﻿"Date ","Symbol ","Security Name ","Client Name ","Buy / Sell ","Quantity Traded ","Trade Price / Wght. Avg. Price ","Remarks "
"16-JUN-2025","ASIANPAINT","Asian Paints Limited","ICICI PRUDENTIAL MUTUAL FUND","BUY","85,00,000","2,207.00","-"
"16-JUN-2025","ASIANPAINT","Asian Paints Limited","SIDDHANT COMMERCIALS PRIVATE LIMITED","SELL","85,00,000","2,207.00","-"
"16-JUN-2025","ATALREAL","Atal Realtech Limited","KARNIK VILAS KUNAL","SELL","6,19,699","19.33","-"
"16-JUN-2025","ATALREAL","Atal Realtech Limited","L7 HITECH PRIVATE LIMITED","SELL","25,002","18.88","-"
"16-JUN-2025","ATALREAL","Atal Realtech Limited","L7 HITECH PRIVATE LIMITED","BUY","5,74,220","19.22","-"
"16-JUN-2025","FINOPB","Fino Payments Bank Ltd","PARTH INFIN BROKERS PVT LTD","BUY","4,70,505","284.21","-"
"16-JUN-2025","FINOPB","Fino Payments Bank Ltd","PARTH INFIN BROKERS PVT LTD","SELL","4,80,019","283.96","-"
"16-JUN-2025","HEADSUP","Heads UP Ventures Limited","SKYBRIDGE INCAP ADVISORY LLP","SELL","2,32,000","10.01","-"
"16-JUN-2025","HINDMOTORS","Hindustan Motors Limited","ANJU  BALDI","SELL","12,00,400","34.21","-"
"16-JUN-2025","JALAN","Jalan Transolu. India Ltd","MANISH JALAN","SELL","87,000","8.91","-"
"16-JUN-2025","KBCGLOBAL","KBC Global Limited","ACHINTYA SECURITIES PRIVATE LIMITED","BUY","2,41,77,025","0.50","-"
"16-JUN-2025","KBCGLOBAL","KBC Global Limited","ACHINTYA SECURITIES PRIVATE LIMITED","SELL","3,00,66,685","0.50","-"
"16-JUN-2025","KBCGLOBAL","KBC Global Limited","ANKITA VISHAL SHAH","BUY","1,87,58,802","0.51","-"
"16-JUN-2025","KBCGLOBAL","KBC Global Limited","ANKITA VISHAL SHAH","SELL","3,87,58,802","0.50","-"
"16-JUN-2025","KESORAMIND","KESORAM INDUSTRIES LTD","NEO APEX VENTURE LLP","SELL","22,00,000","6.85","-"
"16-JUN-2025","MAGSON","Magson Retail And Dist L","ACHINTYA SECURITIES PRIVATE LIMITED","BUY","50,000","136.40","-"
"16-JUN-2025","MAGSON","Magson Retail And Dist L","KRISHNAM ENTERPRISE LLP LLP","BUY","1,30,000","136.40","-"
"16-JUN-2025","MAGSON","Magson Retail And Dist L","MITULKUMAR DASHRATHBHAI PATEL","SELL","1,78,000","136.40","-"
"16-JUN-2025","ORIENTALTL","Oriental Trimex Limited","JAYESH DHANESH GORAGANDHI","SELL","15,16,155","16.85","-"
"16-JUN-2025","PRANIK","Pranik Logistics Limited","ALLINA  QURESHI","SELL","11,200","84.31","-"
"16-JUN-2025","PRANIK","Pranik Logistics Limited","ALLINA  QURESHI","BUY","2,28,800","84.04","-"
"16-JUN-2025","PRANIK","Pranik Logistics Limited","MONEYPLANT GOLD & JEWELLERY TRADING L.L.C","SELL","2,17,600","83.90","-"
"16-JUN-2025","REPL","Rudrabhishek Enterp Ltd","ANISHA FINCAP CONSULTANTS LLP","SELL","1,35,288","184.00","-"
"16-JUN-2025","REPL","Rudrabhishek Enterp Ltd","SECUROCROP SECURITIES INDIA PRIVATE LIMITED","BUY","1,35,288","184.00","-"
"16-JUN-2025","ROML","Raj Oil Mills Limited","NK SECURITIES RESEARCH PRIVATE LIMITED","BUY","87,705","69.89","-"
"16-JUN-2025","ROML","Raj Oil Mills Limited","NK SECURITIES RESEARCH PRIVATE LIMITED","SELL","87,705","70.08","-"
"16-JUN-2025","ROML","Raj Oil Mills Limited","SUSHMA SATISH SHAH","BUY","2","60.89","-"
"16-JUN-2025","ROML","Raj Oil Mills Limited","SUSHMA SATISH SHAH","SELL","1,85,433","63.81","-"
"16-JUN-2025","SACHEEROME","Sacheerome Limited","CHARTERED FINANCE & LEASI NG LIMITED","BUY","2,00,400","145.35","-"
"16-JUN-2025","SACHEEROME","Sacheerome Limited","CINCO STOCK VISION LLP","BUY","1,50,000","153.00","-"
"16-JUN-2025","SACHEEROME","Sacheerome Limited","JINENDRA KUMAR JAIN","BUY","1,32,000","152.30","-"
"16-JUN-2025","SACHEEROME","Sacheerome Limited","SACHIN VILAS RANDIVE","BUY","1,12,800","153.38","-"
"16-JUN-2025","SEPC-RE3","SEPC Ltd","ASHIKA CREDIT CAPITAL LIMITED","BUY","20,00,000","1.13","-"
"16-JUN-2025","SEPC-RE3","SEPC Ltd","DEVI TRADERS LLP","SELL","20,00,000","1.09","-"
"16-JUN-2025","SEPC-RE3","SEPC Ltd","MARK AB WELFARE TRUST","SELL","3,78,74,549","1.07","-"
"16-JUN-2025","SEPC-RE3","SEPC Ltd","NINJA SECURITIES PRIVATE LIMITED","SELL","21,17,339","1.10","-"
"16-JUN-2025","SEPC-RE3","SEPC Ltd","TATA CHAND JAIN","BUY","19,00,000","1.04","-"
"16-JUN-2025","SOLARA","Solara Active Pha Sci Ltd","PRONOMZ VENTURES LLP","BUY","20,00,000","495.00","-"
"16-JUN-2025","SOLARA","Solara Active Pha Sci Ltd","SPIRACCA VENTURES LLP","SELL","20,00,000","495.00","-"
"16-JUN-2025","SRPL","Shree Ram Proteins Ltd.","HARBIR SINGH CHADHA","SELL","14,33,078","0.51","-"
"16-JUN-2025","STLTECH","Sterlite Technologies Ltd","GRAVITON RESEARCH CAPITAL LLP","BUY","32,39,503","92.83","-"
"16-JUN-2025","STLTECH","Sterlite Technologies Ltd","GRAVITON RESEARCH CAPITAL LLP","SELL","32,39,503","92.94","-"
"16-JUN-2025","STLTECH","Sterlite Technologies Ltd","QE SECURITIES LLP","BUY","26,70,538","93.76","-"
"16-JUN-2025","STLTECH","Sterlite Technologies Ltd","QE SECURITIES LLP","SELL","27,34,187","93.69","-"
"16-JUN-2025","TGL","Teerth Gopicon Limited","ISHAAN TRADEFIN LLP","SELL","29,000","157.00","-"
"16-JUN-2025","TGL","Teerth Gopicon Limited","ISHAAN TRADEFIN LLP","BUY","72,200","160.68","-"
"16-JUN-2025","TGL","Teerth Gopicon Limited","SOURISH NATH","BUY","62,800","156.82","-"
"16-JUN-2025","UGRO-RE","Ugro Capital Ltd","GO DIGIT GENERAL INSURANCE LIMITED","SELL","3,78,306","6.09","-"
"16-JUN-2025","UGRO-RE","Ugro Capital Ltd","ZODIAC WEALTH ADVISORS LLP","BUY","2,07,487","6.22","-"