﻿"Date ","Symbol ","Security Name ","Client Name ","Buy / Sell ","Quantity Traded ","Trade Price / Wght. Avg. Price ","Remarks "
"25-JUL-2025","BIRDYS","Grill Splendour Ser Ltd","PRREETI JAIIN NAINUTIA","SELL","52,800","129.23","-"
"25-JUL-2025","DHANLAXMI","Dhanlaxmi Crop Science L","VIKASA INDIA EIF I FUND-INCUBE GLOBAL OPPORTUNITIES","SELL","82,000","45.01","-"
"25-JUL-2025","DODLA","Dodla Dairy Limited","BOMMI SUREKHA REDDY","SELL","4,65,000","1,280.68","-"
"25-JUL-2025","FALCONTECH","Falcon Technoproj Ind Ltd","SHAH SARALAL DIKSHITKUMAR","SELL","27,600","18.25","-"
"25-JUL-2025","FORCEMOT","Force Motors Limited","HRTI PRIVATE LIMITED","SELL","67,021","17,745.79","-"
"25-JUL-2025","FORCEMOT","Force Motors Limited","HRTI PRIVATE LIMITED","BUY","71,664","17,657.36","-"
"25-JUL-2025","GATECH","GACM Technologies Limited","MANDAKINIBEN PRADYUMANBHAI PATEL","SELL","1,48,38,309","0.62","-"
"25-JUL-2025","GATECH","GACM Technologies Limited","SHUBHAM ASHOKBHAI PATEL","SELL","58,01,591","0.62","-"
"25-JUL-2025","IEX","Indian Energy Exc Ltd","AAKRAYA RESEARCH LLP","SELL","44,78,898","144.59","-"
"25-JUL-2025","IEX","Indian Energy Exc Ltd","AAKRAYA RESEARCH LLP","BUY","44,78,898","144.53","-"
"25-JUL-2025","IEX","Indian Energy Exc Ltd","GRAVITON RESEARCH CAPITAL LLP","BUY","2,21,13,863","144.42","-"
"25-JUL-2025","IEX","Indian Energy Exc Ltd","GRAVITON RESEARCH CAPITAL LLP","SELL","2,21,13,863","144.49","-"
"25-JUL-2025","IEX","Indian Energy Exc Ltd","HRTI PRIVATE LIMITED","SELL","1,66,90,605","144.70","-"
"25-JUL-2025","IEX","Indian Energy Exc Ltd","HRTI PRIVATE LIMITED","BUY","1,69,89,930","144.04","-"
"25-JUL-2025","IEX","Indian Energy Exc Ltd","JUMP TRADING FINANCIAL INDIA PRIVATE LIMITED","BUY","49,79,414","144.53","-"
"25-JUL-2025","IEX","Indian Energy Exc Ltd","JUMP TRADING FINANCIAL INDIA PRIVATE LIMITED","SELL","49,79,414","144.62","-"
"25-JUL-2025","IEX","Indian Energy Exc Ltd","MUSIGMA SECURITIES","BUY","1,02,35,487","144.84","-"
"25-JUL-2025","IEX","Indian Energy Exc Ltd","MUSIGMA SECURITIES","SELL","1,02,35,487","144.90","-"
"25-JUL-2025","IEX","Indian Energy Exc Ltd","NK SECURITIES RESEARCH PRIVATE LIMITED","SELL","69,04,831","144.93","-"
"25-JUL-2025","IEX","Indian Energy Exc Ltd","NK SECURITIES RESEARCH PRIVATE LIMITED","BUY","69,04,831","144.86","-"
"25-JUL-2025","IEX","Indian Energy Exc Ltd","SHARE INDIA SECURITIES LIMITED","SELL","41,44,957","145.01","-"
"25-JUL-2025","IEX","Indian Energy Exc Ltd","SHARE INDIA SECURITIES LIMITED","BUY","60,50,089","145.26","-"
"25-JUL-2025","JAYNECOIND","Jayaswal Neco Industr Ltd","ASSETS CARE AND RECONSTRUCTION ENTERPRISE LIMITED","SELL","3,71,25,602","43.16","-"
"25-JUL-2025","JAYNECOIND","Jayaswal Neco Industr Ltd","GRAVITON RESEARCH CAPITAL LLP","BUY","1,00,62,877","43.50","-"
"25-JUL-2025","JAYNECOIND","Jayaswal Neco Industr Ltd","GRAVITON RESEARCH CAPITAL LLP","SELL","1,00,62,877","43.45","-"
"25-JUL-2025","KCK","Kck Industries Limited","PROFIN CAPITAL SERVICES LIMITED","SELL","3,25,000","40.77","-"
"25-JUL-2025","KELLTONTEC","Kellton Tech Sol Ltd","QE SECURITIES LLP","BUY","28,21,179","31.50","-"
"25-JUL-2025","KELLTONTEC","Kellton Tech Sol Ltd","QE SECURITIES LLP","SELL","28,39,130","31.51","-"
"25-JUL-2025","MAMATA","Mamata Machinery Limited","HRTI PRIVATE LIMITED","BUY","1,67,669","512.33","-"
"25-JUL-2025","MAMATA","Mamata Machinery Limited","HRTI PRIVATE LIMITED","SELL","1,87,663","513.17","-"
"25-JUL-2025","MAMATA","Mamata Machinery Limited","QE SECURITIES LLP","SELL","1,71,620","514.01","-"
"25-JUL-2025","MAMATA","Mamata Machinery Limited","QE SECURITIES LLP","BUY","1,74,687","513.73","-"
"25-JUL-2025","MASTERTR","Master Trust Limited","SYLPH TECHNOLOGIES LIMITED","SELL","6,23,909","166.28","-"
"25-JUL-2025","MASTERTR","Master Trust Limited","SYLPH TECHNOLOGIES LIMITED","BUY","6,82,037","166.13","-"
"25-JUL-2025","MOKSH","Moksh Ornaments Limited","MITVA DARSHIT SHAH","SELL","5,00,016","13.65","-"
"25-JUL-2025","NGIL","Nakoda Group of Ind. Ltd","IRAGE BROKING SERVICES LLP","BUY","62,907","29.85","-"
"25-JUL-2025","NGIL","Nakoda Group of Ind. Ltd","IRAGE BROKING SERVICES LLP","SELL","96,677","30.12","-"
"25-JUL-2025","OMAXAUTO","Omax Autos Limited","AMIT KUMAR JAIN HUF","SELL","1,20,000","132.22","-"
"25-JUL-2025","OMAXAUTO","Omax Autos Limited","AMIT KUMAR JAIN HUF","BUY","1,20,000","132.04","-"
"25-JUL-2025","OMAXAUTO","Omax Autos Limited","INDRA KIRAN VENTURES","BUY","1,30,040","132.16","-"
"25-JUL-2025","OMAXAUTO","Omax Autos Limited","INDRA KIRAN VENTURES","SELL","1,30,040","131.70","-"
"25-JUL-2025","OMAXAUTO","Omax Autos Limited","NK SECURITIES RESEARCH PRIVATE LIMITED","SELL","1,23,888","126.55","-"
"25-JUL-2025","OMAXAUTO","Omax Autos Limited","NK SECURITIES RESEARCH PRIVATE LIMITED","BUY","1,23,888","126.36","-"
"25-JUL-2025","POLYPLEX","Polyplex Corporation Ltd.","FIRST WATER FUND","BUY","2,23,527","1,120.00","-"
"25-JUL-2025","POLYPLEX","Polyplex Corporation Ltd.","HARESH TIKAMDAS KASWANI","SELL","2,23,527","1,120.00","-"
"25-JUL-2025","RTL","Rama Telecom Limited","AARAV REALITY PRIVATE LIMITED","BUY","1,00,000","66.64","-"
"25-JUL-2025","SAMBHV","Sambhv Steel Tubes Ltd","HRTI PRIVATE LIMITED","BUY","16,02,773","138.51","-"
"25-JUL-2025","SAMBHV","Sambhv Steel Tubes Ltd","HRTI PRIVATE LIMITED","SELL","16,33,133","139.40","-"
"25-JUL-2025","SKYGOLD","SKY GOLD AND DIAMONDS LTD","MANSI SHARE AND STOCK BROKING PRIVATE LIMITED","BUY","6,69,346","292.45","-"
"25-JUL-2025","SKYGOLD","SKY GOLD AND DIAMONDS LTD","MANSI SHARE AND STOCK BROKING PRIVATE LIMITED","SELL","7,41,832","296.78","-"
"25-JUL-2025","SPUNWEB","Spunweb Nonwoven Limited","DEVI TRADERS LLP","BUY","20,400","150.70","-"
"25-JUL-2025","SPUNWEB","Spunweb Nonwoven Limited","DEVI TRADERS LLP","SELL","2,19,600","149.44","-"
"25-JUL-2025","TATVA","Tatva Chin Pharm Chem Ltd","GRAVITON RESEARCH CAPITAL LLP","SELL","2,17,066","1,153.92","-"
"25-JUL-2025","TATVA","Tatva Chin Pharm Chem Ltd","GRAVITON RESEARCH CAPITAL LLP","BUY","2,17,066","1,152.08","-"
"25-JUL-2025","TATVA","Tatva Chin Pharm Chem Ltd","MUSIGMA SECURITIES","BUY","1,17,833","1,170.74","-"
"25-JUL-2025","TATVA","Tatva Chin Pharm Chem Ltd","MUSIGMA SECURITIES","SELL","1,17,833","1,171.36","-"
"25-JUL-2025","TTL-RE","T T Ltd","MUSKAAN JAIN","SELL","2,00,000","0.35","-"
"25-JUL-2025","TTL-RE","T T Ltd","NIPA MANTHAN SANGHAVI","BUY","4,00,000","0.35","-"
"25-JUL-2025","TTL-RE","T T Ltd","T T BRANDS LIMITED","SELL","5,32,221","0.35","-"
"25-JUL-2025","VIMTALABS","Vimta Labs Limited","AAKRAYA RESEARCH LLP","SELL","4,54,578","572.26","-"
"25-JUL-2025","VIMTALABS","Vimta Labs Limited","AAKRAYA RESEARCH LLP","BUY","4,54,578","571.59","-"
"25-JUL-2025","VIMTALABS","Vimta Labs Limited","ELIXIR WEALTH MANAGEMENT PRIVATE LIMITED","BUY","2,42,244","576.09","-"
"25-JUL-2025","VIMTALABS","Vimta Labs Limited","ELIXIR WEALTH MANAGEMENT PRIVATE LIMITED","SELL","2,42,244","576.71","-"
"25-JUL-2025","VIMTALABS","Vimta Labs Limited","GRAVITON RESEARCH CAPITAL LLP","BUY","2,69,144","555.79","-"
"25-JUL-2025","VIMTALABS","Vimta Labs Limited","GRAVITON RESEARCH CAPITAL LLP","SELL","2,69,144","556.85","-"
"25-JUL-2025","VIMTALABS","Vimta Labs Limited","HRTI PRIVATE LIMITED","SELL","3,70,516","562.09","-"
"25-JUL-2025","VIMTALABS","Vimta Labs Limited","HRTI PRIVATE LIMITED","BUY","3,91,905","564.71","-"
"25-JUL-2025","VIMTALABS","Vimta Labs Limited","IRAGE BROKING SERVICES LLP","SELL","2,35,012","577.76","-"
"25-JUL-2025","VIMTALABS","Vimta Labs Limited","IRAGE BROKING SERVICES LLP","BUY","2,56,924","578.18","-"
"25-JUL-2025","VIMTALABS","Vimta Labs Limited","MUSIGMA SECURITIES","SELL","4,45,232","579.36","-"
"25-JUL-2025","VIMTALABS","Vimta Labs Limited","MUSIGMA SECURITIES","BUY","4,45,232","578.99","-"
"25-JUL-2025","VIMTALABS","Vimta Labs Limited","NK SECURITIES RESEARCH PRIVATE LIMITED","BUY","7,65,007","574.91","-"
"25-JUL-2025","VIMTALABS","Vimta Labs Limited","NK SECURITIES RESEARCH PRIVATE LIMITED","SELL","7,65,007","575.45","-"
"25-JUL-2025","VIMTALABS","Vimta Labs Limited","QE SECURITIES LLP","BUY","4,57,315","567.63","-"
"25-JUL-2025","VIMTALABS","Vimta Labs Limited","QE SECURITIES LLP","SELL","4,66,373","567.72","-"
"25-JUL-2025","WHITEFORCE","Happy Square Outsourc S L","MANSI SHARE AND STOCK BROKING PRIVATE LIMITED","SELL","70,400","69.56","-"