﻿"Date ","Symbol ","Security Name ","Client Name ","Buy / Sell ","Quantity Traded ","Trade Price / Wght. Avg. Price ","Remarks "
"04-JUL-2025","AKG","AKG Exim Limited","AMIT KUMAR JAIN","BUY","2,70,191","16.71","-"
"04-JUL-2025","AKG","AKG Exim Limited","AMIT KUMAR JAIN","SELL","2,70,191","16.74","-"
"04-JUL-2025","AKG","AKG Exim Limited","HARSHIT TOMAR","SELL","2,40,000","14.28","-"
"04-JUL-2025","AKG","AKG Exim Limited","SILVER LINE VENTURES PRIVATE LIMITED","SELL","20,000","16.82","-"
"04-JUL-2025","AKG","AKG Exim Limited","SILVER LINE VENTURES PRIVATE LIMITED","BUY","1,70,000","15.92","-"
"04-JUL-2025","ATALREAL","Atal Realtech Limited","OM PARKASH","BUY","8,79,830","19.89","-"
"04-JUL-2025","ATALREAL","Atal Realtech Limited","PASHUPATI CAPITA SER PVT LTD","BUY","1,94,155","20.41","-"
"04-JUL-2025","ATALREAL","Atal Realtech Limited","PASHUPATI CAPITA SER PVT LTD","SELL","11,44,948","19.80","-"
"04-JUL-2025","CHENNPETRO","Chennai Petroleum Corp","GRAVITON RESEARCH CAPITAL LLP","SELL","8,35,931","756.65","-"
"04-JUL-2025","CHENNPETRO","Chennai Petroleum Corp","GRAVITON RESEARCH CAPITAL LLP","BUY","8,35,931","756.04","-"
"04-JUL-2025","CHENNPETRO","Chennai Petroleum Corp","HRTI PRIVATE LIMITED","SELL","8,21,016","758.42","-"
"04-JUL-2025","CHENNPETRO","Chennai Petroleum Corp","HRTI PRIVATE LIMITED","BUY","9,13,278","755.87","-"
"04-JUL-2025","DREAMFOLKS","Dreamfolks Services Ltd","BAJAJ FINANCE LIMITED","SELL","3,09,445","196.32","-"
"04-JUL-2025","DREAMFOLKS","Dreamfolks Services Ltd","HRTI PRIVATE LIMITED","SELL","2,61,485","196.48","-"
"04-JUL-2025","DREAMFOLKS","Dreamfolks Services Ltd","HRTI PRIVATE LIMITED","BUY","2,90,459","196.23","-"
"04-JUL-2025","DREAMFOLKS","Dreamfolks Services Ltd","MOTILAL OSWAL MUTUAL FUND","SELL","2,70,251","211.14","-"
"04-JUL-2025","EMCURE","Emcure Pharmaceuticals L","BC INVESTMENTS IV LIMITED","SELL","45,00,000","1,250.44","-"
"04-JUL-2025","GATECH","GACM Technologies Limited","GOKALBHAI GHEMARBHAI CHAUDHRI","SELL","16,00,000","0.90","-"
"04-JUL-2025","GATECH","GACM Technologies Limited","GOKALBHAI GHEMARBHAI CHAUDHRI","BUY","1,32,88,427","0.97","-"
"04-JUL-2025","GATECH","GACM Technologies Limited","LILABEN MASOTBHAI DESAI","SELL","1,13,42,173","0.91","-"
"04-JUL-2025","GATECH","GACM Technologies Limited","NEELSAGAR CONSULTANCY SERVICES LLP","SELL","1,74,90,000","0.97","-"
"04-JUL-2025","GATECH","GACM Technologies Limited","VAGHANI VIRAJ","SELL","1,26,58,687","0.90","-"
"04-JUL-2025","GATECHDVR","GACM Technologies Limited","KAMLESH NAVINCHANDRA SHAH","BUY","10,00,000","0.61","-"
"04-JUL-2025","GATECHDVR","GACM Technologies Limited","TEUDDY TECHNOLOGY PRIVATE LIMITED","SELL","50,00,000","0.60","-"
"04-JUL-2025","GENSOL","Gensol Engineering Ltd","KSHITIJ PORTFOLIO PVT LTD","SELL","2,00,100","51.42","-"
"04-JUL-2025","GLOBECIVIL","Globe Civil Projects Ltd","MANSI SHARE AND STOCK BROKING PRIVATE LIMITED","SELL","1,10,033","82.66","-"
"04-JUL-2025","GLOBECIVIL","Globe Civil Projects Ltd","MANSI SHARE AND STOCK BROKING PRIVATE LIMITED","BUY","4,39,828","80.97","-"
"04-JUL-2025","GODAVARIB","Godavari Biorefineries L","360 ONE EQUITY OPPORTUNITY FUND","SELL","3,19,800","256.75","-"
"04-JUL-2025","GODAVARIB","Godavari Biorefineries L","TURNAROUND OPPORTUNITIES FUND","SELL","2,59,000","256.75","-"
"04-JUL-2025","INFIBE-RE","Infibeam Avenues Ltd","CRAFT EMERGING MARKET FUND PCC- ELITE CAPITAL FUND","BUY","63,00,000","4.38","-"
"04-JUL-2025","JTLIND","JTL INDUSTRIES LIMITED","JINDAL OIL AND FATS LIMITED","SELL","19,50,000","75.45","-"
"04-JUL-2025","KCK","Kck Industries Limited","PRO FIN CAPITAL SERVICES LIMITED","BUY","75,000","43.00","-"
"04-JUL-2025","KCK","Kck Industries Limited","PRO FIN CAPITAL SERVICES LIMITED","SELL","3,62,500","43.20","-"
"04-JUL-2025","KLL","Kaushalya Logistics Ltd","VICCO PRODUCTS (BOMBAY) PRIVATE LIMITED","BUY","99,200","84.58","-"
"04-JUL-2025","MCLEODRUSS","Mcleod Russel India Limit","AUNALI AKBARALI RUPANI","BUY","55,337","33.52","-"
"04-JUL-2025","MCLEODRUSS","Mcleod Russel India Limit","AUNALI AKBARALI RUPANI","SELL","5,41,000","34.47","-"
"04-JUL-2025","MCLEODRUSS","Mcleod Russel India Limit","PREMIUM NARMADA SECURITIES AND BROKING PVT LTD","BUY","7,64,234","34.55","-"
"04-JUL-2025","MMEL","Moving Media Enter Ltd","MOON STAR SECURITIES TRADING & FINANCE COMPANY PRIVATE LIMITED","BUY","1,00,000","70.85","-"
"04-JUL-2025","MMEL","Moving Media Enter Ltd","NAV CAPITAL VCC - NAV CAPITAL EMERGING STAR FUND","BUY","2,00,000","76.40","-"
"04-JUL-2025","SADHNANIQ","Sadhana Nitrochem Limited","NEO APEX VENTURE LLP","SELL","30,00,455","7.25","-"
"04-JUL-2025","SAPPHIRE","Sapphire Foods India Ltd","GRAVITON RESEARCH CAPITAL LLP","SELL","20,20,932","347.15","-"
"04-JUL-2025","SAPPHIRE","Sapphire Foods India Ltd","GRAVITON RESEARCH CAPITAL LLP","BUY","20,20,932","346.79","-"
"04-JUL-2025","SHKSIL","Shri Hare-Kri Spo Iron L","FINAVENUE GROWTH FUND","SELL","1,76,000","69.55","-"
"04-JUL-2025","SIGACHI","Sigachi Industries Ltd","ACME CAPITAL MARKET LIMITED","BUY","29,78,514","43.28","-"
"04-JUL-2025","SIGACHI","Sigachi Industries Ltd","ACME CAPITAL MARKET LIMITED","SELL","29,78,514","43.30","-"
"04-JUL-2025","SMLISUZU","SML Isuzu Limited","HRTI PRIVATE LIMITED","SELL","74,870","2,649.74","-"
"04-JUL-2025","SMLISUZU","SML Isuzu Limited","HRTI PRIVATE LIMITED","BUY","79,018","2,642.53","-"
"04-JUL-2025","VASWANI","Vaswani Ind Ltd","INDRA KIRAN VENTURES","BUY","1,70,000","53.00","-"
"04-JUL-2025","VASWANI","Vaswani Ind Ltd","INDRA KIRAN VENTURES","SELL","1,70,000","53.22","-"