﻿"Date ","Symbol ","Security Name ","Client Name ","Buy / Sell ","Quantity Traded ","Trade Price / Wght. Avg. Price ","Remarks "
"23-OCT-2025","AAATECH","AAA Technologies Limited","M7 GLOBAL FUND PCC - CELL DEWCAP FUND","SELL","90,000","86.83","-"
"23-OCT-2025","ALPHAGEO","Alphageo (India) Limited","USHA JAWAHARLAL KALRO","SELL","56,630","268.64","-"
"23-OCT-2025","ALPHAGEO","Alphageo (India) Limited","USHA JAWAHARLAL KALRO","BUY","57,017","266.87","-"
"23-OCT-2025","ARIHANTCAP","Arihant Capital Mkts Ltd","JUNOMONETA FINSOL PRIVATE LIMITED","BUY","6,79,830","112.36","-"
"23-OCT-2025","ARIHANTCAP","Arihant Capital Mkts Ltd","JUNOMONETA FINSOL PRIVATE LIMITED","SELL","6,80,565","112.50","-"
"23-OCT-2025","ARIHANTCAP","Arihant Capital Mkts Ltd","NK SECURITIES RESEARCH PRIVATE LIMITED","BUY","8,11,282","112.72","-"
"23-OCT-2025","ARIHANTCAP","Arihant Capital Mkts Ltd","NK SECURITIES RESEARCH PRIVATE LIMITED","SELL","8,11,282","112.82","-"
"23-OCT-2025","ARIHANTCAP","Arihant Capital Mkts Ltd","SILVERLEAF CAPITAL SERVICES PRIVATE LIMITED","BUY","8,31,681","112.74","-"
"23-OCT-2025","ARIHANTCAP","Arihant Capital Mkts Ltd","SILVERLEAF CAPITAL SERVICES PRIVATE LIMITED","SELL","8,31,681","112.83","-"
"23-OCT-2025","ARISINFRA","Arisinfra Solutions Ltd","PREMLATHA AGARWAL","BUY","70,884","176.13","-"
"23-OCT-2025","ARISINFRA","Arisinfra Solutions Ltd","PREMLATHA AGARWAL","SELL","4,17,588","176.90","-"
"23-OCT-2025","BHAGERIA","Bhageria Industries Ltd","HRTI PRIVATE LIMITED","SELL","2,50,863","219.10","-"
"23-OCT-2025","BHAGERIA","Bhageria Industries Ltd","HRTI PRIVATE LIMITED","BUY","2,59,917","219.03","-"
"23-OCT-2025","BHAGERIA","Bhageria Industries Ltd","JUNOMONETA FINSOL PRIVATE LIMITED","BUY","3,67,293","220.95","-"
"23-OCT-2025","BHAGERIA","Bhageria Industries Ltd","JUNOMONETA FINSOL PRIVATE LIMITED","SELL","3,67,293","221.12","-"
"23-OCT-2025","BHAGERIA","Bhageria Industries Ltd","NK SECURITIES RESEARCH PRIVATE LIMITED","SELL","2,19,280","220.41","-"
"23-OCT-2025","BHAGERIA","Bhageria Industries Ltd","NK SECURITIES RESEARCH PRIVATE LIMITED","BUY","2,19,280","220.29","-"
"23-OCT-2025","BHAGERIA","Bhageria Industries Ltd","QE SECURITIES LLP","SELL","2,45,477","219.67","-"
"23-OCT-2025","BHAGERIA","Bhageria Industries Ltd","QE SECURITIES LLP","BUY","2,45,682","220.19","-"
"23-OCT-2025","BSOFT","BIRLASOFT LIMITED","GRAVITON RESEARCH CAPITAL LLP","SELL","21,84,944","379.06","-"
"23-OCT-2025","BSOFT","BIRLASOFT LIMITED","GRAVITON RESEARCH CAPITAL LLP","BUY","21,84,944","378.83","-"
"23-OCT-2025","DCBBANK","Dcb Bank Limited","HRTI PRIVATE LIMITED","SELL","15,46,645","157.02","-"
"23-OCT-2025","DCBBANK","Dcb Bank Limited","HRTI PRIVATE LIMITED","BUY","16,31,568","156.89","-"
"23-OCT-2025","EPACKPEB","EPack Prefab Techn Ltd","BOFA SECURITIES EUROPE SA","BUY","5,62,723","233.82","-"
"23-OCT-2025","EPACKPEB","EPack Prefab Techn Ltd","EPITOME TRADING AND INVESTMENTS","BUY","9,53,754","243.61","-"
"23-OCT-2025","EPACKPEB","EPack Prefab Techn Ltd","EPITOME TRADING AND INVESTMENTS","SELL","9,54,754","244.05","-"
"23-OCT-2025","EPACKPEB","EPack Prefab Techn Ltd","GRAVITON RESEARCH CAPITAL LLP","BUY","14,93,345","229.50","-"
"23-OCT-2025","EPACKPEB","EPack Prefab Techn Ltd","GRAVITON RESEARCH CAPITAL LLP","SELL","14,93,345","229.75","-"
"23-OCT-2025","EPACKPEB","EPack Prefab Techn Ltd","HRTI PRIVATE LIMITED","SELL","7,04,332","233.35","-"
"23-OCT-2025","EPACKPEB","EPack Prefab Techn Ltd","HRTI PRIVATE LIMITED","BUY","7,75,026","232.57","-"
"23-OCT-2025","EPACKPEB","EPack Prefab Techn Ltd","MARWADI SHARES AND FINANCE LTD.","SELL","5,63,026","225.11","-"
"23-OCT-2025","EPACKPEB","EPack Prefab Techn Ltd","MARWADI SHARES AND FINANCE LTD.","BUY","5,63,026","233.29","-"
"23-OCT-2025","EPACKPEB","EPack Prefab Techn Ltd","MATHISYS ADVISORS LLP","BUY","5,88,629","233.03","-"
"23-OCT-2025","EPACKPEB","EPack Prefab Techn Ltd","MATHISYS ADVISORS LLP","SELL","5,92,074","232.32","-"
"23-OCT-2025","EPACKPEB","EPack Prefab Techn Ltd","NEO APEX SHARE BROKING SERVICES LLP","BUY","6,19,518","243.89","-"
"23-OCT-2025","EPACKPEB","EPack Prefab Techn Ltd","NEO APEX SHARE BROKING SERVICES LLP","SELL","6,19,518","243.92","-"
"23-OCT-2025","EPACKPEB","EPack Prefab Techn Ltd","NK SECURITIES RESEARCH PRIVATE LIMITED","SELL","6,93,616","234.06","-"
"23-OCT-2025","EPACKPEB","EPack Prefab Techn Ltd","NK SECURITIES RESEARCH PRIVATE LIMITED","BUY","6,93,616","233.94","-"
"23-OCT-2025","FCSSOFT","FCS Software Solutions Li","ANKITA VISHAL SHAH","SELL","1,69,97,986","2.52","-"
"23-OCT-2025","FCSSOFT","FCS Software Solutions Li","ANKITA VISHAL SHAH","BUY","2,19,97,986","2.51","-"
"23-OCT-2025","FCSSOFT","FCS Software Solutions Li","NEO APEX VENTURE LLP","BUY","1,19,09,931","2.52","-"
"23-OCT-2025","FCSSOFT","FCS Software Solutions Li","NEO APEX VENTURE LLP","SELL","1,25,88,490","2.53","-"
"23-OCT-2025","GARUDA","Garuda Construct N Eng L","GRAVITON RESEARCH CAPITAL LLP","BUY","4,92,269","215.68","-"
"23-OCT-2025","GARUDA","Garuda Construct N Eng L","GRAVITON RESEARCH CAPITAL LLP","SELL","4,92,269","215.96","-"
"23-OCT-2025","GMBREW","GM Breweries Ltd.","HRTI PRIVATE LIMITED","SELL","3,43,810","1,235.87","-"
"23-OCT-2025","GMBREW","GM Breweries Ltd.","HRTI PRIVATE LIMITED","BUY","3,50,078","1,231.45","-"
"23-OCT-2025","GMBREW","GM Breweries Ltd.","JUNOMONETA FINSOL PRIVATE LIMITED","BUY","3,13,720","1,235.40","-"
"23-OCT-2025","GMBREW","GM Breweries Ltd.","JUNOMONETA FINSOL PRIVATE LIMITED","SELL","3,13,740","1,236.49","-"
"23-OCT-2025","GMBREW","GM Breweries Ltd.","NK SECURITIES RESEARCH PRIVATE LIMITED","BUY","1,62,350","1,239.53","-"
"23-OCT-2025","GMBREW","GM Breweries Ltd.","NK SECURITIES RESEARCH PRIVATE LIMITED","SELL","1,62,350","1,240.14","-"
"23-OCT-2025","GMBREW","GM Breweries Ltd.","QE SECURITIES LLP","BUY","1,62,903","1,234.58","-"
"23-OCT-2025","GMBREW","GM Breweries Ltd.","QE SECURITIES LLP","SELL","1,63,973","1,233.10","-"
"23-OCT-2025","KCEIL","Kay Cee Energy & Infra L","F3 ADVISORS PRIVATE LIMITED","SELL","31,000","244.95","-"
"23-OCT-2025","KCEIL","Kay Cee Energy & Infra L","F3 ADVISORS PRIVATE LIMITED","BUY","62,500","247.03","-"
"23-OCT-2025","MAXVOLT","Maxvolt Energy Indus L","BADAMI NARPATCHAND JAIN","SELL","96,000","267.79","-"
"23-OCT-2025","MAXVOLT","Maxvolt Energy Indus L","YASH HITESH PATEL","BUY","60,000","266.03","-"
"23-OCT-2025","MAXVOLT","Maxvolt Energy Indus L","YASHVI HITESH PATEL","BUY","1,03,200","266.49","-"
"23-OCT-2025","MPEL","Manas Polymer N Energie L","NEO APEX VENTURE LLP","SELL","43,200","133.02","-"
"23-OCT-2025","POKARNA","Pokarna Limited","GRAVITON RESEARCH CAPITAL LLP","SELL","1,67,891","896.35","-"
"23-OCT-2025","POKARNA","Pokarna Limited","GRAVITON RESEARCH CAPITAL LLP","BUY","1,67,891","895.34","-"
"23-OCT-2025","RAMAPHO","Rama Phosphates Limited","HRTI PRIVATE LIMITED","SELL","1,68,938","186.06","-"
"23-OCT-2025","RAMAPHO","Rama Phosphates Limited","HRTI PRIVATE LIMITED","BUY","1,77,812","186.42","-"
"23-OCT-2025","RAPPID","Rappid Valves (India) Ltd","RAMAN  TALWAR","SELL","29,400","316.51","-"
"23-OCT-2025","SARTELE","Sar Televenture Limited","NOVA GLOBAL OPPORTUNITIES FUND PCC - BLUESTONE","SELL","2,50,000","163.51","-"
"23-OCT-2025","SCI","Shipping Corp of India","GRAVITON RESEARCH CAPITAL LLP","BUY","31,71,453","246.30","-"
"23-OCT-2025","SCI","Shipping Corp of India","GRAVITON RESEARCH CAPITAL LLP","SELL","31,72,124","246.46","-"
"23-OCT-2025","TFCILTD","Tourism Finance Corp","UNITY ASSOCIATES","BUY","24,06,000","71.08","-"
"23-OCT-2025","VIJAYPD","Vijaypd Ceutical Limited","BHAVNA HITESH PATEL","SELL","1,72,000","46.16","-"
"23-OCT-2025","VIJAYPD","Vijaypd Ceutical Limited","RAHUL GOYAL","SELL","88,000","46.69","-"
"23-OCT-2025","VIJAYPD","Vijaypd Ceutical Limited","RAHUL GOYAL","BUY","1,08,000","46.02","-"