﻿"Date ","Symbol ","Security Name ","Client Name ","Buy / Sell ","Quantity Traded ","Trade Price / Wght. Avg. Price ","Remarks "
"18-JUL-2025","AXITA","Axita Cotton Limited","DHARAM PAL AGGARWAL","BUY","15,66,569","9.20","-"
"18-JUL-2025","AXITA","Axita Cotton Limited","DHARAM PAL AGGARWAL","SELL","21,90,946","9.21","-"
"18-JUL-2025","BIRDYS","Grill Splendour Ser Ltd","AJAY KRISHNAKANT PARIKH","BUY","52,800","148.14","-"
"18-JUL-2025","BIRDYS","Grill Splendour Ser Ltd","PARAS DOSHI","SELL","39,600","147.24","-"
"18-JUL-2025","BOHRAIND","Bohra Industries Limited","PRAVALLIKA KANCHI","BUY","72,320","27.76","-"
"18-JUL-2025","BULKCORP","Bulkcorp International L","ASHOKBHAI MADHUBHAI KORAT","SELL","25,200","83.43","-"
"18-JUL-2025","BULKCORP","Bulkcorp International L","ASHOKBHAI MADHUBHAI KORAT","BUY","38,400","82.73","-"
"18-JUL-2025","CAPTRU-RE","Capital Trust Ltd","ANIKET AKARAM GODASE","BUY","35,000","0.39","-"
"18-JUL-2025","CAPTRU-RE","Capital Trust Ltd","GANUGAPENTA RAGHURAM","SELL","99,999","0.39","-"
"18-JUL-2025","CAPTRU-RE","Capital Trust Ltd","MALKEET  SINGH","BUY","1,00,000","0.39","-"
"18-JUL-2025","CAPTRU-RE","Capital Trust Ltd","MILAN KHARA","BUY","50,000","0.39","-"
"18-JUL-2025","CAPTRU-RE","Capital Trust Ltd","MOONLIGHT EQUITY PRIVATE LIMITED","SELL","3,25,438","0.39","-"
"18-JUL-2025","CAPTRU-RE","Capital Trust Ltd","NITIN CHANDRAKANT KULAYE","SELL","31,000","0.39","-"
"18-JUL-2025","CUPID","Cupid Limited","GRAVITON RESEARCH CAPITAL LLP","SELL","22,18,139","144.84","-"
"18-JUL-2025","CUPID","Cupid Limited","GRAVITON RESEARCH CAPITAL LLP","BUY","22,18,139","144.70","-"
"18-JUL-2025","CUPID","Cupid Limited","HRTI PRIVATE LIMITED","SELL","17,74,161","144.54","-"
"18-JUL-2025","CUPID","Cupid Limited","HRTI PRIVATE LIMITED","BUY","17,80,746","144.92","-"
"18-JUL-2025","DENTA","Denta Water N Infra Sol L","AAKRAYA RESEARCH LLP","SELL","1,76,798","362.36","-"
"18-JUL-2025","DENTA","Denta Water N Infra Sol L","AAKRAYA RESEARCH LLP","BUY","1,76,798","361.91","-"
"18-JUL-2025","DENTA","Denta Water N Infra Sol L","HRTI PRIVATE LIMITED","BUY","2,43,792","357.15","-"
"18-JUL-2025","DENTA","Denta Water N Infra Sol L","HRTI PRIVATE LIMITED","SELL","2,50,643","358.04","-"
"18-JUL-2025","DENTA","Denta Water N Infra Sol L","IRAGE BROKING SERVICES LLP","SELL","1,75,116","359.89","-"
"18-JUL-2025","DENTA","Denta Water N Infra Sol L","IRAGE BROKING SERVICES LLP","BUY","2,33,187","363.39","-"
"18-JUL-2025","DENTA","Denta Water N Infra Sol L","MUSIGMA SECURITIES","SELL","2,51,222","364.23","-"
"18-JUL-2025","DENTA","Denta Water N Infra Sol L","MUSIGMA SECURITIES","BUY","2,51,222","363.96","-"
"18-JUL-2025","DENTA","Denta Water N Infra Sol L","NK SECURITIES RESEARCH PRIVATE LIMITED","SELL","3,45,013","363.80","-"
"18-JUL-2025","DENTA","Denta Water N Infra Sol L","NK SECURITIES RESEARCH PRIVATE LIMITED","BUY","3,45,013","363.53","-"
"18-JUL-2025","DENTA","Denta Water N Infra Sol L","QE SECURITIES LLP","BUY","2,77,761","360.04","-"
"18-JUL-2025","DENTA","Denta Water N Infra Sol L","QE SECURITIES LLP","SELL","2,78,538","360.83","-"
"18-JUL-2025","EIEL","Enviro Infra Engineers L","AAKRAYA RESEARCH LLP","SELL","14,18,831","295.84","-"
"18-JUL-2025","EIEL","Enviro Infra Engineers L","AAKRAYA RESEARCH LLP","BUY","14,18,831","295.71","-"
"18-JUL-2025","EIEL","Enviro Infra Engineers L","GRAVITON RESEARCH CAPITAL LLP","BUY","29,55,120","295.93","-"
"18-JUL-2025","EIEL","Enviro Infra Engineers L","GRAVITON RESEARCH CAPITAL LLP","SELL","29,55,120","296.08","-"
"18-JUL-2025","EIEL","Enviro Infra Engineers L","HRTI PRIVATE LIMITED","SELL","26,38,658","296.14","-"
"18-JUL-2025","EIEL","Enviro Infra Engineers L","HRTI PRIVATE LIMITED","BUY","27,97,898","295.58","-"
"18-JUL-2025","EIEL","Enviro Infra Engineers L","JUMP TRADING FINANCIAL INDIA PRIVATE LIMITED","BUY","12,87,095","295.27","-"
"18-JUL-2025","EIEL","Enviro Infra Engineers L","JUMP TRADING FINANCIAL INDIA PRIVATE LIMITED","SELL","12,87,095","294.88","-"
"18-JUL-2025","EIEL","Enviro Infra Engineers L","JUNOMONETA FINSOL PRIVATE LIMITED","SELL","11,33,752","295.04","-"
"18-JUL-2025","EIEL","Enviro Infra Engineers L","JUNOMONETA FINSOL PRIVATE LIMITED","BUY","11,33,752","294.89","-"
"18-JUL-2025","EIEL","Enviro Infra Engineers L","MATHISYS ADVISORS LLP","SELL","11,41,119","296.28","-"
"18-JUL-2025","EIEL","Enviro Infra Engineers L","MATHISYS ADVISORS LLP","BUY","11,44,776","296.61","-"
"18-JUL-2025","EIEL","Enviro Infra Engineers L","MUSIGMA SECURITIES","BUY","16,11,288","295.63","-"
"18-JUL-2025","EIEL","Enviro Infra Engineers L","MUSIGMA SECURITIES","SELL","16,11,288","295.75","-"
"18-JUL-2025","EIEL","Enviro Infra Engineers L","QE SECURITIES LLP","BUY","12,31,146","293.06","-"
"18-JUL-2025","EIEL","Enviro Infra Engineers L","QE SECURITIES LLP","SELL","12,44,524","294.35","-"
"18-JUL-2025","FALCONTECH","Falcon Technoproj Ind Ltd","BHARAT SHREEKISHAN PARIHAR","SELL","1,32,000","15.45","-"
"18-JUL-2025","FALCONTECH","Falcon Technoproj Ind Ltd","DINESH PACHORI (HUF)","SELL","36,000","16.23","-"
"18-JUL-2025","FALCONTECH","Falcon Technoproj Ind Ltd","KAMAL PARSHOTTAMBHAI KUMBHANI","BUY","54,000","16.26","-"
"18-JUL-2025","GARUDA","Garuda Construct N Eng L","AAKRAYA RESEARCH LLP","BUY","10,13,860","170.89","-"
"18-JUL-2025","GARUDA","Garuda Construct N Eng L","AAKRAYA RESEARCH LLP","SELL","10,13,860","170.98","-"
"18-JUL-2025","GARUDA","Garuda Construct N Eng L","GRAVITON RESEARCH CAPITAL LLP","SELL","9,17,277","168.52","-"
"18-JUL-2025","GARUDA","Garuda Construct N Eng L","GRAVITON RESEARCH CAPITAL LLP","BUY","9,17,277","168.13","-"
"18-JUL-2025","GARUDA","Garuda Construct N Eng L","HRTI PRIVATE LIMITED","SELL","14,55,508","170.65","-"
"18-JUL-2025","GARUDA","Garuda Construct N Eng L","HRTI PRIVATE LIMITED","BUY","16,72,774","170.71","-"
"18-JUL-2025","GARUDA","Garuda Construct N Eng L","IRAGE BROKING SERVICES LLP","SELL","3,94,501","173.60","-"
"18-JUL-2025","GARUDA","Garuda Construct N Eng L","IRAGE BROKING SERVICES LLP","BUY","7,04,028","174.29","-"
"18-JUL-2025","GARUDA","Garuda Construct N Eng L","JUNOMONETA FINSOL PRIVATE LIMITED","BUY","6,25,400","169.85","-"
"18-JUL-2025","GARUDA","Garuda Construct N Eng L","JUNOMONETA FINSOL PRIVATE LIMITED","SELL","6,25,400","169.95","-"
"18-JUL-2025","GARUDA","Garuda Construct N Eng L","MATHISYS ADVISORS LLP","SELL","10,94,454","171.63","-"
"18-JUL-2025","GARUDA","Garuda Construct N Eng L","MATHISYS ADVISORS LLP","BUY","10,96,194","171.59","-"
"18-JUL-2025","GARUDA","Garuda Construct N Eng L","MICROCURVES TRADING PRIVATE LIMITED","SELL","8,04,628","170.65","-"
"18-JUL-2025","GARUDA","Garuda Construct N Eng L","MICROCURVES TRADING PRIVATE LIMITED","BUY","8,04,628","170.59","-"
"18-JUL-2025","GARUDA","Garuda Construct N Eng L","MUSIGMA SECURITIES","SELL","7,28,206","171.56","-"
"18-JUL-2025","GARUDA","Garuda Construct N Eng L","MUSIGMA SECURITIES","BUY","7,28,206","171.46","-"
"18-JUL-2025","GARUDA","Garuda Construct N Eng L","NK SECURITIES RESEARCH PRIVATE LIMITED","SELL","12,53,808","171.51","-"
"18-JUL-2025","GARUDA","Garuda Construct N Eng L","NK SECURITIES RESEARCH PRIVATE LIMITED","BUY","12,53,808","171.42","-"
"18-JUL-2025","GARUDA","Garuda Construct N Eng L","OM TRADING","BUY","4,52,014","172.97","-"
"18-JUL-2025","GARUDA","Garuda Construct N Eng L","OM TRADING","SELL","5,29,381","171.36","-"
"18-JUL-2025","GARUDA","Garuda Construct N Eng L","OM TRADING","SELL","6,45,807","174.61","-"
"18-JUL-2025","GARUDA","Garuda Construct N Eng L","OM TRADING","BUY","14,35,017","177.73","-"
"18-JUL-2025","GARUDA","Garuda Construct N Eng L","QE SECURITIES LLP","SELL","12,09,305","172.26","-"
"18-JUL-2025","GARUDA","Garuda Construct N Eng L","QE SECURITIES LLP","BUY","12,12,299","170.93","-"
"18-JUL-2025","GARUDA","Garuda Construct N Eng L","RAMEHAR SINGH","SELL","7,78,406","171.16","-"
"18-JUL-2025","GARUDA","Garuda Construct N Eng L","RAMEHAR SINGH","BUY","7,78,406","173.03","-"
"18-JUL-2025","GARUDA","Garuda Construct N Eng L","SHARE INDIA SECURITIES LIMITED","SELL","11,59,612","175.67","-"
"18-JUL-2025","GARUDA","Garuda Construct N Eng L","SHARE INDIA SECURITIES LIMITED","BUY","11,61,413","175.20","-"
"18-JUL-2025","GATECH","GACM Technologies Limited","DUBEYSHAILA  THAKURPRASAD","SELL","1,84,98,324","0.72","-"
"18-JUL-2025","GATECH","GACM Technologies Limited","MANDAKINIBEN PRADYUMANBHAI PATEL","BUY","23,38,018","0.79","-"
"18-JUL-2025","GATECH","GACM Technologies Limited","MANDAKINIBEN PRADYUMANBHAI PATEL","SELL","74,60,000","0.72","-"
"18-JUL-2025","GATECH","GACM Technologies Limited","VAGHANI VIRAJ","BUY","10,820","0.78","-"
"18-JUL-2025","GATECH","GACM Technologies Limited","VAGHANI VIRAJ","SELL","56,61,796","0.74","-"
"18-JUL-2025","GMDCLTD","Gujarat Min. Dev. Corpn","GRAVITON RESEARCH CAPITAL LLP","SELL","18,82,450","418.92","-"
"18-JUL-2025","GMDCLTD","Gujarat Min. Dev. Corpn","GRAVITON RESEARCH CAPITAL LLP","BUY","18,82,450","418.40","-"
"18-JUL-2025","GMDCLTD","Gujarat Min. Dev. Corpn","MUSIGMA SECURITIES","SELL","19,11,518","430.41","-"
"18-JUL-2025","GMDCLTD","Gujarat Min. Dev. Corpn","MUSIGMA SECURITIES","BUY","19,11,518","430.21","-"
"18-JUL-2025","GVPTECH-RE","GVP Infotech Ltd","LINKSTAR TRUST","SELL","7,46,272","0.22","-"
"18-JUL-2025","GVPTECH-RE","GVP Infotech Ltd","NAYANKUMAR K","BUY","1,65,000","0.22","-"
"18-JUL-2025","IDENTICAL","Identical Brains Studio L","INVESTI GLOBAL OPPORTUNITY FUND PCC - CELL 1","SELL","1,00,000","43.70","-"
"18-JUL-2025","IDENTICAL","Identical Brains Studio L","VINCENT COMMERCIAL COMPANY LIMITED","BUY","1,00,000","43.70","-"
"18-JUL-2025","IXIGO","Le Travenues Technology L","GRAVITON RESEARCH CAPITAL LLP","SELL","23,73,986","211.49","-"
"18-JUL-2025","IXIGO","Le Travenues Technology L","GRAVITON RESEARCH CAPITAL LLP","BUY","23,73,986","211.33","-"
"18-JUL-2025","IXIGO","Le Travenues Technology L","HRTI PRIVATE LIMITED","SELL","19,26,904","215.84","-"
"18-JUL-2025","IXIGO","Le Travenues Technology L","HRTI PRIVATE LIMITED","BUY","20,47,939","215.36","-"
"18-JUL-2025","MANALIPETC","Manali Petrochemicals Lt","HRTI PRIVATE LIMITED","SELL","9,45,969","77.19","-"
"18-JUL-2025","MANALIPETC","Manali Petrochemicals Lt","HRTI PRIVATE LIMITED","BUY","9,96,550","76.69","-"
"18-JUL-2025","MCLOUD","Magellanic Cloud Limited","HRTI PRIVATE LIMITED","BUY","31,89,169","84.47","-"
"18-JUL-2025","MCLOUD","Magellanic Cloud Limited","HRTI PRIVATE LIMITED","SELL","32,12,426","84.60","-"
"18-JUL-2025","PHANTOMFX","Phantom Digital Eff Ltd","MONEYWISE FINANCIAL SERVICES PRIVATE LTD","SELL","84,300","280.00","-"
"18-JUL-2025","PHANTOMFX","Phantom Digital Eff Ltd","VINEY EQUITY MARKET LLP","BUY","1,19,400","281.99","-"
"18-JUL-2025","PROSTARM","Prostarm Info Systems Ltd","HRTI PRIVATE LIMITED","BUY","3,50,852","213.11","-"
"18-JUL-2025","PROSTARM","Prostarm Info Systems Ltd","HRTI PRIVATE LIMITED","SELL","3,69,202","214.07","-"
"18-JUL-2025","QPOWER","Quality Power Elec Equp L","GRAVITON RESEARCH CAPITAL LLP","BUY","3,97,484","899.21","-"
"18-JUL-2025","QPOWER","Quality Power Elec Equp L","GRAVITON RESEARCH CAPITAL LLP","SELL","3,97,484","900.08","-"
"18-JUL-2025","SHANTI","Shanti Overseas (Ind) Ltd","GREEN PEAKS ENTERPRISES LLP","SELL","32,849","14.58","-"
"18-JUL-2025","SHANTI","Shanti Overseas (Ind) Ltd","GREEN PEAKS ENTERPRISES LLP","BUY","69,004","14.58","-"
"18-JUL-2025","SHANTI","Shanti Overseas (Ind) Ltd","NEO APEX VENTURE LLP","BUY","50,000","14.58","-"
"18-JUL-2025","SHANTI","Shanti Overseas (Ind) Ltd","NEO APEX VENTURE LLP","SELL","2,00,000","14.58","-"
"18-JUL-2025","SHANTI","Shanti Overseas (Ind) Ltd","SANJAY GARG","SELL","72,000","14.58","-"
"18-JUL-2025","SHANTI","Shanti Overseas (Ind) Ltd","VENKATACHALAM VIGNESH","SELL","90","14.58","-"
"18-JUL-2025","SHANTI","Shanti Overseas (Ind) Ltd","VENKATACHALAM VIGNESH","BUY","55,990","14.58","-"
"18-JUL-2025","TATVA","Tatva Chin Pharm Chem Ltd","GRAVITON RESEARCH CAPITAL LLP","SELL","1,27,562","1,035.79","-"
"18-JUL-2025","TATVA","Tatva Chin Pharm Chem Ltd","GRAVITON RESEARCH CAPITAL LLP","BUY","1,27,562","1,035.16","-"
"18-JUL-2025","TTL-RE","T T Ltd","BHARARIA SUBHASH","BUY","2,00,000","1.05","-"
"18-JUL-2025","TTL-RE","T T Ltd","CROMEWELL ENTERPRISE PRIVATE LIMITED","SELL","2,80,000","0.99","-"
"18-JUL-2025","TTL-RE","T T Ltd","HARDIK JAIN","SELL","9,30,000","1.00","-"
"18-JUL-2025","TTL-RE","T T Ltd","MUSKAAN JAIN","SELL","3,00,000","1.05","-"
"18-JUL-2025","TTL-RE","T T Ltd","SAHIL ARORA","BUY","15,04,210","1.00","-"
"18-JUL-2025","TTL-RE","T T Ltd","SANJAY KUMAR JAIN","SELL","6,71,119","1.00","-"
"18-JUL-2025","TTL-RE","T T Ltd","SUBHASH PHOOTARMAL RATHOD","BUY","6,43,732","1.00","-"
"18-JUL-2025","TTL-RE","T T Ltd","T T BRANDS LIMITED","SELL","11,00,000","1.00","-"
"18-JUL-2025","UNIVASTU","Univastu India Limited","C P KHANDELWAL","BUY","1,10,000","290.40","-"
"18-JUL-2025","UNIVASTU","Univastu India Limited","VARUN KRISHNAVTAR KABRA","SELL","1,09,592","290.40","-"
"18-JUL-2025","VIJIFIN","Viji Finance Limited","PRASHANT EQUITY MANAGEMENT PRIVATE LIMITED","SELL","2,59,139","3.81","-"
"18-JUL-2025","VIJIFIN","Viji Finance Limited","PRASHANT EQUITY MANAGEMENT PRIVATE LIMITED","BUY","7,59,139","3.81","-"
"18-JUL-2025","VIMTALABS","Vimta Labs Limited","GRAVITON RESEARCH CAPITAL LLP","SELL","7,66,256","524.49","-"
"18-JUL-2025","VIMTALABS","Vimta Labs Limited","GRAVITON RESEARCH CAPITAL LLP","BUY","7,66,256","524.10","-"
"18-JUL-2025","VIMTALABS","Vimta Labs Limited","MUSIGMA SECURITIES","SELL","3,26,352","530.35","-"
"18-JUL-2025","VIMTALABS","Vimta Labs Limited","MUSIGMA SECURITIES","BUY","3,26,352","530.20","-"
"18-JUL-2025","VIMTALABS","Vimta Labs Limited","QE SECURITIES LLP","SELL","3,03,436","526.10","-"
"18-JUL-2025","VIMTALABS","Vimta Labs Limited","QE SECURITIES LLP","BUY","3,12,286","526.41","-"
"18-JUL-2025","VOLERCAR","Voler Car Limited","KAMAL KUMAR DUGAR & CO  (PROP) KAMAL KUM","BUY","2,30,400","95.25","-"
"18-JUL-2025","VOLERCAR","Voler Car Limited","M PRASAD & CO LIMITED","SELL","4,14,400","104.21","-"
"18-JUL-2025","VOLERCAR","Voler Car Limited","MADHU V JHAVER","BUY","80,000","105.65","-"
"18-JUL-2025","VOLERCAR","Voler Car Limited","MUNDHRA VENTURES","BUY","80,000","100.36","-"
"18-JUL-2025","WHITEFORCE","Happy Square Outsourc S L","ISHAAN TRADEFIN LLP","BUY","1,600","75.00","-"
"18-JUL-2025","WHITEFORCE","Happy Square Outsourc S L","ISHAAN TRADEFIN LLP","SELL","75,200","76.35","-"