﻿"Date ","Symbol ","Security Name ","Client Name ","Buy / Sell ","Quantity Traded ","Trade Price / Wght. Avg. Price ","Remarks "
"04-JUN-2025","ABFRL","Aditya Birla Fas & Rt Ltd","FLIPKART INVESTMENTS PRIVATE LIMITED","SELL","7,31,70,731","80.32","-"
"04-JUN-2025","ABFRL","Aditya Birla Fas & Rt Ltd","GRAVITON RESEARCH CAPITAL LLP","BUY","88,43,090","78.01","-"
"04-JUN-2025","ABFRL","Aditya Birla Fas & Rt Ltd","GRAVITON RESEARCH CAPITAL LLP","SELL","88,43,090","77.94","-"
"04-JUN-2025","ABFRL","Aditya Birla Fas & Rt Ltd","IRAGE BROKING SERVICES LLP","SELL","19,38,269","78.95","-"
"04-JUN-2025","ABFRL","Aditya Birla Fas & Rt Ltd","IRAGE BROKING SERVICES LLP","BUY","1,94,36,447","80.31","-"
"04-JUN-2025","ABFRL","Aditya Birla Fas & Rt Ltd","NEO APEX SHARE BROKING SERVICES LLP","BUY","43,24,946","80.33","-"
"04-JUN-2025","ABFRL","Aditya Birla Fas & Rt Ltd","NEO APEX SHARE BROKING SERVICES LLP","SELL","64,20,417","79.33","-"
"04-JUN-2025","ABFRL","Aditya Birla Fas & Rt Ltd","SHARE INDIA SECURITIES LIMITED","SELL","1,03,40,797","79.21","-"
"04-JUN-2025","ABFRL","Aditya Birla Fas & Rt Ltd","SHARE INDIA SECURITIES LIMITED","BUY","1,08,29,299","79.83","-"
"04-JUN-2025","CELLECOR","Cellecor Gadgets Limited","RAVI AGARWAL","SELL","24,51,000","40.01","-"
"04-JUN-2025","GODHA","Godha Cabcon Insulat Ltd","ISHAAN TRADEFIN LLP","BUY","90,00,000","0.46","-"
"04-JUN-2025","GODHA","Godha Cabcon Insulat Ltd","ISHAAN TRADEFIN LLP","SELL","90,00,000","0.47","-"
"04-JUN-2025","GODHA","Godha Cabcon Insulat Ltd","PRAGNESHKUMAR GIRISHCHANDRA DAVE","SELL","2,33,33,333","0.46","-"
"04-JUN-2025","GODHA","Godha Cabcon Insulat Ltd","RAKESH KUMAR UPPAL AND SONS HUF","SELL","70,06,878","0.47","-"
"04-JUN-2025","GODHA","Godha Cabcon Insulat Ltd","RAKESH KUMAR UPPAL AND SONS HUF","BUY","70,06,878","0.46","-"
"04-JUN-2025","IDEAFORGE","Ideaforge Techno Ltd","HRTI PRIVATE LIMITED","BUY","2,08,927","590.25","-"
"04-JUN-2025","IDEAFORGE","Ideaforge Techno Ltd","HRTI PRIVATE LIMITED","SELL","2,42,790","589.88","-"
"04-JUN-2025","IEX","Indian Energy Exc Ltd","DALMIA CEMENT (BHARAT) LIMITED","SELL","1,00,00,962","201.01","-"
"04-JUN-2025","INDGN","Indegene Limited","ABAKKUS EMERGING OPPORTUNITIES FUND-1","BUY","12,10,000","591.48","-"
"04-JUN-2025","INDGN","Indegene Limited","CA DAWN INVESTMENTS","SELL","76,26,384","591.84","-"
"04-JUN-2025","INDGN","Indegene Limited","CA DAWN INVESTMENTS","SELL","1,68,49,018","591.02","-"
"04-JUN-2025","INDGN","Indegene Limited","EAST BRIDGE CAPITAL MASTER FUND I LIMITED","BUY","21,68,000","591.00","-"
"04-JUN-2025","INDGN","Indegene Limited","IRAGE BROKING SERVICES LLP","SELL","4,22,811","592.22","-"
"04-JUN-2025","INDGN","Indegene Limited","IRAGE BROKING SERVICES LLP","BUY","33,87,325","591.26","-"
"04-JUN-2025","INDGN","Indegene Limited","MANSI SHARE AND STOCK ADVISORS PVT LTD","BUY","11,60,489","592.03","-"
"04-JUN-2025","INDGN","Indegene Limited","MANSI SHARE AND STOCK ADVISORS PVT LTD","SELL","14,22,279","592.06","-"
"04-JUN-2025","INDGN","Indegene Limited","PI OPPORTUNITIES AIF V LLP","BUY","16,92,047","591.00","-"
"04-JUN-2025","INDGN","Indegene Limited","SMALLCAP WORLD FUND INC","BUY","18,27,856","591.00","-"
"04-JUN-2025","INDGN","Indegene Limited","SMALLER CAP WORLD FUND INC","BUY","18,27,855","591.00","-"
"04-JUN-2025","INDGN","Indegene Limited","SOCIETE GENERALE - ODI","BUY","18,79,775","591.00","-"
"04-JUN-2025","IWARE","Iware Supplychain Ser Ltd","RAJESH JOSEPH","BUY","60,000","77.23","-"
"04-JUN-2025","KAYNES","Kaynes Technology Ind Ltd","RAMESH KUNHIKANNAN","SELL","6,25,000","5,550.87","-"
"04-JUN-2025","KESORAMIND","KESORAM INDUSTRIES LTD","ASIAN BROKING PVT LTD","SELL","26,60,109","6.01","-"
"04-JUN-2025","KESORAMIND","KESORAM INDUSTRIES LTD","NEO APEX VENTURE LLP","BUY","13,03,091","6.12","-"
"04-JUN-2025","KESORAMIND","KESORAM INDUSTRIES LTD","NEO APEX VENTURE LLP","SELL","20,00,000","6.00","-"
"04-JUN-2025","LIBAS","Libas Consu Products Ltd","MOHAMMAD ASLAM","SELL","1,39,000","14.50","-"
"04-JUN-2025","LIBAS","Libas Consu Products Ltd","MOHAMMAD ASLAM","BUY","1,39,000","15.29","-"
"04-JUN-2025","MADHAV","Madhav Marbles and Granit","MITTAL PUNEET","BUY","52,534","49.14","-"
"04-JUN-2025","MADHAV","Madhav Marbles and Granit","MITTAL PUNEET","SELL","52,534","48.37","-"
"04-JUN-2025","MOTILALOFS","Motilal Oswal Financial S","MOTILAL OSWAL FOUNDATION","SELL","37,04,000","825.01","-"
"04-JUN-2025","MTNL","Maha Tel Nigam Ltd.","GRAVITON RESEARCH CAPITAL LLP","BUY","25,80,097","52.25","-"
"04-JUN-2025","MTNL","Maha Tel Nigam Ltd.","GRAVITON RESEARCH CAPITAL LLP","SELL","25,80,097","52.30","-"
"04-JUN-2025","MTNL","Maha Tel Nigam Ltd.","HRTI PRIVATE LIMITED","BUY","28,14,883","52.34","-"
"04-JUN-2025","MTNL","Maha Tel Nigam Ltd.","HRTI PRIVATE LIMITED","SELL","28,86,399","52.30","-"
"04-JUN-2025","MTNL","Maha Tel Nigam Ltd.","QE SECURITIES LLP","BUY","17,30,068","52.37","-"
"04-JUN-2025","MTNL","Maha Tel Nigam Ltd.","QE SECURITIES LLP","SELL","18,02,560","52.16","-"
"04-JUN-2025","NEPTUNE","Neptune Petrochemicals L","CRAFT EMERGING MARKET FUND PCC-ELITE CAPITAL FUND","BUY","1,15,000","137.50","-"
"04-JUN-2025","NEPTUNE","Neptune Petrochemicals L","CRAFT EMERGING MARKET FUND PCC-PROSPERITY INVESTMENTS FUND","SELL","1,15,000","137.50","-"
"04-JUN-2025","NEPTUNE","Neptune Petrochemicals L","PATEL NITINBHAI GOVINDBHAI","BUY","1,50,000","132.75","-"
"04-JUN-2025","NEPTUNE","Neptune Petrochemicals L","VBCUBE VENTURES FUND","SELL","3,87,000","133.00","-"
"04-JUN-2025","NMSTEEL","Newmalayalam Steel Ltd","AFTERTRADE BROKING PRIVATE LIMITED","SELL","1,18,400","27.00","-"
"04-JUN-2025","NMSTEEL","Newmalayalam Steel Ltd","NEOMILE GROWTH FUND - SERIES I","BUY","1,26,400","27.00","-"
"04-JUN-2025","NRVANDANA","N R Vandana Tex Ind Ltd","CHINTAN RAJNIKANT THAKAR","BUY","4,92,000","45.00","-"
"04-JUN-2025","ORIENTALTL","Oriental Trimex Limited","MSB E TRADE SECURITIES LIMITED","SELL","3,93,033","13.66","-"
"04-JUN-2025","ORIENTALTL","Oriental Trimex Limited","MSB E TRADE SECURITIES LIMITED","BUY","3,93,033","13.82","-"
"04-JUN-2025","PROSTARM","Prostarm Info Systems Ltd","NEO APEX VENTURE LLP","SELL","50,000","119.70","-"
"04-JUN-2025","PROSTARM","Prostarm Info Systems Ltd","NEO APEX VENTURE LLP","BUY","6,30,000","119.70","-"
"04-JUN-2025","SBC","SBC Exports Limited","SBC INFOTECH LIMITED","BUY","31,04,500","14.88","-"
"04-JUN-2025","SCODATUBES","Scoda Tubes Limited","MANSI SHARE AND STOCK ADVISORS PVT LTD","BUY","4,94,332","146.56","-"
"04-JUN-2025","SCODATUBES","Scoda Tubes Limited","MERU INVESTMENTS","BUY","3,65,000","140.33","-"
"04-JUN-2025","SCODATUBES","Scoda Tubes Limited","PRONOMZ VENTURES LLP","BUY","5,00,000","144.49","-"
"04-JUN-2025","TITAGARH","TITAGARH RAIL SYSTEMS LTD","GRAVITON RESEARCH CAPITAL LLP","SELL","8,04,074","921.70","-"
"04-JUN-2025","TITAGARH","TITAGARH RAIL SYSTEMS LTD","GRAVITON RESEARCH CAPITAL LLP","BUY","8,04,074","921.23","-"
"04-JUN-2025","URBAN","Urban Enviro Waste Mgmt L","AFFLUENCE MARKETING AND DISTRIBUTION PRIVATE LIMITED","BUY","95,200","139.89","-"
"04-JUN-2025","VCL","Vaxtex Cotfab Limited","VAX ENTERPRISE PRIVATE LIMITED","SELL","30,00,000","1.00","-"
"04-JUN-2025","VISAMAN","Visaman Global Sales Ltd","SHRENI SHARES PVT","SELL","1,02,000","43.00","-"
"04-JUN-2025","WINSOME","Winsome Yarns Limited","RISHIKESH COMMERCIAL COMPANY PRIVATE LIMITED","SELL","7,02,341","1.78","-"
"04-JUN-2025","WINSOME","Winsome Yarns Limited","SAMVRUDHI MULTITRADE PRIVATE LIMITED","BUY","5,26,717","1.78","-"