﻿"Date ","Symbol ","Security Name ","Client Name ","Buy / Sell ","Quantity Traded ","Trade Price / Wght. Avg. Price ","Remarks "
"22-SEP-2025","AGARWALTUF","Agarwal Tough Glass Ind L","GINNI FINANCE PRIVATE LIMITED","SELL","1,98,000","150.96","-"
"22-SEP-2025","AGUL","A G Universal Limited","BELA P SHAH","SELL","64,000","67.05","-"
"22-SEP-2025","AGUL","A G Universal Limited","MONIKA  JAIN","BUY","40,000","67.05","-"
"22-SEP-2025","ANANTRAJ","Anant Raj Industries Limi","GRAVITON RESEARCH CAPITAL LLP","SELL","23,08,591","674.74","-"
"22-SEP-2025","ANANTRAJ","Anant Raj Industries Limi","GRAVITON RESEARCH CAPITAL LLP","BUY","23,11,298","674.45","-"
"22-SEP-2025","APEXECO","Apex Ecotech Limited","AMIT KUMAR JAIN HUF","BUY","80,000","164.54","-"
"22-SEP-2025","APEXECO","Apex Ecotech Limited","AMIT KUMAR JAIN HUF","SELL","80,000","164.29","-"
"22-SEP-2025","ARISINFRA","Arisinfra Solutions Ltd","NEOMILE CORPORATE ADVISORY LIMITED","SELL","1,02,100","170.47","-"
"22-SEP-2025","ARISINFRA","Arisinfra Solutions Ltd","NEOMILE CORPORATE ADVISORY LIMITED","BUY","10,49,588","155.40","-"
"22-SEP-2025","AROGRANITE","Aro Granite Industries Li","RIMPY MITTAL","SELL","81,174","39.72","-"
"22-SEP-2025","AROGRANITE","Aro Granite Industries Li","RIMPY MITTAL","BUY","91,944","40.96","-"
"22-SEP-2025","ATALREAL","Atal Realtech Limited","PASHUPATI CAPITA SER PVT LTD","BUY","4,38,000","20.82","-"
"22-SEP-2025","ATALREAL","Atal Realtech Limited","PASHUPATI CAPITA SER PVT LTD","SELL","8,51,074","20.55","-"
"22-SEP-2025","CHANDAN","Chandan Healthcare Ltd","MANISH GROVER","BUY","2,35,200","226.21","-"
"22-SEP-2025","DENEERS","De Neers Tools Limited","ARK GLOBAL EMERGING COMPANIES LP ","SELL","1,31,400","188.13","-"
"22-SEP-2025","DENEERS","De Neers Tools Limited","DESERET MUTUAL EMPLOYEE","SELL","46,800","188.13","-"
"22-SEP-2025","DENEERS","De Neers Tools Limited","NIKUNJ KAUSHIK SHAH","SELL","1,75,200","193.62","-"
"22-SEP-2025","DENEERS","De Neers Tools Limited","NIKUNJ KAUSHIK SHAH","BUY","1,79,400","201.23","-"
"22-SEP-2025","DENEERS","De Neers Tools Limited","UNLISTED ASSETS PRIVATE LIMITED","SELL","75,000","174.91","-"
"22-SEP-2025","DEVX","Dev Accelerator Limited","MANSI SHARE AND STOCK BROKING PRIVATE LIMITED","BUY","20","59.98","-"
"22-SEP-2025","DEVX","Dev Accelerator Limited","MANSI SHARE AND STOCK BROKING PRIVATE LIMITED","SELL","6,09,578","56.31","-"
"22-SEP-2025","DHARIWAL","Dhariwalcorp Limited","ANJU SHARMA","BUY","46,800","213.50","-"
"22-SEP-2025","DHARIWAL","Dhariwalcorp Limited","DHRUVINKUMAR KIRTIBHAI MISTRI","SELL","64,800","200.93","-"
"22-SEP-2025","DHARIWAL","Dhariwalcorp Limited","KAMLESHBHAI PATEL","SELL","68,400","200.26","-"
"22-SEP-2025","DHARIWAL","Dhariwalcorp Limited","SHAH BHAVY MAHENDRABHAI","SELL","75,600","201.24","-"
"22-SEP-2025","DHARIWAL","Dhariwalcorp Limited","VASANTKUMAR DHANJIBHAI SHAH","SELL","74,400","202.99","-"
"22-SEP-2025","GATECH","GACM Technologies Limited","RAKESH KUMAR UPPAL AND SONS HUF","BUY","62,80,041","0.78","-"
"22-SEP-2025","GATECH","GACM Technologies Limited","RAKESH KUMAR UPPAL AND SONS HUF","SELL","95,51,883","0.79","-"
"22-SEP-2025","GATECH","GACM Technologies Limited","SHARE INDIA SECURITIES LIMITED","SELL","58,32,510","0.79","-"
"22-SEP-2025","GATECH","GACM Technologies Limited","SHARE INDIA SECURITIES LIMITED","BUY","67,53,702","0.79","-"
"22-SEP-2025","GLOBE","Globe Textiles (I) Ltd.","BHAVIK SURYAKANT PARIKH","BUY","24,00,000","2.22","-"
"22-SEP-2025","HILTON","Hilton Metal Forging Limi","RIKHAV SECURITIES LIMITED","SELL","1,94,554","52.30","-"
"22-SEP-2025","INTENTECH","Intense Technologies Ltd","D3 STOCK VISION LLP","BUY","1,43,669","138.77","-"
"22-SEP-2025","INTENTECH","Intense Technologies Ltd","D3 STOCK VISION LLP","SELL","1,73,669","138.92","-"
"22-SEP-2025","INTENTECH","Intense Technologies Ltd","MANSI SHARE AND STOCK BROKING PRIVATE LIMITED","SELL","1,67,026","137.43","-"
"22-SEP-2025","INTENTECH","Intense Technologies Ltd","MANSI SHARE AND STOCK BROKING PRIVATE LIMITED","BUY","1,77,045","139.05","-"
"22-SEP-2025","INTENTECH","Intense Technologies Ltd","NEO APEX VENTURE LLP","SELL","1,20,591","139.04","-"
"22-SEP-2025","INTENTECH","Intense Technologies Ltd","NEO APEX VENTURE LLP","BUY","1,70,591","138.79","-"
"22-SEP-2025","INTENTECH","Intense Technologies Ltd","VISHAL KARWA","BUY","2,00,000","137.65","-"
"22-SEP-2025","KANDARP","Kandarp Dg Smart Bpo Ltd","PASHUPATI CAPITA SER PVT LTD","BUY","4,000","119.90","-"
"22-SEP-2025","KANDARP","Kandarp Dg Smart Bpo Ltd","PASHUPATI CAPITA SER PVT LTD","SELL","62,000","117.71","-"
"22-SEP-2025","KATARIA","Kataria Industries Ltd","SANGEETA SETHI","SELL","1,12,800","118.70","-"
"22-SEP-2025","MASTERTR","Master Trust Limited","SHARE INDIA SECURITIES LIMITED","BUY","15,500","143.29","-"
"22-SEP-2025","MASTERTR","Master Trust Limited","SHARE INDIA SECURITIES LIMITED","SELL","6,40,500","142.02","-"
"22-SEP-2025","MASTERTR","Master Trust Limited","SRESTHA FINVEST LIMITED","SELL","2,40,237","142.52","-"
"22-SEP-2025","MASTERTR","Master Trust Limited","SRESTHA FINVEST LIMITED","BUY","6,63,917","142.02","-"
"22-SEP-2025","NETWEB","Netweb Tech India Ltd","HRTI PRIVATE LIMITED","BUY","3,00,640","3,476.60","-"
"22-SEP-2025","NETWEB","Netweb Tech India Ltd","HRTI PRIVATE LIMITED","SELL","3,20,764","3,474.19","-"
"22-SEP-2025","NETWEB","Netweb Tech India Ltd","JUNOMONETA FINSOL PRIVATE LIMITED","BUY","3,52,574","3,473.60","-"
"22-SEP-2025","NETWEB","Netweb Tech India Ltd","JUNOMONETA FINSOL PRIVATE LIMITED","SELL","3,52,580","3,475.76","-"
"22-SEP-2025","NRVANDANA","N R Vandana Tex Ind Ltd","NEXUS EQUITY GROWTH FUND SCH-1","SELL","2,19,000","52.47","-"
"22-SEP-2025","POLYSIL","Polysil Irrigation Syst L","YAGNIK BHARATKUMAR TANK","SELL","68,000","218.15","-"
"22-SEP-2025","POLYSIL","Polysil Irrigation Syst L","YAGNIK BHARATKUMAR TANK","BUY","2,12,000","224.19","-"
"22-SEP-2025","PSRAJ","P S Raj Steels Limited","DIVYA NARPAT JAIN","SELL","45,000","206.32","-"
"22-SEP-2025","SAWALIYA","Sawaliya Food Products L","KINGSMAN WEALTH MANAGEMENT PRIVATE LIMITED","BUY","55,200","236.00","-"
"22-SEP-2025","SHALBY","Shalby Limited","GRAVITON RESEARCH CAPITAL LLP","BUY","13,54,105","266.34","-"
"22-SEP-2025","SHALBY","Shalby Limited","GRAVITON RESEARCH CAPITAL LLP","SELL","13,54,105","266.55","-"
"22-SEP-2025","SHANTI","Shanti Overseas (Ind) Ltd","HEMAL ARUNBHAI MEHTA","SELL","74,578","9.42","-"
"22-SEP-2025","SHREEPUSHK","Shre Push Chem & Fert Ltd","GRAVITON RESEARCH CAPITAL LLP","BUY","2,70,335","430.31","-"
"22-SEP-2025","SHREEPUSHK","Shre Push Chem & Fert Ltd","GRAVITON RESEARCH CAPITAL LLP","SELL","2,70,335","431.04","-"
"22-SEP-2025","SHREEPUSHK","Shre Push Chem & Fert Ltd","HRTI PRIVATE LIMITED","SELL","3,71,098","432.77","-"
"22-SEP-2025","SHREEPUSHK","Shre Push Chem & Fert Ltd","HRTI PRIVATE LIMITED","BUY","4,02,907","433.08","-"
"22-SEP-2025","SHREEPUSHK","Shre Push Chem & Fert Ltd","JUNOMONETA FINSOL PRIVATE LIMITED","BUY","3,23,489","435.16","-"
"22-SEP-2025","SHREEPUSHK","Shre Push Chem & Fert Ltd","JUNOMONETA FINSOL PRIVATE LIMITED","SELL","3,24,009","435.53","-"
"22-SEP-2025","SHREEPUSHK","Shre Push Chem & Fert Ltd","QE SECURITIES LLP","BUY","2,21,191","432.45","-"
"22-SEP-2025","SHREEPUSHK","Shre Push Chem & Fert Ltd","QE SECURITIES LLP","SELL","2,21,806","431.86","-"
"22-SEP-2025","SIKKO","Sikko Industries Limited","HARSHA RAJESHBHAI JHAVERI","SELL","1,38,000","68.01","-"
"22-SEP-2025","TAURIAN","Taurian MPS Limited","GREEN PEAKS ENTERPRISES LLP","BUY","6,400","267.95","-"
"22-SEP-2025","TAURIAN","Taurian MPS Limited","GREEN PEAKS ENTERPRISES LLP","SELL","64,800","267.95","-"
"22-SEP-2025","TAURIAN","Taurian MPS Limited","SAURABH TRIPATHI","BUY","44,800","267.95","-"
"22-SEP-2025","TECHD","TechD Cybersecurity Ltd","BIJAL PRITESH VORA","BUY","99,000","385.00","-"
"22-SEP-2025","TECHD","TechD Cybersecurity Ltd","GROWTH SECURITIES PRIVATE LIMITED","BUY","2,20,800","377.54","-"
"22-SEP-2025","URBANCO","Urban Company Limited","GRAVITON RESEARCH CAPITAL LLP","SELL","1,25,64,061","193.44","-"
"22-SEP-2025","URBANCO","Urban Company Limited","GRAVITON RESEARCH CAPITAL LLP","BUY","1,25,64,061","193.42","-"
"22-SEP-2025","VPRPL","Vishnu Prakash R Pungli L","NEOMILE CORPORATE ADVISORY LIMITED","SELL","3,98,098","105.34","-"
"22-SEP-2025","VPRPL","Vishnu Prakash R Pungli L","NEOMILE CORPORATE ADVISORY LIMITED","BUY","11,18,669","104.53","-"