﻿"Date ","Symbol ","Security Name ","Client Name ","Buy / Sell ","Quantity Traded ","Trade Price / Wght. Avg. Price ","Remarks "
"30-SEP-2025","AAATECH","AAA Technologies Limited","M7 GLOBAL FUND PCC - CELL DEWCAP FUND","BUY","2,80,000","79.60","-"
"30-SEP-2025","AAATECH","AAA Technologies Limited","RUCHI ANJAY AGARWAL","SELL","2,80,000","79.60","-"
"30-SEP-2025","ACTIVEINFR","Active Infrastructures Li","RAAYA SYNERGIES","BUY","7,48,800","186.00","-"
"30-SEP-2025","ACTIVEINFR","Active Infrastructures Li","VAST INTEGRATED SERVICES LIMITED","SELL","7,48,800","186.00","-"
"30-SEP-2025","AFFORDABLE","Afford Robo & Auto Ltd","ANANTNATH SKYCON PRIVATE LIMITED","BUY","1,50,000","223.08","-"
"30-SEP-2025","AFFORDABLE","Afford Robo & Auto Ltd","HARSHARAN SINGH KHERA","SELL","1,59,750","223.09","-"
"30-SEP-2025","AGIIL","Agi Infra Limited","CHUNGATH KARUNAKARAN PADMA KUMAR","BUY","1,28,000","1,250.00","-"
"30-SEP-2025","AGSTRA","AGS Transact Tech Ltd","NEOMILE GROWTH FUND - SERIES I","SELL","6,66,723","3.93","-"
"30-SEP-2025","ANONDITA","Anondita Medicare Limited","COGNIZANT CAPITAL DYNAMIC OPPORTUNITIES FUND","SELL","1,70,000","340.04","-"
"30-SEP-2025","ANZEN","Anzen Ind Ene Yld Plu Tru","SEPL ENERGY PRIVATE LIMITED","SELL","17,00,000","115.00","-"
"30-SEP-2025","ARSSBL","Anand Rathi Sh N Stk Br L","ASCENT FINECHEM PRIVATE LIMITED","BUY","5,36,000","444.02","-"
"30-SEP-2025","ARSSBL","Anand Rathi Sh N Stk Br L","GRAVITON RESEARCH CAPITAL LLP","SELL","5,00,006","443.36","-"
"30-SEP-2025","ARSSBL","Anand Rathi Sh N Stk Br L","GRAVITON RESEARCH CAPITAL LLP","BUY","5,00,006","442.99","-"
"30-SEP-2025","ARSSBL","Anand Rathi Sh N Stk Br L","IRAGE BROKING SERVICES LLP","BUY","3,04,881","439.95","-"
"30-SEP-2025","ARSSBL","Anand Rathi Sh N Stk Br L","IRAGE BROKING SERVICES LLP","SELL","3,44,582","441.95","-"
"30-SEP-2025","ARSSBL","Anand Rathi Sh N Stk Br L","JUNOMONETA FINSOL PRIVATE LIMITED","SELL","6,94,644","441.49","-"
"30-SEP-2025","ARSSBL","Anand Rathi Sh N Stk Br L","JUNOMONETA FINSOL PRIVATE LIMITED","BUY","7,06,224","441.10","-"
"30-SEP-2025","ARSSBL","Anand Rathi Sh N Stk Br L","LOKESH THAKRAL","SELL","6,00,000","437.30","-"
"30-SEP-2025","ARSSBL","Anand Rathi Sh N Stk Br L","LOKESH THAKRAL","BUY","6,00,000","444.47","-"
"30-SEP-2025","ARSSBL","Anand Rathi Sh N Stk Br L","RAJESH CHAMANLAL SANGHAVI","BUY","6,16,771","442.38","-"
"30-SEP-2025","ARSSBL","Anand Rathi Sh N Stk Br L","RAJESH CHAMANLAL SANGHAVI","SELL","6,16,771","442.14","-"
"30-SEP-2025","ARSSBL","Anand Rathi Sh N Stk Br L","SHARE INDIA SECURITIES LIMITED","BUY","3,18,926","439.99","-"
"30-SEP-2025","ARSSBL","Anand Rathi Sh N Stk Br L","SHARE INDIA SECURITIES LIMITED","SELL","3,18,926","441.01","-"
"30-SEP-2025","ARSSBL","Anand Rathi Sh N Stk Br L","URUDAVAN INVESTMENT AND TRADING PVT. LTD.","SELL","1,75,000","439.45","-"
"30-SEP-2025","ARSSBL","Anand Rathi Sh N Stk Br L","URUDAVAN INVESTMENT AND TRADING PVT. LTD.","BUY","3,50,000","439.17","-"
"30-SEP-2025","ATALREAL","Atal Realtech Limited","ACME CAPITAL MARKET LIMITED","BUY","8,22,696","22.43","-"
"30-SEP-2025","ATALREAL","Atal Realtech Limited","ACME CAPITAL MARKET LIMITED","SELL","8,22,696","22.57","-"
"30-SEP-2025","ATALREAL","Atal Realtech Limited","PASHUPATI CAPITA SER PVT LTD","SELL","1,35,716","22.29","-"
"30-SEP-2025","ATALREAL","Atal Realtech Limited","PASHUPATI CAPITA SER PVT LTD","BUY","7,84,582","22.49","-"
"30-SEP-2025","AWFIS","Awfis Space Solutions Ltd","VBAP HOLDINGS PRIVATE LIMITED","SELL","9,96,307","570.12","-"
"30-SEP-2025","BLUEDART","Blue Dart Express Ltd","GRAVITON RESEARCH CAPITAL LLP","SELL","1,20,308","5,947.96","-"
"30-SEP-2025","BLUEDART","Blue Dart Express Ltd","GRAVITON RESEARCH CAPITAL LLP","BUY","1,20,308","5,945.05","-"
"30-SEP-2025","CBAZAAR","Net Avenue Technologies L","MODY PRAKASH AMRUT","SELL","1,28,000","3.78","-"
"30-SEP-2025","CYBERTECH","Cybertech Systems & Softw","ALPHAGREP SECURITIES PRIVATE LIMITED","SELL","2,07,966","218.48","-"
"30-SEP-2025","CYBERTECH","Cybertech Systems & Softw","ALPHAGREP SECURITIES PRIVATE LIMITED","BUY","2,07,966","218.43","-"
"30-SEP-2025","CYBERTECH","Cybertech Systems & Softw","JASVANTIBEN VELJI BABRIYA","BUY","1,56,957","217.34","-"
"30-SEP-2025","CYBERTECH","Cybertech Systems & Softw","JASVANTIBEN VELJI BABRIYA","SELL","1,56,957","218.13","-"
"30-SEP-2025","CYBERTECH","Cybertech Systems & Softw","JUNOMONETA FINSOL PRIVATE LIMITED","SELL","2,25,613","217.45","-"
"30-SEP-2025","CYBERTECH","Cybertech Systems & Softw","JUNOMONETA FINSOL PRIVATE LIMITED","BUY","2,25,613","217.06","-"
"30-SEP-2025","CYBERTECH","Cybertech Systems & Softw","NK SECURITIES RESEARCH PRIVATE LIMITED","BUY","3,07,531","217.73","-"
"30-SEP-2025","CYBERTECH","Cybertech Systems & Softw","NK SECURITIES RESEARCH PRIVATE LIMITED","SELL","3,07,531","217.90","-"
"30-SEP-2025","CYBERTECH","Cybertech Systems & Softw","QE SECURITIES LLP","BUY","1,67,044","218.26","-"
"30-SEP-2025","CYBERTECH","Cybertech Systems & Softw","QE SECURITIES LLP","SELL","1,69,051","217.59","-"
"30-SEP-2025","CYBERTECH","Cybertech Systems & Softw","SILVERLEAF CAPITAL SERVICES PRIVATE LIMITED","SELL","1,98,182","217.56","-"
"30-SEP-2025","CYBERTECH","Cybertech Systems & Softw","SILVERLEAF CAPITAL SERVICES PRIVATE LIMITED","BUY","1,98,182","217.00","-"
"30-SEP-2025","ECOLINE","Ecoline Exim Limited","BHANSALI FINCOM PVT LTD","BUY","2,00,000","140.85","-"
"30-SEP-2025","ECOLINE","Ecoline Exim Limited","FINAVENUE GROWTH FUND","BUY","2,00,000","140.85","-"
"30-SEP-2025","ECOLINE","Ecoline Exim Limited","INDIA MAX INVESTMENT FUND LIMITED","BUY","1,50,000","140.85","-"
"30-SEP-2025","ECOLINE","Ecoline Exim Limited","JAIN SANJAY POPATLAL","BUY","3,50,000","140.93","-"
"30-SEP-2025","ECOLINE","Ecoline Exim Limited","LRSD SECURITIES PRIVATE LIMITED","SELL","1,45,000","140.54","-"
"30-SEP-2025","ECOLINE","Ecoline Exim Limited","MANSI SHARE AND STOCK BROKING PRIVATE LIMITED","BUY","3,50,000","140.85","-"
"30-SEP-2025","GATECH","GACM Technologies Limited","NEO APEX VENTURE LLP","SELL","70,38,608","0.67","-"
"30-SEP-2025","GATECH","GACM Technologies Limited","NEO APEX VENTURE LLP","BUY","94,57,675","0.67","-"
"30-SEP-2025","IFGLEXPOR","IFGL Refractories Limited","NK SECURITIES RESEARCH PRIVATE LIMITED","BUY","3,71,664","289.41","-"
"30-SEP-2025","IFGLEXPOR","IFGL Refractories Limited","NK SECURITIES RESEARCH PRIVATE LIMITED","SELL","3,71,664","289.67","-"
"30-SEP-2025","INTEGRITY","Integrity Infrabuild De L","ARC FINANCE LIMITED","BUY","72,000","101.00","-"
"30-SEP-2025","INTEGRITY","Integrity Infrabuild De L","ARYAMAN CAPITAL MARKETS LIMITED","SELL","72,000","101.00","-"
"30-SEP-2025","IRMENERGY","IRM Energy Limited","HRTI PRIVATE LIMITED","BUY","2,04,233","364.28","-"
"30-SEP-2025","IRMENERGY","IRM Energy Limited","HRTI PRIVATE LIMITED","SELL","2,13,753","367.34","-"
"30-SEP-2025","JARO","Jaro Ins of Tec Mg N Re L","DEVI TRADERS LLP","BUY","1,24,500","747.55","-"
"30-SEP-2025","JARO","Jaro Ins of Tec Mg N Re L","DEVI TRADERS LLP","SELL","1,24,500","742.44","-"
"30-SEP-2025","JARO","Jaro Ins of Tec Mg N Re L","JUNOMONETA FINSOL PRIVATE LIMITED","SELL","1,12,817","780.31","-"
"30-SEP-2025","JARO","Jaro Ins of Tec Mg N Re L","JUNOMONETA FINSOL PRIVATE LIMITED","BUY","1,12,817","780.42","-"
"30-SEP-2025","JARO","Jaro Ins of Tec Mg N Re L","MANSI SHARE AND STOCK BROKING PRIVATE LIMITED","SELL","4,20,819","749.76","-"
"30-SEP-2025","JARO","Jaro Ins of Tec Mg N Re L","MANSI SHARE AND STOCK BROKING PRIVATE LIMITED","BUY","4,20,819","841.12","-"
"30-SEP-2025","KANDARP","Kandarp Dg Smart Bpo Ltd","PASHUPATI CAPITA SER PVT LTD","SELL","1,76,000","100.00","-"
"30-SEP-2025","MANINDS","Man Industries (I) Ltd","GRAVITON RESEARCH CAPITAL LLP","BUY","8,41,836","361.37","-"
"30-SEP-2025","MANINDS","Man Industries (I) Ltd","GRAVITON RESEARCH CAPITAL LLP","SELL","8,41,836","361.85","-"
"30-SEP-2025","MGSL","Matrix Geo Solutions Ltd","AANJAY AGELESS AIF FUND","BUY","96,000","103.07","-"
"30-SEP-2025","MGSL","Matrix Geo Solutions Ltd","GANESH DASS GUPTA","BUY","1,65,600","103.90","-"
"30-SEP-2025","MGSL","Matrix Geo Solutions Ltd","NEXUS EQUITY GROWTH FUND SCH-1","BUY","84,000","103.90","-"
"30-SEP-2025","MGSL","Matrix Geo Solutions Ltd","PACE STOCK BROKING SERVICES PVT LTD","BUY","3,01,200","103.88","-"
"30-SEP-2025","MGSL","Matrix Geo Solutions Ltd","VIPIN AGGARWAL","BUY","1,03,200","103.81","-"
"30-SEP-2025","NGIL","Nakoda Group of Ind. Ltd","L7 HITECH PRIVATE LIMITED","SELL","98,454","34.18","-"
"30-SEP-2025","NGIL","Nakoda Group of Ind. Ltd","L7 HITECH PRIVATE LIMITED","BUY","1,26,409","34.07","-"
"30-SEP-2025","NIBE","NIBE Limited","AEGIS INVESTMENT FUND","SELL","2,77,877","1,451.00","-"
"30-SEP-2025","NIBE","NIBE Limited","VENUS INVESTMENTS VCC - VENUS STELLAR FUND","BUY","2,77,877","1,451.00","-"
"30-SEP-2025","NIRMAN","Nirman Agri Gentics Ltd","NEO APEX VENTURE LLP","SELL","39,000","180.80","-"
"30-SEP-2025","NIRMAN","Nirman Agri Gentics Ltd","NEO APEX VENTURE LLP","BUY","1,38,300","178.80","-"
"30-SEP-2025","ONDOOR","On Door Concepts Limited","ABHISHEK AGRAWAL","BUY","300","149.00","-"
"30-SEP-2025","ONDOOR","On Door Concepts Limited","ABHISHEK AGRAWAL","SELL","84,300","145.00","-"
"30-SEP-2025","ONDOOR","On Door Concepts Limited","DARSHAN JAYSUKHLAL MEHTA","BUY","45,000","144.90","-"
"30-SEP-2025","ONDOOR","On Door Concepts Limited","DEEPAK MANOHARLAL SONI","BUY","30,000","145.00","-"
"30-SEP-2025","ONDOOR","On Door Concepts Limited","OM PRAMILA STOCKS PRIVATE LIMITED","BUY","49,800","145.00","-"
"30-SEP-2025","PANACHE","Panache Digilife Limited","L7 HITECH PRIVATE LIMITED","SELL","1,30,000","396.00","-"
"30-SEP-2025","PANACHE","Panache Digilife Limited","PM CONSULTANCY","BUY","1,30,000","396.00","-"
"30-SEP-2025","PROZONER","Prozone Realty Limited","APAX TRUST","BUY","17,67,490","54.41","-"
"30-SEP-2025","PROZONER","Prozone Realty Limited","IRAGE BROKING SERVICES LLP","SELL","10,88,377","55.51","-"
"30-SEP-2025","PROZONER","Prozone Realty Limited","IRAGE BROKING SERVICES LLP","BUY","12,14,694","55.27","-"
"30-SEP-2025","PROZONER","Prozone Realty Limited","JUNOMONETA FINSOL PRIVATE LIMITED","SELL","13,62,536","55.73","-"
"30-SEP-2025","PROZONER","Prozone Realty Limited","JUNOMONETA FINSOL PRIVATE LIMITED","BUY","13,62,536","55.60","-"
"30-SEP-2025","PROZONER","Prozone Realty Limited","NK SECURITIES RESEARCH PRIVATE LIMITED","SELL","21,12,006","55.86","-"
"30-SEP-2025","PROZONER","Prozone Realty Limited","NK SECURITIES RESEARCH PRIVATE LIMITED","BUY","21,12,006","55.79","-"
"30-SEP-2025","PROZONER","Prozone Realty Limited","QE SECURITIES LLP","BUY","7,68,327","55.58","-"
"30-SEP-2025","PROZONER","Prozone Realty Limited","QE SECURITIES LLP","SELL","7,85,306","55.90","-"
"30-SEP-2025","PROZONER","Prozone Realty Limited","SARITA   JAIN","BUY","25,000","52.00","-"
"30-SEP-2025","PROZONER","Prozone Realty Limited","SARITA   JAIN","SELL","11,34,323","55.16","-"
"30-SEP-2025","PROZONER","Prozone Realty Limited","SILVERLEAF CAPITAL SERVICES PRIVATE LIMITED","BUY","8,83,071","55.36","-"
"30-SEP-2025","PROZONER","Prozone Realty Limited","SILVERLEAF CAPITAL SERVICES PRIVATE LIMITED","SELL","8,83,071","55.47","-"
"30-SEP-2025","SAMMAANCAP","Sammaan Capital Limited","GRAVITON RESEARCH CAPITAL LLP","BUY","1,02,72,655","158.59","-"
"30-SEP-2025","SAMMAANCAP","Sammaan Capital Limited","GRAVITON RESEARCH CAPITAL LLP","SELL","1,02,72,655","158.65","-"
"30-SEP-2025","SAMMAANCAP","Sammaan Capital Limited","HRTI PRIVATE LIMITED","BUY","38,63,649","158.03","-"
"30-SEP-2025","SAMMAANCAP","Sammaan Capital Limited","HRTI PRIVATE LIMITED","SELL","41,84,574","158.50","-"
"30-SEP-2025","SAMMAANCAP","Sammaan Capital Limited","SHARE INDIA SECURITIES LIMITED","BUY","39,27,863","158.44","-"
"30-SEP-2025","SAMMAANCAP","Sammaan Capital Limited","SHARE INDIA SECURITIES LIMITED","SELL","43,11,449","158.56","-"
"30-SEP-2025","SANGINITA","Sanginita Chemicals Limit","YASH ENTERPRISES","BUY","1,92,000","10.10","-"
"30-SEP-2025","SAWALIYA","Sawaliya Food Products L","BAAHUBALI ENTERPRISE","BUY","1,200","230.00","-"
"30-SEP-2025","SAWALIYA","Sawaliya Food Products L","BAAHUBALI ENTERPRISE","SELL","56,400","230.00","-"
"30-SEP-2025","SIDDHICOTS","Siddhi Cotspin Limited","JEVIN STOCK BROKER PRIVATE LIMITED","SELL","1,48,800","74.10","-"
"30-SEP-2025","SPECTSTM","Spectrum Talent Mgmt Ltd","NEOMILE CORPORATE ADVISORY LIMITED","SELL","3,92,000","97.60","-"
"30-SEP-2025","SPECTSTM","Spectrum Talent Mgmt Ltd","NEOMILE GROWTH FUND - SERIES I","BUY","3,91,200","97.60","-"
"30-SEP-2025","TATAINVEST","Tata Inv. Corpn Ltd.","HRTI PRIVATE LIMITED","SELL","3,04,655","9,869.70","-"
"30-SEP-2025","TATAINVEST","Tata Inv. Corpn Ltd.","HRTI PRIVATE LIMITED","BUY","3,06,448","9,814.63","-"
"30-SEP-2025","TATAINVEST","Tata Inv. Corpn Ltd.","JUNOMONETA FINSOL PRIVATE LIMITED","SELL","3,40,243","9,875.58","-"
"30-SEP-2025","TATAINVEST","Tata Inv. Corpn Ltd.","JUNOMONETA FINSOL PRIVATE LIMITED","BUY","3,40,243","9,870.81","-"
"30-SEP-2025","TECHD","TechD Cybersecurity Ltd","ALGOQUANT FINTECH LIMITED  .","SELL","49,200","511.35","-"
"30-SEP-2025","TECHD","TechD Cybersecurity Ltd","BANDLAMUDI GOPI CHAND","BUY","38,400","515.79","-"
"30-SEP-2025","TECHD","TechD Cybersecurity Ltd","HARISH KUMAR GUPTA","BUY","88,200","508.26","-"
"30-SEP-2025","TECHD","TechD Cybersecurity Ltd","NEO APEX VENTURE LLP","BUY","25,200","514.21","-"
"30-SEP-2025","TECHD","TechD Cybersecurity Ltd","NEO APEX VENTURE LLP","SELL","2,03,400","515.80","-"
"30-SEP-2025","TECHERA","TechEra Engineer (Ind) L","JITENDRA RASIKLAL SANGHAVI","SELL","2,00,000","268.80","-"
"30-SEP-2025","TECHERA","TechEra Engineer (Ind) L","NEO APEX VENTURE LLP","BUY","1,70,400","268.30","-"
"30-SEP-2025","TECHERA","TechEra Engineer (Ind) L","NEO APEX VENTURE LLP","SELL","2,48,800","268.80","-"
"30-SEP-2025","TNPL","Tamil Nadu Newsprint","NK SECURITIES RESEARCH PRIVATE LIMITED","SELL","3,87,293","167.14","-"
"30-SEP-2025","TNPL","Tamil Nadu Newsprint","NK SECURITIES RESEARCH PRIVATE LIMITED","BUY","3,87,293","167.01","-"
"30-SEP-2025","URAVIDEF","URAVI DEFENCE & TECH LTD","NUPUR ANIL SHAH","BUY","80,000","224.00","-"
"30-SEP-2025","URAVIDEF","URAVI DEFENCE & TECH LTD","VINEY CORPORATION  LIMITED","SELL","2,98,464","224.16","-"
"30-SEP-2025","VASCONEQ","Vascon Engineers Ltd","GRAVITON RESEARCH CAPITAL LLP","SELL","14,68,658","69.07","-"
"30-SEP-2025","VASCONEQ","Vascon Engineers Ltd","GRAVITON RESEARCH CAPITAL LLP","BUY","14,68,658","69.03","-"
"30-SEP-2025","VASCONEQ","Vascon Engineers Ltd","HRTI PRIVATE LIMITED","SELL","16,05,925","68.93","-"
"30-SEP-2025","VASCONEQ","Vascon Engineers Ltd","HRTI PRIVATE LIMITED","BUY","16,11,198","68.47","-"
"30-SEP-2025","VASCONEQ","Vascon Engineers Ltd","JUNOMONETA FINSOL PRIVATE LIMITED","SELL","12,28,706","68.97","-"
"30-SEP-2025","VASCONEQ","Vascon Engineers Ltd","JUNOMONETA FINSOL PRIVATE LIMITED","BUY","12,28,706","68.91","-"
"30-SEP-2025","VINEETLAB","Vineet Laboratories Ltd","AMIT KUMAR JAIN HUF","SELL","48,779","39.95","-"
"30-SEP-2025","VINEETLAB","Vineet Laboratories Ltd","AMIT KUMAR JAIN HUF","BUY","66,297","40.33","-"
"30-SEP-2025","VINEETLAB","Vineet Laboratories Ltd","CHINTHAKUNTA SULOCHANA","BUY","63,644","39.46","-"
"30-SEP-2025","VINEETLAB","Vineet Laboratories Ltd","VENKATA RAMANA GADDAM","SELL","50,000","39.96","-"
"30-SEP-2025","VMSTMT","VMS TMT Limited","SOMANI STOCK BROKING PVT LTD","SELL","3,00,000","81.44","-"