﻿"Date ","Symbol ","Security Name ","Client Name ","Buy / Sell ","Quantity Traded ","Trade Price / Wght. Avg. Price ","Remarks "
"09-SEP-2025","AHCL","Anlon Healthcare Limited","NEOMILE CORPORATE ADVISORY LIMITED","SELL","1,43,184","101.34","-"
"09-SEP-2025","AHCL","Anlon Healthcare Limited","NEOMILE CORPORATE ADVISORY LIMITED","BUY","7,89,966","100.01","-"
"09-SEP-2025","AMANTA","Amanta Healthcare Limited","NAVRATRI SHARE TRADING PRIVATE LIMITED .","BUY","2,68,602","137.07","-"
"09-SEP-2025","AMANTA","Amanta Healthcare Limited","SUNRISE INVESTMENT OPPORTUNITIES FUND","SELL","37,422","135.00","-"
"09-SEP-2025","AMANTA","Amanta Healthcare Limited","SUNRISE INVESTMENT OPPORTUNITIES FUND","BUY","3,18,817","133.51","-"
"09-SEP-2025","APOLLO","Apollo Micro Systems Ltd","HRTI PRIVATE LIMITED","SELL","18,86,831","279.05","-"
"09-SEP-2025","APOLLO","Apollo Micro Systems Ltd","HRTI PRIVATE LIMITED","BUY","20,82,526","278.50","-"
"09-SEP-2025","BBTCL","B&B Triplewall Cont Ltd","ALKA GUPTA","BUY","1,17,000","204.00","-"
"09-SEP-2025","BBTCL","B&B Triplewall Cont Ltd","SHIVANK KEDIA ( HUF)","SELL","1,50,000","204.00","-"
"09-SEP-2025","BHADORA","Bhadora Industries Ltd","AMIT R AGARWAL","BUY","98,400","101.29","-"
"09-SEP-2025","CLASSICEIL","Classic Electrode (Ind) L","MINT FOCUSED GROWTH FUND PCC- CELL 1","BUY","96,000","85.82","-"
"09-SEP-2025","DHARIWAL","Dhariwalcorp Limited","NIRMALKUMAR JAIN","SELL","80,400","180.01","-"
"09-SEP-2025","DHARIWAL","Dhariwalcorp Limited","YAGNIK BHARATKUMAR TANK","BUY","1,12,800","180.23","-"
"09-SEP-2025","GSM-RE","GSM Foils Ltd","CHINNAPPARAJ M","BUY","6,700","56.21","-"
"09-SEP-2025","IOLCP","IOL Chem and Pharma Ltd","GRAVITON RESEARCH CAPITAL LLP","BUY","53,82,630","117.96","-"
"09-SEP-2025","IOLCP","IOL Chem and Pharma Ltd","GRAVITON RESEARCH CAPITAL LLP","SELL","53,82,630","118.02","-"
"09-SEP-2025","IOLCP","IOL Chem and Pharma Ltd","HRTI PRIVATE LIMITED","BUY","18,04,627","117.60","-"
"09-SEP-2025","IOLCP","IOL Chem and Pharma Ltd","HRTI PRIVATE LIMITED","SELL","20,10,069","117.80","-"
"09-SEP-2025","IOLCP","IOL Chem and Pharma Ltd","JUNOMONETA FINSOL PRIVATE LIMITED","BUY","17,07,757","117.85","-"
"09-SEP-2025","IOLCP","IOL Chem and Pharma Ltd","JUNOMONETA FINSOL PRIVATE LIMITED","SELL","17,07,757","117.88","-"
"09-SEP-2025","IOLCP","IOL Chem and Pharma Ltd","MUSIGMA SECURITIES","SELL","19,21,093","117.86","-"
"09-SEP-2025","IOLCP","IOL Chem and Pharma Ltd","MUSIGMA SECURITIES","BUY","19,21,093","117.82","-"
"09-SEP-2025","IOLCP","IOL Chem and Pharma Ltd","QE SECURITIES LLP","BUY","19,81,022","117.52","-"
"09-SEP-2025","IOLCP","IOL Chem and Pharma Ltd","QE SECURITIES LLP","SELL","20,73,742","117.47","-"
"09-SEP-2025","KROSS","Kross Limited","HRTI PRIVATE LIMITED","BUY","4,38,554","224.24","-"
"09-SEP-2025","KROSS","Kross Limited","HRTI PRIVATE LIMITED","SELL","4,55,557","224.81","-"
"09-SEP-2025","LAXMICOT","Laxmi Cotspin Limited","RAJURI STEELS & TMT BARS PRIVATE LIMITED","BUY","1,00,000","24.82","-"
"09-SEP-2025","LAXMICOT","Laxmi Cotspin Limited","SAFFORD MERCANTILE PVTLTD","SELL","1,00,000","24.45","-"
"09-SEP-2025","MFML","Mahalaxmi Fabric Mills Lt","IRAGE BROKING SERVICES LLP","SELL","18,016","34.31","-"
"09-SEP-2025","MFML","Mahalaxmi Fabric Mills Lt","IRAGE BROKING SERVICES LLP","BUY","56,627","34.65","-"
"09-SEP-2025","MFML","Mahalaxmi Fabric Mills Lt","KALPESH RANCHHODBHAI PATEL","SELL","1,45,000","34.87","-"
"09-SEP-2025","MICEL","MIC Electronics Ltd","HRTI PRIVATE LIMITED","BUY","19,85,520","73.21","-"
"09-SEP-2025","MICEL","MIC Electronics Ltd","HRTI PRIVATE LIMITED","SELL","21,10,881","73.76","-"
"09-SEP-2025","MICEL","MIC Electronics Ltd","IRAGE BROKING SERVICES LLP","BUY","3,50,760","74.44","-"
"09-SEP-2025","MICEL","MIC Electronics Ltd","IRAGE BROKING SERVICES LLP","SELL","13,07,124","74.11","-"
"09-SEP-2025","MOBIKWIK","One Mobikwik Systems Ltd","HRTI PRIVATE LIMITED","BUY","10,59,508","312.07","-"
"09-SEP-2025","MOBIKWIK","One Mobikwik Systems Ltd","HRTI PRIVATE LIMITED","SELL","10,62,220","313.35","-"
"09-SEP-2025","MOBIKWIK","One Mobikwik Systems Ltd","JUMP TRADING FINANCIAL INDIA PRIVATE LIMITED","SELL","5,32,267","313.00","-"
"09-SEP-2025","MOBIKWIK","One Mobikwik Systems Ltd","JUMP TRADING FINANCIAL INDIA PRIVATE LIMITED","BUY","5,32,267","311.64","-"
"09-SEP-2025","MOBIKWIK","One Mobikwik Systems Ltd","JUNOMONETA FINSOL PRIVATE LIMITED","BUY","4,73,179","312.31","-"
"09-SEP-2025","MOBIKWIK","One Mobikwik Systems Ltd","JUNOMONETA FINSOL PRIVATE LIMITED","SELL","4,73,179","312.66","-"
"09-SEP-2025","MOBIKWIK","One Mobikwik Systems Ltd","MUSIGMA SECURITIES","SELL","4,18,277","313.03","-"
"09-SEP-2025","MOBIKWIK","One Mobikwik Systems Ltd","MUSIGMA SECURITIES","BUY","4,18,277","312.93","-"
"09-SEP-2025","MOBIKWIK","One Mobikwik Systems Ltd","QE SECURITIES LLP","BUY","5,17,686","311.72","-"
"09-SEP-2025","MOBIKWIK","One Mobikwik Systems Ltd","QE SECURITIES LLP","SELL","5,28,625","313.01","-"
"09-SEP-2025","PRECAM","Precision Camshafts Ltd.","ALPHAGREP SECURITIES PRIVATE LIMITED","SELL","7,42,768","246.90","-"
"09-SEP-2025","PRECAM","Precision Camshafts Ltd.","ALPHAGREP SECURITIES PRIVATE LIMITED","BUY","7,42,768","246.84","-"
"09-SEP-2025","PRECAM","Precision Camshafts Ltd.","ELIXIR WEALTH MANAGEMENT PRIVATE LIMITED","SELL","4,93,831","250.34","-"
"09-SEP-2025","PRECAM","Precision Camshafts Ltd.","ELIXIR WEALTH MANAGEMENT PRIVATE LIMITED","BUY","5,05,525","249.33","-"
"09-SEP-2025","PRECAM","Precision Camshafts Ltd.","GRAVITON RESEARCH CAPITAL LLP","BUY","35,56,098","245.96","-"
"09-SEP-2025","PRECAM","Precision Camshafts Ltd.","GRAVITON RESEARCH CAPITAL LLP","SELL","35,56,098","246.19","-"
"09-SEP-2025","PRECAM","Precision Camshafts Ltd.","IRAGE BROKING SERVICES LLP","SELL","6,45,346","246.78","-"
"09-SEP-2025","PRECAM","Precision Camshafts Ltd.","IRAGE BROKING SERVICES LLP","BUY","8,23,773","251.22","-"
"09-SEP-2025","PRECAM","Precision Camshafts Ltd.","JUNOMONETA FINSOL PRIVATE LIMITED","BUY","12,25,383","248.29","-"
"09-SEP-2025","PRECAM","Precision Camshafts Ltd.","JUNOMONETA FINSOL PRIVATE LIMITED","SELL","12,25,383","248.49","-"
"09-SEP-2025","PRECAM","Precision Camshafts Ltd.","MICROCURVES TRADING PRIVATE LIMITED","BUY","5,08,904","246.54","-"
"09-SEP-2025","PRECAM","Precision Camshafts Ltd.","MICROCURVES TRADING PRIVATE LIMITED","SELL","5,08,904","246.63","-"
"09-SEP-2025","PRECAM","Precision Camshafts Ltd.","MUSIGMA SECURITIES","SELL","7,14,946","249.94","-"
"09-SEP-2025","PRECAM","Precision Camshafts Ltd.","MUSIGMA SECURITIES","BUY","7,14,946","249.85","-"
"09-SEP-2025","PRECAM","Precision Camshafts Ltd.","NK SECURITIES RESEARCH PRIVATE LIMITED","BUY","18,79,022","247.32","-"
"09-SEP-2025","PRECAM","Precision Camshafts Ltd.","NK SECURITIES RESEARCH PRIVATE LIMITED","SELL","18,79,022","247.45","-"
"09-SEP-2025","PRECAM","Precision Camshafts Ltd.","QE SECURITIES LLP","SELL","10,30,769","246.40","-"
"09-SEP-2025","PRECAM","Precision Camshafts Ltd.","QE SECURITIES LLP","BUY","10,36,243","246.64","-"
"09-SEP-2025","PRECAM","Precision Camshafts Ltd.","SHARE INDIA SECURITIES LIMITED","SELL","5,06,787","251.47","-"
"09-SEP-2025","PRECAM","Precision Camshafts Ltd.","SHARE INDIA SECURITIES LIMITED","BUY","5,06,787","251.58","-"
"09-SEP-2025","PSRAJ","P S Raj Steels Limited","VIKASA INDIA EIF I FUND - SHARE CLASS P","SELL","40,000","145.00","-"
"09-SEP-2025","SARVES-RE","Sarveshwar Foods Limited","BSEL INFRASTRUCTURE REALTY LTD","BUY","30,10,000","0.35","-"
"09-SEP-2025","SARVES-RE","Sarveshwar Foods Limited","DIVYAM BHAVESH MEHTA","BUY","15,00,000","0.32","-"
"09-SEP-2025","SARVES-RE","Sarveshwar Foods Limited","DIVYAM BHAVESH MEHTA","BUY","15,00,000","0.31","-"
"09-SEP-2025","SARVES-RE","Sarveshwar Foods Limited","NEELAM  SETHIA","BUY","13,00,000","0.36","-"
"09-SEP-2025","SARVES-RE","Sarveshwar Foods Limited","ROHIT GUPTA","SELL","1,23,57,909","0.34","-"
"09-SEP-2025","SHIVASHRIT","Shivashrit Foods Limited","AB INVESTO","BUY","1,79,000","141.69","-"
"09-SEP-2025","SHIVASHRIT","Shivashrit Foods Limited","GAUTAM FATEHPURIA","SELL","2,00,000","142.00","-"
"09-SEP-2025","SULA","Sula Vineyards Limited","GRAVITON RESEARCH CAPITAL LLP","BUY","4,70,886","277.37","-"
"09-SEP-2025","SULA","Sula Vineyards Limited","GRAVITON RESEARCH CAPITAL LLP","SELL","4,70,886","277.70","-"
"09-SEP-2025","SULA","Sula Vineyards Limited","HRTI PRIVATE LIMITED","SELL","4,96,259","279.69","-"
"09-SEP-2025","SULA","Sula Vineyards Limited","HRTI PRIVATE LIMITED","BUY","5,11,649","279.90","-"
"09-SEP-2025","SULA","Sula Vineyards Limited","MUSIGMA SECURITIES","BUY","6,48,166","281.82","-"
"09-SEP-2025","SULA","Sula Vineyards Limited","MUSIGMA SECURITIES","SELL","6,48,166","281.97","-"
"09-SEP-2025","TAJGVK","Taj GVK Hotels & Resorts","GRAVITON RESEARCH CAPITAL LLP","SELL","6,35,153","497.75","-"
"09-SEP-2025","TAJGVK","Taj GVK Hotels & Resorts","GRAVITON RESEARCH CAPITAL LLP","BUY","6,35,153","497.56","-"
"09-SEP-2025","VIKRAN","Vikran Engineering Ltd","GRAVITON RESEARCH CAPITAL LLP","BUY","19,80,286","104.03","-"
"09-SEP-2025","VIKRAN","Vikran Engineering Ltd","GRAVITON RESEARCH CAPITAL LLP","SELL","19,80,286","104.09","-"
"09-SEP-2025","VIKRAN","Vikran Engineering Ltd","JUNOMONETA FINSOL PRIVATE LIMITED","BUY","13,54,079","104.15","-"
"09-SEP-2025","VIKRAN","Vikran Engineering Ltd","JUNOMONETA FINSOL PRIVATE LIMITED","SELL","13,54,079","104.17","-"
"09-SEP-2025","VIMTALABS","Vimta Labs Limited","HRTI PRIVATE LIMITED","BUY","2,30,421","826.44","-"
"09-SEP-2025","VIMTALABS","Vimta Labs Limited","HRTI PRIVATE LIMITED","SELL","2,34,020","828.64","-"
"09-SEP-2025","VOLTAMP","Voltamp Transformers Limi","ADITYA BIRLA SUN LIFE INSURANCE COMPANY LIMITED","BUY","85,000","7,605.00","-"
"09-SEP-2025","VOLTAMP","Voltamp Transformers Limi","BAJAJ ALLIANZ LIFE INSURANCE COMPANY LIMITED","BUY","1,31,000","7,605.00","-"
"09-SEP-2025","VOLTAMP","Voltamp Transformers Limi","CITIGROUP GLOBAL MARKETS MAURITIUS PRIVATE LIMITED","BUY","57,000","7,605.00","-"
"09-SEP-2025","VOLTAMP","Voltamp Transformers Limi","F3 ADVISORS PRIVATE LIMITED","BUY","43,534","7,606.12","-"
"09-SEP-2025","VOLTAMP","Voltamp Transformers Limi","F3 ADVISORS PRIVATE LIMITED","SELL","58,934","7,557.22","-"
"09-SEP-2025","VOLTAMP","Voltamp Transformers Limi","KUNJAL L PATEL","SELL","7,88,686","7,605.91","-"
"09-SEP-2025","VOLTAMP","Voltamp Transformers Limi","THE PRUDENTIAL ASSURANCE COMPANY LIMITED","BUY","1,52,070","7,604.62","-"
"09-SEP-2025","VOLTAMP","Voltamp Transformers Limi","UTI SMALL CAP FUND","BUY","52,700","7,604.99","-"