﻿"Date ","Symbol ","Security Name ","Client Name ","Buy / Sell ","Quantity Traded ","Trade Price / Wght. Avg. Price ","Remarks "
"01-OCT-2025","AFFORDABLE","Afford Robo & Auto Ltd","HARSHARAN SINGH KHERA","SELL","70,000","243.18","-"
"01-OCT-2025","ARSSBL","Anand Rathi Sh N Stk Br L","GRAVITON RESEARCH CAPITAL LLP","SELL","4,14,513","457.47","-"
"01-OCT-2025","ARSSBL","Anand Rathi Sh N Stk Br L","GRAVITON RESEARCH CAPITAL LLP","BUY","4,14,513","456.88","-"
"01-OCT-2025","ATALREAL","Atal Realtech Limited","ACME CAPITAL MARKET LIMITED","BUY","6,31,397","22.44","-"
"01-OCT-2025","ATALREAL","Atal Realtech Limited","ACME CAPITAL MARKET LIMITED","SELL","6,31,397","22.64","-"
"01-OCT-2025","ATALREAL","Atal Realtech Limited","VISHAL MAHESH WAGHELA","SELL","1,00,000","22.70","-"
"01-OCT-2025","ATALREAL","Atal Realtech Limited","VISHAL MAHESH WAGHELA","BUY","8,50,654","22.68","-"
"01-OCT-2025","BHADORA","Bhadora Industries Ltd","SWASTIKA INVESTMART LIMITED","BUY","94,800","99.41","-"
"01-OCT-2025","BMWVENTLTD","BMW Ventures Limited","NEOMILE GROWTH FUND - SERIES I","BUY","5,00,000","78.00","-"
"01-OCT-2025","CYBERTECH","Cybertech Systems & Softw","ALPHAGREP SECURITIES PRIVATE LIMITED","BUY","1,67,921","226.51","-"
"01-OCT-2025","CYBERTECH","Cybertech Systems & Softw","ALPHAGREP SECURITIES PRIVATE LIMITED","SELL","1,67,921","226.64","-"
"01-OCT-2025","CYBERTECH","Cybertech Systems & Softw","JASVANTIBEN VELJI BABRIYA","SELL","2,62,153","228.62","-"
"01-OCT-2025","CYBERTECH","Cybertech Systems & Softw","JASVANTIBEN VELJI BABRIYA","BUY","2,62,153","228.51","-"
"01-OCT-2025","CYBERTECH","Cybertech Systems & Softw","KALPNA HETAN BABRIYA","SELL","2,73,200","228.47","-"
"01-OCT-2025","CYBERTECH","Cybertech Systems & Softw","KALPNA HETAN BABRIYA","BUY","2,73,200","228.51","-"
"01-OCT-2025","DSSL","Dynacons Sys & Sol. Ltd.","GRAVITON RESEARCH CAPITAL LLP","SELL","87,199","983.15","-"
"01-OCT-2025","DSSL","Dynacons Sys & Sol. Ltd.","GRAVITON RESEARCH CAPITAL LLP","BUY","87,199","980.28","-"
"01-OCT-2025","DSSL","Dynacons Sys & Sol. Ltd.","HRTI PRIVATE LIMITED","BUY","66,624","983.64","-"
"01-OCT-2025","DSSL","Dynacons Sys & Sol. Ltd.","HRTI PRIVATE LIMITED","SELL","68,536","985.22","-"
"01-OCT-2025","DSSL","Dynacons Sys & Sol. Ltd.","JASVANTIBEN VELJI BABRIYA","SELL","72,579","996.20","-"
"01-OCT-2025","DSSL","Dynacons Sys & Sol. Ltd.","JASVANTIBEN VELJI BABRIYA","BUY","72,579","1,002.44","-"
"01-OCT-2025","DSSL","Dynacons Sys & Sol. Ltd.","KALPNA HETAN BABRIYA","BUY","68,355","997.12","-"
"01-OCT-2025","DSSL","Dynacons Sys & Sol. Ltd.","KALPNA HETAN BABRIYA","SELL","68,355","988.26","-"
"01-OCT-2025","ECOLINE","Ecoline Exim Limited","MANISH KIRITKUMAR SHAH (HUF)","BUY","2,10,000","140.97","-"
"01-OCT-2025","EIMCOELECO","Eimco Elecon (India) Ltd.","NIVEZA SMALL CAP FUND","BUY","30,000","1,792.58","-"
"01-OCT-2025","GATECH","GACM Technologies Limited","RAKESH KUMAR UPPAL AND SONS HUF","BUY","63,64,753","0.64","-"
"01-OCT-2025","GATECH","GACM Technologies Limited","RAKESH KUMAR UPPAL AND SONS HUF","SELL","63,64,753","0.65","-"
"01-OCT-2025","GLOBECIVIL","Globe Civil Projects Ltd","ASTORNE CAPITAL VCC ARVEN","BUY","5,50,000","75.12","-"
"01-OCT-2025","GLOBECIVIL","Globe Civil Projects Ltd","MAYBANK SECURITIES PTE LTD","SELL","4,22,535","75.57","-"
"01-OCT-2025","GSLSU","Global Surfaces Limited","L7 HITECH PRIVATE LIMITED","SELL","13,025","96.91","-"
"01-OCT-2025","GSLSU","Global Surfaces Limited","L7 HITECH PRIVATE LIMITED","BUY","2,13,913","91.35","-"
"01-OCT-2025","JAINREC","Jain Resource Recycling L","MOTILAL OSWAL MUTUAL FUND","BUY","25,00,000","273.95","-"
"01-OCT-2025","KANDARP","Kandarp Dg Smart Bpo Ltd","PASHUPATI CAPITA SER PVT LTD","SELL","1,98,000","99.95","-"
"01-OCT-2025","LFIC","Lakshmi Fin Ind Corp Ltd","LAKHUBHA SOLANKI","SELL","16,069","212.32","-"
"01-OCT-2025","LFIC","Lakshmi Fin Ind Corp Ltd","LAKHUBHA SOLANKI","BUY","16,069","218.84","-"
"01-OCT-2025","MOBIKWIK","One Mobikwik Systems Ltd","HRTI PRIVATE LIMITED","SELL","4,97,232","265.23","-"
"01-OCT-2025","MOBIKWIK","One Mobikwik Systems Ltd","HRTI PRIVATE LIMITED","BUY","5,62,196","265.37","-"
"01-OCT-2025","MOBIKWIK","One Mobikwik Systems Ltd","JUNOMONETA FINSOL PRIVATE LIMITED","BUY","4,47,847","266.10","-"
"01-OCT-2025","MOBIKWIK","One Mobikwik Systems Ltd","JUNOMONETA FINSOL PRIVATE LIMITED","SELL","4,47,847","266.08","-"
"01-OCT-2025","MVKAGRO","M.V.K. Agro Food Prod Ltd","MANDALIYA UDAY KANAIYALAL","SELL","1,14,000","516.75","-"
"01-OCT-2025","NETWEB","Netweb Tech India Ltd","GRAVITON RESEARCH CAPITAL LLP","SELL","10,22,994","4,006.02","-"
"01-OCT-2025","NETWEB","Netweb Tech India Ltd","GRAVITON RESEARCH CAPITAL LLP","BUY","10,23,238","4,003.72","-"
"01-OCT-2025","NETWEB","Netweb Tech India Ltd","HRTI PRIVATE LIMITED","SELL","7,92,378","4,022.78","-"
"01-OCT-2025","NETWEB","Netweb Tech India Ltd","HRTI PRIVATE LIMITED","BUY","8,19,029","4,007.03","-"
"01-OCT-2025","NETWEB","Netweb Tech India Ltd","JUMP TRADING FINANCIAL INDIA PRIVATE LIMITED","BUY","2,88,687","4,019.63","-"
"01-OCT-2025","NETWEB","Netweb Tech India Ltd","JUMP TRADING FINANCIAL INDIA PRIVATE LIMITED","SELL","2,88,687","4,009.93","-"
"01-OCT-2025","NETWEB","Netweb Tech India Ltd","JUNOMONETA FINSOL PRIVATE LIMITED","BUY","9,44,984","4,014.91","-"
"01-OCT-2025","NETWEB","Netweb Tech India Ltd","JUNOMONETA FINSOL PRIVATE LIMITED","SELL","9,44,984","4,016.54","-"
"01-OCT-2025","NIRMAN","Nirman Agri Gentics Ltd","LUKMAN MUNAVAR PATEL","BUY","61,200","169.90","-"
"01-OCT-2025","NIRMAN","Nirman Agri Gentics Ltd","NEO APEX VENTURE LLP","SELL","69,000","169.90","-"
"01-OCT-2025","PROZONER","Prozone Realty Limited","IRAGE BROKING SERVICES LLP","BUY","7,76,805","57.42","-"
"01-OCT-2025","PROZONER","Prozone Realty Limited","IRAGE BROKING SERVICES LLP","SELL","8,08,632","57.87","-"
"01-OCT-2025","PROZONER","Prozone Realty Limited","JUNOMONETA FINSOL PRIVATE LIMITED","SELL","18,14,684","57.20","-"
"01-OCT-2025","PROZONER","Prozone Realty Limited","JUNOMONETA FINSOL PRIVATE LIMITED","BUY","18,14,684","57.16","-"
"01-OCT-2025","RBLBANK","RBL Bank Limited","GRAVITON RESEARCH CAPITAL LLP","BUY","51,73,582","270.39","-"
"01-OCT-2025","RBLBANK","RBL Bank Limited","GRAVITON RESEARCH CAPITAL LLP","SELL","51,73,582","270.25","-"
"01-OCT-2025","RBLBANK","RBL Bank Limited","MORGAN STANLEY ASIA SINGAPORE PTE","BUY","32,51,200","274.44","-"
"01-OCT-2025","SAMMAANCAP","Sammaan Capital Limited","GOLDMAN SACHS (SINGAPORE) PTE - ODI","BUY","66,38,135","164.67","-"
"01-OCT-2025","SAMMAANCAP","Sammaan Capital Limited","GRAVITON RESEARCH CAPITAL LLP","BUY","55,55,763","164.88","-"
"01-OCT-2025","SAMMAANCAP","Sammaan Capital Limited","GRAVITON RESEARCH CAPITAL LLP","SELL","55,64,363","164.92","-"
"01-OCT-2025","SARVESHWAR","Sarveshwar Foods Limited","L7 HITECH PRIVATE LIMITED","BUY","70,00,000","6.00","-"
"01-OCT-2025","SAWALIYA","Sawaliya Food Products L","ATRICHHAYA FINANCIAL PRIVATE LIMITED","SELL","64,800","238.07","-"
"01-OCT-2025","SHANKARA","Shankara Bldg Product Ltd","NEO APEX VENTURE LLP","BUY","2,50,000","187.53","-"
"01-OCT-2025","STALLION","Stallion Ind Fluorochem L","HRTI PRIVATE LIMITED","SELL","4,57,826","258.93","-"
"01-OCT-2025","STALLION","Stallion Ind Fluorochem L","HRTI PRIVATE LIMITED","BUY","4,60,535","258.28","-"
"01-OCT-2025","SURYODAY","Suryoday Small Fin Bk Ltd","GRAVITON RESEARCH CAPITAL LLP","SELL","6,07,018","152.63","-"
"01-OCT-2025","SURYODAY","Suryoday Small Fin Bk Ltd","GRAVITON RESEARCH CAPITAL LLP","BUY","6,07,018","152.32","-"
"01-OCT-2025","SURYODAY","Suryoday Small Fin Bk Ltd","NK SECURITIES RESEARCH PRIVATE LIMITED","SELL","6,90,506","153.49","-"
"01-OCT-2025","SURYODAY","Suryoday Small Fin Bk Ltd","NK SECURITIES RESEARCH PRIVATE LIMITED","BUY","6,90,506","153.38","-"
"01-OCT-2025","TARMAT","Tarmat Limited","RIMPY MITTAL","BUY","1,28,293","55.02","-"
"01-OCT-2025","TARMAT","Tarmat Limited","RIMPY MITTAL","SELL","1,48,293","55.18","-"
"01-OCT-2025","TECHERA","TechEra Engineer (Ind) L","MANSI SHARE AND STOCK BROKING PRIVATE LIMITED","SELL","2,00,000","252.75","-"
"01-OCT-2025","TECHERA","TechEra Engineer (Ind) L","MANSI SHARE AND STOCK BROKING PRIVATE LIMITED","BUY","2,00,000","250.84","-"
"01-OCT-2025","TECHERA","TechEra Engineer (Ind) L","PASHUPATI CAPITA SER PVT LTD","BUY","1,23,200","251.97","-"
"01-OCT-2025","TECHERA","TechEra Engineer (Ind) L","SHEETAL DUGAR","SELL","5,31,200","249.50","-"
"01-OCT-2025","TECHERA","TechEra Engineer (Ind) L","VISHAL MAHESH WAGHELA","SELL","88,000","250.11","-"
"01-OCT-2025","VINEETLAB","Vineet Laboratories Ltd","AMIT KUMAR JAIN HUF","BUY","92,139","40.83","-"
"01-OCT-2025","VINEETLAB","Vineet Laboratories Ltd","AMIT KUMAR JAIN HUF","SELL","1,13,024","42.24","-"
"01-OCT-2025","VINEETLAB","Vineet Laboratories Ltd","HENSEX SECURITIES PRIVATE LIMITED","BUY","34,042","42.48","-"
"01-OCT-2025","VINEETLAB","Vineet Laboratories Ltd","HENSEX SECURITIES PRIVATE LIMITED","SELL","49,085","42.17","-"
"01-OCT-2025","VINEETLAB","Vineet Laboratories Ltd","IRAGE BROKING SERVICES LLP","BUY","40,164","42.52","-"
"01-OCT-2025","VINEETLAB","Vineet Laboratories Ltd","IRAGE BROKING SERVICES LLP","SELL","52,454","42.02","-"
"01-OCT-2025","VINEETLAB","Vineet Laboratories Ltd","SHAH SONAL RAJESH","BUY","54,000","43.30","-"
"01-OCT-2025","WOMANCART","Womancart Limited","ALL TIME SECURITIES PRIVATE LIMITED","SELL","70,400","216.10","-"
"01-OCT-2025","WOMANCART","Womancart Limited","MINERVA VENTURES FUND","BUY","1,00,000","216.20","-"