﻿"Date ","Symbol ","Security Name ","Client Name ","Buy / Sell ","Quantity Traded ","Trade Price / Wght. Avg. Price ","Remarks "
"25-SEP-2025","AWFIS","Awfis Space Solutions Ltd","QRG INVESTMENTS AND HOLDINGS LIMITED","SELL","3,67,408","591.17","-"
"25-SEP-2025","BALKRISHNA","Balkrshna Paper Mills Ltd","RIMPY MITTAL","BUY","2,70,051","25.08","-"
"25-SEP-2025","BALKRISHNA","Balkrshna Paper Mills Ltd","RIMPY MITTAL","SELL","3,23,051","24.70","-"
"25-SEP-2025","CHEMCON","Chemcon Special Chem Ltd","DIPAN MEHTA COMMODITIES PRIVATE LIMITED","SELL","2,60,532","286.37","-"
"25-SEP-2025","CHEMCON","Chemcon Special Chem Ltd","DIPAN MEHTA COMMODITIES PRIVATE LIMITED","BUY","2,78,532","284.90","-"
"25-SEP-2025","CHEMCON","Chemcon Special Chem Ltd","ELIXIR WEALTH MANAGEMENT PRIVATE LIMITED","SELL","2,27,464","286.94","-"
"25-SEP-2025","CHEMCON","Chemcon Special Chem Ltd","ELIXIR WEALTH MANAGEMENT PRIVATE LIMITED","BUY","2,54,474","285.43","-"
"25-SEP-2025","CHEMCON","Chemcon Special Chem Ltd","GRT STRATEGIC VENTURES LLP","SELL","4,96,924","283.67","-"
"25-SEP-2025","CHEMCON","Chemcon Special Chem Ltd","GRT STRATEGIC VENTURES LLP","BUY","4,96,924","283.48","-"
"25-SEP-2025","CHEMCON","Chemcon Special Chem Ltd","INDUBEN VITHALBHAI KAPURIYA","SELL","1,82,717","282.50","-"
"25-SEP-2025","CHEMCON","Chemcon Special Chem Ltd","INDUBEN VITHALBHAI KAPURIYA","BUY","1,89,741","282.00","-"
"25-SEP-2025","CHEMCON","Chemcon Special Chem Ltd","IRAGE BROKING SERVICES LLP","SELL","2,68,675","283.02","-"
"25-SEP-2025","CHEMCON","Chemcon Special Chem Ltd","IRAGE BROKING SERVICES LLP","BUY","5,36,449","286.44","-"
"25-SEP-2025","CHEMCON","Chemcon Special Chem Ltd","MUSIGMA SECURITIES","BUY","9,96,994","284.96","-"
"25-SEP-2025","CHEMCON","Chemcon Special Chem Ltd","MUSIGMA SECURITIES","SELL","9,96,994","285.24","-"
"25-SEP-2025","CHEMCON","Chemcon Special Chem Ltd","NK SECURITIES RESEARCH PRIVATE LIMITED","SELL","9,03,089","285.02","-"
"25-SEP-2025","CHEMCON","Chemcon Special Chem Ltd","NK SECURITIES RESEARCH PRIVATE LIMITED","BUY","9,03,089","284.76","-"
"25-SEP-2025","CHEMCON","Chemcon Special Chem Ltd","QE SECURITIES LLP","SELL","2,53,368","276.79","-"
"25-SEP-2025","CHEMCON","Chemcon Special Chem Ltd","QE SECURITIES LLP","BUY","2,54,581","277.10","-"
"25-SEP-2025","DEVX","Dev Accelerator Limited","AMIT RANCHHODLAL CHOKSHI","BUY","7,50,000","56.03","-"
"25-SEP-2025","EIMCOELECO","Eimco Elecon (India) Ltd.","AAGAM INVESTMENTS","SELL","54,000","1,802.28","-"
"25-SEP-2025","EIMCOELECO","Eimco Elecon (India) Ltd.","CAPRI GLOBAL HOLDINGS PRIVATE LIMITED","BUY","45,000","1,795.69","-"
"25-SEP-2025","EIMCOELECO","Eimco Elecon (India) Ltd.","MANSI SHARE AND STOCK BROKING PRIVATE LIMITED","BUY","37,999","1,804.72","-"
"25-SEP-2025","EIMCOELECO","Eimco Elecon (India) Ltd.","MANSI SHARE AND STOCK BROKING PRIVATE LIMITED","SELL","37,999","1,831.52","-"
"25-SEP-2025","EIMCOELECO","Eimco Elecon (India) Ltd.","RAMDOOT REALTORS PVT LTD","BUY","11,150","1,816.36","-"
"25-SEP-2025","EIMCOELECO","Eimco Elecon (India) Ltd.","RAMDOOT REALTORS PVT LTD","SELL","47,200","1,784.13","-"
"25-SEP-2025","FCL","Fineotex Chemical Limited","GRAVITON RESEARCH CAPITAL LLP","SELL","32,18,189","255.85","-"
"25-SEP-2025","FCL","Fineotex Chemical Limited","GRAVITON RESEARCH CAPITAL LLP","BUY","32,18,189","255.69","-"
"25-SEP-2025","FCL","Fineotex Chemical Limited","IRAGE BROKING SERVICES LLP","BUY","5,54,352","254.53","-"
"25-SEP-2025","FCL","Fineotex Chemical Limited","IRAGE BROKING SERVICES LLP","SELL","5,86,667","254.01","-"
"25-SEP-2025","FCL","Fineotex Chemical Limited","JUMP TRADING FINANCIAL INDIA PRIVATE LIMITED","BUY","6,96,809","255.49","-"
"25-SEP-2025","FCL","Fineotex Chemical Limited","JUMP TRADING FINANCIAL INDIA PRIVATE LIMITED","SELL","6,96,809","255.73","-"
"25-SEP-2025","FCL","Fineotex Chemical Limited","MUSIGMA SECURITIES","BUY","10,59,038","254.66","-"
"25-SEP-2025","FCL","Fineotex Chemical Limited","MUSIGMA SECURITIES","SELL","10,59,038","254.76","-"
"25-SEP-2025","FCL","Fineotex Chemical Limited","NK SECURITIES RESEARCH PRIVATE LIMITED","BUY","13,07,297","253.92","-"
"25-SEP-2025","FCL","Fineotex Chemical Limited","NK SECURITIES RESEARCH PRIVATE LIMITED","SELL","13,07,297","254.06","-"
"25-SEP-2025","FCL","Fineotex Chemical Limited","PACE STOCK BROKING SERVICES PVT LTD","SELL","6,85,275","255.22","-"
"25-SEP-2025","FCL","Fineotex Chemical Limited","PACE STOCK BROKING SERVICES PVT LTD","BUY","6,87,275","255.07","-"
"25-SEP-2025","FCL","Fineotex Chemical Limited","QE SECURITIES LLP","SELL","7,12,475","258.68","-"
"25-SEP-2025","FCL","Fineotex Chemical Limited","QE SECURITIES LLP","BUY","7,12,952","258.10","-"
"25-SEP-2025","FORCAS","Forcas Studio Limited","KADAYAM RAMANATHAN  BHARAT","SELL","2,00,000","104.18","-"
"25-SEP-2025","FORCAS","Forcas Studio Limited","VARSHA RAJIV AGARWAL","BUY","1,93,600","104.15","-"
"25-SEP-2025","GLOBE","Globe Textiles (I) Ltd.","BHAVIK SURYAKANT PARIKH","BUY","24,00,000","2.24","-"
"25-SEP-2025","GRMOVER","GRM Overseas Limited","GARG ATUL","SELL","10,00,000","357.00","-"
"25-SEP-2025","GRMOVER","GRM Overseas Limited","MAMTA  GARG","SELL","6,25,000","357.00","-"
"25-SEP-2025","GRMOVER","GRM Overseas Limited","NIKHIL VORA","BUY","3,10,000","357.00","-"
"25-SEP-2025","GRMOVER","GRM Overseas Limited","R G  FAMILY TRUST","BUY","6,25,000","357.00","-"
"25-SEP-2025","GRMOVER","GRM Overseas Limited","SINGULARITY EQUITY FUND I","BUY","6,90,000","357.00","-"
"25-SEP-2025","IVALUE","Ivalue Infosolutions Ltd","GRAVITON RESEARCH CAPITAL LLP","BUY","3,25,062","284.81","-"
"25-SEP-2025","IVALUE","Ivalue Infosolutions Ltd","GRAVITON RESEARCH CAPITAL LLP","SELL","3,25,062","285.46","-"
"25-SEP-2025","IVALUE","Ivalue Infosolutions Ltd","JUNOMONETA FINSOL PRIVATE LIMITED","SELL","3,48,597","283.69","-"
"25-SEP-2025","IVALUE","Ivalue Infosolutions Ltd","JUNOMONETA FINSOL PRIVATE LIMITED","BUY","3,48,597","283.48","-"
"25-SEP-2025","JYOTIGLOBL","Jyoti Global Plast Ltd","MANGAL KESHAV CAPITAL LIMITED","BUY","2,00,000","62.60","-"
"25-SEP-2025","JYOTIGLOBL","Jyoti Global Plast Ltd","VIKASA INDIA EIF I FUND","SELL","1,00,000","59.46","-"
"25-SEP-2025","MAMATA","Mamata Machinery Limited","HRTI PRIVATE LIMITED","BUY","1,74,723","492.44","-"
"25-SEP-2025","MAMATA","Mamata Machinery Limited","HRTI PRIVATE LIMITED","SELL","1,77,616","497.76","-"
"25-SEP-2025","MCL","Madhav Copper Limited","TRUPTI SURESHBHAI KUKADIA","SELL","1,43,203","54.98","-"
"25-SEP-2025","NATCAPSUQ","Natural Capsules Limited","BYTES AND PIXELS FINSOFT LLP .","SELL","78,419","259.77","-"
"25-SEP-2025","NATCAPSUQ","Natural Capsules Limited","BYTES AND PIXELS FINSOFT LLP .","BUY","1,02,153","258.86","-"
"25-SEP-2025","NETWEB","Netweb Tech India Ltd","JUNOMONETA FINSOL PRIVATE LIMITED","BUY","2,92,155","3,556.24","-"
"25-SEP-2025","NETWEB","Netweb Tech India Ltd","JUNOMONETA FINSOL PRIVATE LIMITED","SELL","2,92,158","3,558.56","-"
"25-SEP-2025","OSIAHYPER","Osia Hyper Retail Ltd","MANSI SHARE AND STOCK BROKING PRIVATE LIMITED","BUY","12,10,010","26.75","-"
"25-SEP-2025","OSIAHYPER","Osia Hyper Retail Ltd","MULTIPLIER SHARE & STOCK ADVISORS PRIVATE LIMITED","SELL","14,97,005","26.80","-"
"25-SEP-2025","PARAMOUNT","Paramount Dye Tec Limited","INDIAN INFOTECH AND SOFTWARE LIMITED","BUY","34,800","53.00","-"
"25-SEP-2025","POLYCAB","Polycab India Limited","J P MORGAN FUND ICVC","BUY","14,84,437","7,458.00","-"
"25-SEP-2025","SANGINITA","Sanginita Chemicals Limit","SANGINITA INDUSTRIES LLP","SELL","2,00,000","10.05","-"
"25-SEP-2025","SANGINITA","Sanginita Chemicals Limit","YASH ENTERPRISES","BUY","2,05,000","10.05","-"
"25-SEP-2025","SHANTI","Shanti Overseas (Ind) Ltd","SHYAM LAL KHAROL","SELL","90,000","9.35","-"
"25-SEP-2025","SHANTI","Shanti Overseas (Ind) Ltd","SHYAM LAL KHAROL","BUY","2,10,260","9.82","-"
"25-SEP-2025","SIKKO","Sikko Industries Limited","HARSHA RAJESHBHAI JHAVERI","SELL","1,25,000","69.85","-"
"25-SEP-2025","TECHD","TechD Cybersecurity Ltd","SUDH INVESTMENTS PVT. LTD","BUY","47,400","445.65","-"
"25-SEP-2025","TVSELECT","TVS Electronics Limited","ANKITA VISHAL SHAH","SELL","2,53,852","621.20","-"
"25-SEP-2025","TVSELECT","TVS Electronics Limited","ANKITA VISHAL SHAH","BUY","2,59,852","621.10","-"
"25-SEP-2025","TVSELECT","TVS Electronics Limited","NEO APEX VENTURE LLP","BUY","97,422","623.70","-"
"25-SEP-2025","TVSELECT","TVS Electronics Limited","NEO APEX VENTURE LLP","SELL","97,422","623.50","-"
"25-SEP-2025","TVSELECT","TVS Electronics Limited","PRIYA MILAN SADARIYA","BUY","1,03,343","608.30","-"
"25-SEP-2025","TVSELECT","TVS Electronics Limited","PRIYA MILAN SADARIYA","SELL","1,14,085","607.33","-"
"25-SEP-2025","URAVIDEF","URAVI DEFENCE & TECH LTD","MINERVA VENTURES FUND","BUY","1,50,000","245.70","-"
"25-SEP-2025","URAVIDEF","URAVI DEFENCE & TECH LTD","VINEY CORPORATION  LIMITED","SELL","2,35,559","245.72","-"
"25-SEP-2025","VAISHALI","Vaishali Pharma Limited","SHAH  NISHANT","BUY","5,59,148","12.05","-"
"25-SEP-2025","VIAZ","Viaz Tyres Limited","ABHISHEK PRAKASHCHAND CHHAJED","SELL","1,18,000","85.05","-"
"25-SEP-2025","VIAZ","Viaz Tyres Limited","RELIGO CAPITAL ADVISORS PRIVATE LIMITED","BUY","1,22,000","85.05","-"
"25-SEP-2025","VIMTALABS","Vimta Labs Limited","HRTI PRIVATE LIMITED","SELL","2,94,330","755.68","-"
"25-SEP-2025","VIMTALABS","Vimta Labs Limited","HRTI PRIVATE LIMITED","BUY","2,95,059","753.57","-"
"25-SEP-2025","VINCOFE","Vintage Coffee N Bvrgs L","L7 HITECH PRIVATE LIMITED","SELL","1,05,000","152.90","-"
"25-SEP-2025","VINCOFE","Vintage Coffee N Bvrgs L","L7 HITECH PRIVATE LIMITED","BUY","6,50,650","152.85","-"
"25-SEP-2025","VINCOFE","Vintage Coffee N Bvrgs L","NECTA BLOOM VCC - NECTA BLOOM ONE","SELL","10,50,000","152.67","-"
"25-SEP-2025","ZUARIIND","Zuari Industries Limited","ALPHAGREP SECURITIES PRIVATE LIMITED","SELL","2,54,651","404.41","-"
"25-SEP-2025","ZUARIIND","Zuari Industries Limited","ALPHAGREP SECURITIES PRIVATE LIMITED","BUY","2,54,651","403.80","-"
"25-SEP-2025","ZUARIIND","Zuari Industries Limited","GRAVITON RESEARCH CAPITAL LLP","BUY","6,39,711","403.29","-"
"25-SEP-2025","ZUARIIND","Zuari Industries Limited","GRAVITON RESEARCH CAPITAL LLP","SELL","6,39,711","403.73","-"
"25-SEP-2025","ZUARIIND","Zuari Industries Limited","HRTI PRIVATE LIMITED","BUY","2,18,984","401.91","-"
"25-SEP-2025","ZUARIIND","Zuari Industries Limited","HRTI PRIVATE LIMITED","SELL","2,33,598","402.76","-"
"25-SEP-2025","ZUARIIND","Zuari Industries Limited","IRAGE BROKING SERVICES LLP","BUY","1,74,606","402.54","-"
"25-SEP-2025","ZUARIIND","Zuari Industries Limited","IRAGE BROKING SERVICES LLP","SELL","2,08,110","401.45","-"
"25-SEP-2025","ZUARIIND","Zuari Industries Limited","JUNOMONETA FINSOL PRIVATE LIMITED","BUY","5,49,433","402.92","-"
"25-SEP-2025","ZUARIIND","Zuari Industries Limited","JUNOMONETA FINSOL PRIVATE LIMITED","SELL","5,49,433","403.19","-"
"25-SEP-2025","ZUARIIND","Zuari Industries Limited","MICROCURVES TRADING PRIVATE LIMITED","BUY","1,85,741","404.79","-"
"25-SEP-2025","ZUARIIND","Zuari Industries Limited","MICROCURVES TRADING PRIVATE LIMITED","SELL","1,85,741","405.29","-"
"25-SEP-2025","ZUARIIND","Zuari Industries Limited","MUSIGMA SECURITIES","SELL","2,21,405","401.37","-"
"25-SEP-2025","ZUARIIND","Zuari Industries Limited","MUSIGMA SECURITIES","BUY","2,21,405","401.19","-"
"25-SEP-2025","ZUARIIND","Zuari Industries Limited","NK SECURITIES RESEARCH PRIVATE LIMITED","SELL","1,56,121","399.78","-"
"25-SEP-2025","ZUARIIND","Zuari Industries Limited","NK SECURITIES RESEARCH PRIVATE LIMITED","BUY","1,56,121","399.66","-"
"25-SEP-2025","ZUARIIND","Zuari Industries Limited","QE SECURITIES LLP","BUY","2,98,557","402.30","-"
"25-SEP-2025","ZUARIIND","Zuari Industries Limited","QE SECURITIES LLP","SELL","3,02,756","402.65","-"