﻿"Date ","Symbol ","Security Name ","Client Name ","Buy / Sell ","Quantity Traded ","Trade Price / Wght. Avg. Price ","Remarks "
"24-SEP-2025","AAATECH","AAA Technologies Limited","ANJAY RATANLAL AGARWAL","SELL","1,97,829","81.55","-"
"24-SEP-2025","AAATECH","AAA Technologies Limited","NOVA GLOBAL OPPORTUNITIES FUND PCC - TOUCHSTONE","BUY","2,21,400","81.49","-"
"24-SEP-2025","AHCL","Anlon Healthcare Limited","RP FAMILY PRIVATE TRUST","BUY","3,00,000","140.00","-"
"24-SEP-2025","AKZOINDIA","Akzo Nobel India Limited","GOLDMAN SACHS FUNDS - GOLDMAN SACHS INDIA EQUITY PORTFOLIO","BUY","4,49,823","3,358.80","-"
"24-SEP-2025","AKZOINDIA","Akzo Nobel India Limited","IMPERIAL CHEMICAL INDUSTRIES LIMITED","SELL","22,77,015","3,358.80","-"
"24-SEP-2025","AKZOINDIA","Akzo Nobel India Limited","NIPPON INDIA MUTUAL FUND","BUY","8,14,894","3,358.80","-"
"24-SEP-2025","AKZOINDIA","Akzo Nobel India Limited","WF ASIAN SMALLER COMPANIES FUND LTD","BUY","5,28,500","3,358.80","-"
"24-SEP-2025","ANANTRAJ","Anant Raj Industries Limi","GRAVITON RESEARCH CAPITAL LLP","BUY","21,40,189","690.29","-"
"24-SEP-2025","ANANTRAJ","Anant Raj Industries Limi","GRAVITON RESEARCH CAPITAL LLP","SELL","21,42,220","690.57","-"
"24-SEP-2025","ARCHIES","Archies Limited","ARPIT JAIN HUF","BUY","1,71,752","24.15","-"
"24-SEP-2025","ARCHIES","Archies Limited","ARPIT JAIN HUF","SELL","1,71,752","23.40","-"
"24-SEP-2025","ATALREAL","Atal Realtech Limited","ALTIZEN VENTURES LLP","BUY","3,32,366","21.11","-"
"24-SEP-2025","ATALREAL","Atal Realtech Limited","ALTIZEN VENTURES LLP","SELL","5,64,175","21.05","-"
"24-SEP-2025","BAJAJELEC","Bajaj Electricals Limited","GRAVITON RESEARCH CAPITAL LLP","SELL","16,08,525","626.46","-"
"24-SEP-2025","BAJAJELEC","Bajaj Electricals Limited","GRAVITON RESEARCH CAPITAL LLP","BUY","16,08,525","626.16","-"
"24-SEP-2025","BAJAJHCARE","Bajaj Healthcare Limited","GRAVITON RESEARCH CAPITAL LLP","SELL","2,12,784","495.58","-"
"24-SEP-2025","BAJAJHCARE","Bajaj Healthcare Limited","GRAVITON RESEARCH CAPITAL LLP","BUY","2,12,784","494.76","-"
"24-SEP-2025","BANARBEADS","Banaras Beads Ltd","ARUNA AGGARWAL","BUY","38,283","134.82","-"
"24-SEP-2025","BANARBEADS","Banaras Beads Ltd","ARUNA AGGARWAL","SELL","38,283","135.12","-"
"24-SEP-2025","BHARATGEAR","Bharat Gears Ltd","IRAGE BROKING SERVICES LLP","SELL","74,982","119.33","-"
"24-SEP-2025","BHARATGEAR","Bharat Gears Ltd","IRAGE BROKING SERVICES LLP","BUY","86,178","119.23","-"
"24-SEP-2025","BHARATGEAR","Bharat Gears Ltd","MUSIGMA SECURITIES","SELL","1,41,851","121.38","-"
"24-SEP-2025","BHARATGEAR","Bharat Gears Ltd","MUSIGMA SECURITIES","BUY","1,41,851","121.28","-"
"24-SEP-2025","BHARATGEAR","Bharat Gears Ltd","NK SECURITIES RESEARCH PRIVATE LIMITED","BUY","1,59,250","120.33","-"
"24-SEP-2025","BHARATGEAR","Bharat Gears Ltd","NK SECURITIES RESEARCH PRIVATE LIMITED","SELL","1,59,250","120.45","-"
"24-SEP-2025","BHARATGEAR","Bharat Gears Ltd","PANKAJ RAMESHBHAI DOBARIYA","BUY","77,760","122.09","-"
"24-SEP-2025","BHARATGEAR","Bharat Gears Ltd","PANKAJ RAMESHBHAI DOBARIYA","SELL","77,760","122.26","-"
"24-SEP-2025","BHARATGEAR","Bharat Gears Ltd","QE SECURITIES LLP","BUY","82,815","119.33","-"
"24-SEP-2025","BHARATGEAR","Bharat Gears Ltd","QE SECURITIES LLP","SELL","82,864","119.57","-"
"24-SEP-2025","BHARATGEAR","Bharat Gears Ltd","SHARE INDIA SECURITIES LIMITED","BUY","1,09,255","121.40","-"
"24-SEP-2025","BHARATGEAR","Bharat Gears Ltd","SHARE INDIA SECURITIES LIMITED","SELL","1,09,255","120.80","-"
"24-SEP-2025","BHARATGEAR","Bharat Gears Ltd","SILVERLEAF CAPITAL SERVICES PRIVATE LIMITED","SELL","1,10,654","120.39","-"
"24-SEP-2025","BHARATGEAR","Bharat Gears Ltd","SILVERLEAF CAPITAL SERVICES PRIVATE LIMITED","BUY","1,10,654","120.17","-"
"24-SEP-2025","COFFEEDAY","Coffee Day Enterprise Ltd","AHIH RESORTS AND RETREAT PRIVATE LIMITED","BUY","88,28,793","44.45","-"
"24-SEP-2025","COFFEEDAY","Coffee Day Enterprise Ltd","MALAVIKA HEGDE","SELL","88,28,793","44.45","-"
"24-SEP-2025","DBEIL","Deepak Builders & Eng I L","RP FAMILY PRIVATE TRUST","BUY","3,02,576","178.67","-"
"24-SEP-2025","DIVINEHIRA","Divine Hira Jewellers Ltd","SOCRADAMUS CAPITAL PRIVATE LIMITED  .","BUY","75,200","91.08","-"
"24-SEP-2025","EIMCOELECO","Eimco Elecon (India) Ltd.","EPITOME TRADING AND INVESTMENTS","SELL","94,750","1,786.89","-"
"24-SEP-2025","EIMCOELECO","Eimco Elecon (India) Ltd.","GRAVITON RESEARCH CAPITAL LLP","BUY","32,573","1,795.64","-"
"24-SEP-2025","EIMCOELECO","Eimco Elecon (India) Ltd.","GRAVITON RESEARCH CAPITAL LLP","SELL","32,573","1,793.52","-"
"24-SEP-2025","EIMCOELECO","Eimco Elecon (India) Ltd.","MANSI SHARE AND STOCK BROKING PRIVATE LIMITED","BUY","63,001","1,722.19","-"
"24-SEP-2025","EIMCOELECO","Eimco Elecon (India) Ltd.","MANSI SHARE AND STOCK BROKING PRIVATE LIMITED","SELL","93,001","1,803.89","-"
"24-SEP-2025","EIMCOELECO","Eimco Elecon (India) Ltd.","SETU SECURITIES PRIVATE LIMITED","SELL","90,000","1,725.52","-"
"24-SEP-2025","FORCAS","Forcas Studio Limited","ANKITA VISHAL SHAH","BUY","1,64,800","93.29","-"
"24-SEP-2025","FORCAS","Forcas Studio Limited","ANKITA VISHAL SHAH","SELL","1,64,800","101.30","-"
"24-SEP-2025","FORCAS","Forcas Studio Limited","KADAYAM RAMANATHAN  BHARAT","BUY","2,00,000","93.00","-"
"24-SEP-2025","FORCAS","Forcas Studio Limited","KANODIA STOCK BROKING PVT.LTD.","BUY","11,200","99.70","-"
"24-SEP-2025","FORCAS","Forcas Studio Limited","KANODIA STOCK BROKING PVT.LTD.","SELL","1,07,200","93.66","-"
"24-SEP-2025","FORCAS","Forcas Studio Limited","KAPIL AHUJA","BUY","1,44,000","104.55","-"
"24-SEP-2025","FORCAS","Forcas Studio Limited","NIKUNJ KAUSHIK SHAH","SELL","96,000","101.73","-"
"24-SEP-2025","FORCAS","Forcas Studio Limited","NIKUNJ KAUSHIK SHAH","BUY","96,000","93.46","-"
"24-SEP-2025","FORCAS","Forcas Studio Limited","PROGNOSIS SECURITIES PVT. LTD","BUY","1,39,200","100.21","-"
"24-SEP-2025","FORCAS","Forcas Studio Limited","PROGNOSIS SECURITIES PVT. LTD","SELL","5,21,600","93.45","-"
"24-SEP-2025","GANESHIN","Ganesh Infraworld Limited","BNP PARIBAS FINANCIAL MARKETS","BUY","2,49,600","227.50","-"
"24-SEP-2025","GATECH","GACM Technologies Limited","ACHINTYA SECURITIES PRIVATE LIMITED","BUY","63,95,875","0.90","-"
"24-SEP-2025","GATECH","GACM Technologies Limited","ACHINTYA SECURITIES PRIVATE LIMITED","SELL","71,82,209","0.91","-"
"24-SEP-2025","GATECH","GACM Technologies Limited","SHARE INDIA SECURITIES LIMITED","BUY","61,29,090","0.91","-"
"24-SEP-2025","GATECH","GACM Technologies Limited","SHARE INDIA SECURITIES LIMITED","SELL","89,98,821","0.89","-"
"24-SEP-2025","KESORAMIND","Kesoram Industries Ltd.","AXIS BANK LIMITED","SELL","20,66,172","5.96","-"
"24-SEP-2025","MAXVOLT","Maxvolt Energy Indus L","YASH HITESH PATEL","BUY","92,000","230.00","-"
"24-SEP-2025","MEDICO","Medico Remedies Limited","ARYAMAN CAPITAL MARKETS LIMITED","SELL","6,50,000","48.02","-"
"24-SEP-2025","MICEL","MIC Electronics Ltd","HRTI PRIVATE LIMITED","SELL","13,24,607","63.99","-"
"24-SEP-2025","MICEL","MIC Electronics Ltd","HRTI PRIVATE LIMITED","BUY","14,27,177","63.26","-"
"24-SEP-2025","MICEL","MIC Electronics Ltd","MATHISYS ADVISORS LLP","BUY","13,88,338","64.09","-"
"24-SEP-2025","MICEL","MIC Electronics Ltd","MATHISYS ADVISORS LLP","SELL","13,96,265","63.77","-"
"24-SEP-2025","MICEL","MIC Electronics Ltd","QE SECURITIES LLP","SELL","10,75,911","63.80","-"
"24-SEP-2025","MICEL","MIC Electronics Ltd","QE SECURITIES LLP","BUY","12,11,885","64.05","-"
"24-SEP-2025","MICEL","MIC Electronics Ltd","R R K ENTERPRISE PRIVATE LIMITED","SELL","15,00,000","62.73","-"
"24-SEP-2025","MINDACORP","Minda Corporation Ltd","GRAVITON RESEARCH CAPITAL LLP","BUY","23,37,376","581.37","-"
"24-SEP-2025","MINDACORP","Minda Corporation Ltd","GRAVITON RESEARCH CAPITAL LLP","SELL","23,37,376","581.73","-"
"24-SEP-2025","MUNJALAU","Munjal Auto Industries Li","NK SECURITIES RESEARCH PRIVATE LIMITED","BUY","6,90,869","103.98","-"
"24-SEP-2025","MUNJALAU","Munjal Auto Industries Li","NK SECURITIES RESEARCH PRIVATE LIMITED","SELL","6,90,869","104.07","-"
"24-SEP-2025","NIKITA","Nikita Papers Limited","AFTERTRADE BROKING PRIVATE LIMITED","BUY","1,64,400","115.39","-"
"24-SEP-2025","OBSCP","OBSC Perfection Limited","NIVEDITA RITESH OSWAL","SELL","1,29,600","320.10","-"
"24-SEP-2025","PARADEEP","Paradeep Phosphates Ltd","ZUARI MAROC PHOSPHATES PRIVATE LIMITED","BUY","97,49,992","182.06","-"
"24-SEP-2025","RATNAVEER","Ratnaveer Precision Eng L","WEALTH 4 U HOSPITALITY CONSULTANCY PRIVATE LIMITED","BUY","3,58,379","153.19","-"
"24-SEP-2025","RATNAVEER","Ratnaveer Precision Eng L","WEALTH 4 U HOSPITALITY CONSULTANCY PRIVATE LIMITED","SELL","3,58,379","152.34","-"
"24-SEP-2025","REGAAL","Regaal Resources Limited","VPK GLOBAL VENTURES FUND - SCHEME 1","SELL","7,00,000","96.25","-"
"24-SEP-2025","SANGINITA","Sanginita Chemicals Limit","DINESHSINH BHIMSINH CHAVADA","SELL","2,00,000","10.00","-"
"24-SEP-2025","TATAINVEST","Tata Inv. Corpn Ltd.","GRAVITON RESEARCH CAPITAL LLP","BUY","2,74,044","8,735.61","-"
"24-SEP-2025","TATAINVEST","Tata Inv. Corpn Ltd.","GRAVITON RESEARCH CAPITAL LLP","SELL","2,74,044","8,743.53","-"
"24-SEP-2025","TOLINS","Tolins Tyres Limited","HRTI PRIVATE LIMITED","BUY","2,03,770","196.24","-"
"24-SEP-2025","TOLINS","Tolins Tyres Limited","HRTI PRIVATE LIMITED","SELL","2,17,270","195.55","-"
"24-SEP-2025","URAVIDEF","URAVI DEFENCE & TECH LTD","VINEY CORPORATION  LIMITED","SELL","61,511","257.29","-"
"24-SEP-2025","VMSTMT","VMS TMT Limited","MANSI SHARE AND STOCK BROKING PRIVATE LIMITED","SELL","1","101.00","-"
"24-SEP-2025","VMSTMT","VMS TMT Limited","MANSI SHARE AND STOCK BROKING PRIVATE LIMITED","BUY","3,00,015","103.03","-"
"24-SEP-2025","VMSTMT","VMS TMT Limited","SOMANI STOCK BROKING PVT LTD","BUY","3,00,000","104.90","-"
"24-SEP-2025","WHEELS","Wheels India Ltd","GRAVITON RESEARCH CAPITAL LLP","SELL","1,22,785","872.62","-"
"24-SEP-2025","WHEELS","Wheels India Ltd","GRAVITON RESEARCH CAPITAL LLP","BUY","1,22,785","872.27","-"
"24-SEP-2025","ZUARIIND","Zuari Industries Limited","JUNOMONETA FINSOL PRIVATE LIMITED","BUY","2,04,319","350.41","-"
"24-SEP-2025","ZUARIIND","Zuari Industries Limited","JUNOMONETA FINSOL PRIVATE LIMITED","SELL","2,04,319","350.71","-"
"24-SEP-2025","ZUARIIND","Zuari Industries Limited","NEO APEX SHARE BROKING SERVICES LLP","SELL","1,29,886","375.41","-"
"24-SEP-2025","ZUARIIND","Zuari Industries Limited","NEO APEX SHARE BROKING SERVICES LLP","BUY","1,56,386","375.19","-"