﻿"Date ","Symbol ","Security Name ","Client Name ","Buy / Sell ","Quantity Traded ","Trade Price / Wght. Avg. Price ","Remarks "
"13-AUG-2025","AARVI","Aarvi Encon Limited","AMIT KUMAR JAIN HUF","SELL","1,51,420","119.96","-"
"13-AUG-2025","AARVI","Aarvi Encon Limited","AMIT KUMAR JAIN HUF","BUY","1,69,374","120.03","-"
"13-AUG-2025","AARVI","Aarvi Encon Limited","NEO APEX SHARE BROKING SERVICES LLP","BUY","1,47,241","119.90","-"
"13-AUG-2025","AARVI","Aarvi Encon Limited","NEO APEX SHARE BROKING SERVICES LLP","SELL","1,47,241","120.53","-"
"13-AUG-2025","AGARWALTUF","Agarwal Tough Glass Ind L","PENTATEAM INVENTURE CAPITAL SCHEME I","SELL","91,200","135.50","-"
"13-AUG-2025","BLACKBUCK","Zinka Logistics Sol Ltd","SANDS CAPITAL PRIVATE GROWTH II LIMITED","SELL","13,44,290","515.61","-"
"13-AUG-2025","DENTA","Denta Water N Infra Sol L","HRTI PRIVATE LIMITED","BUY","1,76,223","340.31","-"
"13-AUG-2025","DENTA","Denta Water N Infra Sol L","HRTI PRIVATE LIMITED","SELL","1,79,442","338.91","-"
"13-AUG-2025","DENTA","Denta Water N Infra Sol L","MATHISYS ADVISORS LLP","SELL","1,91,637","339.30","-"
"13-AUG-2025","DENTA","Denta Water N Infra Sol L","MATHISYS ADVISORS LLP","BUY","1,91,736","339.37","-"
"13-AUG-2025","ENFUSE","Enfuse Solutions Limited","IMRAN MOHAMMAD YASIN ANSARI","SELL","45,600","219.99","-"
"13-AUG-2025","HONASA","Honasa Consumer Limited","GRAVITON RESEARCH CAPITAL LLP","SELL","17,72,931","295.26","-"
"13-AUG-2025","HONASA","Honasa Consumer Limited","GRAVITON RESEARCH CAPITAL LLP","BUY","17,72,931","295.05","-"
"13-AUG-2025","INOXWI-RE","Inox Wind Ltd","LEND LEASE COMPANY INDIA LIMITED","SELL","6,10,930","17.88","-"
"13-AUG-2025","JAYNECOIND","Jayaswal Neco Industr Ltd","AAKRAYA RESEARCH LLP","BUY","53,82,972","59.94","-"
"13-AUG-2025","JAYNECOIND","Jayaswal Neco Industr Ltd","AAKRAYA RESEARCH LLP","SELL","53,82,972","59.99","-"
"13-AUG-2025","JAYNECOIND","Jayaswal Neco Industr Ltd","HRTI PRIVATE LIMITED","SELL","96,90,458","60.24","-"
"13-AUG-2025","JAYNECOIND","Jayaswal Neco Industr Ltd","HRTI PRIVATE LIMITED","BUY","1,01,35,735","59.88","-"
"13-AUG-2025","JAYNECOIND","Jayaswal Neco Industr Ltd","QE SECURITIES LLP","BUY","53,72,674","60.16","-"
"13-AUG-2025","JAYNECOIND","Jayaswal Neco Industr Ltd","QE SECURITIES LLP","SELL","54,10,569","60.18","-"
"13-AUG-2025","JYOTIGLOBL","Jyoti Global Plast Ltd","VIKASA INDIA EIF I FUND","SELL","1,02,000","59.79","-"
"13-AUG-2025","KAMOPAINTS","Kamdhenu Ventures Limited","FLYONTRIP SERVICES PRIVATE LIMITED","BUY","22,00,000","9.10","-"
"13-AUG-2025","KANDARP","Kandarp Dg Smart Bpo Ltd","PASHUPATI CAPITA SER PVT LTD","BUY","48,000","99.19","-"
"13-AUG-2025","KHANDSE","Khandwala Sec. Ltd","IRAGE BROKING SERVICES LLP","SELL","1,24,910","26.19","-"
"13-AUG-2025","KHANDSE","Khandwala Sec. Ltd","IRAGE BROKING SERVICES LLP","BUY","1,54,641","26.65","-"
"13-AUG-2025","KHANDSE","Khandwala Sec. Ltd","RIMPY MITTAL","SELL","1,91,235","26.71","-"
"13-AUG-2025","KHANDSE","Khandwala Sec. Ltd","RIMPY MITTAL","BUY","1,91,235","27.30","-"
"13-AUG-2025","LAXMIINDIA","Laxmi India Finance Ltd","MATHISYS ADVISORS LLP","BUY","3,27,882","149.23","-"
"13-AUG-2025","LAXMIINDIA","Laxmi India Finance Ltd","MATHISYS ADVISORS LLP","SELL","3,28,231","149.59","-"
"13-AUG-2025","LAXMIINDIA","Laxmi India Finance Ltd","PARTH INFIN BROKERS PVT LTD","SELL","5,23,952","150.51","-"
"13-AUG-2025","LAXMIINDIA","Laxmi India Finance Ltd","PARTH INFIN BROKERS PVT LTD","BUY","5,31,952","150.11","-"
"13-AUG-2025","MIRCELECTR","Mirc Electronics Ltd.","MANSI SHARE AND STOCK BROKING PRIVATE LIMITED","BUY","23,00,016","29.03","-"
"13-AUG-2025","MIRCELECTR","Mirc Electronics Ltd.","MANSI SHARE AND STOCK BROKING PRIVATE LIMITED","SELL","23,99,663","27.85","-"
"13-AUG-2025","MIRCELECTR","Mirc Electronics Ltd.","SSPL SECURITIES PRIVATE LIMITED","BUY","18,15,702","27.55","-"
"13-AUG-2025","NDLVENTURE","NDL Ventures Limited","NEO APEX SHARE BROKING SERVICES LLP","SELL","2,09,123","102.07","-"
"13-AUG-2025","NDLVENTURE","NDL Ventures Limited","NEO APEX SHARE BROKING SERVICES LLP","BUY","2,19,123","101.42","-"
"13-AUG-2025","NGIL","Nakoda Group of Ind. Ltd","RIMPY MITTAL","SELL","1,30,586","26.85","-"
"13-AUG-2025","NGIL","Nakoda Group of Ind. Ltd","RIMPY MITTAL","BUY","1,30,586","28.40","-"
"13-AUG-2025","PREMEXPLN","Premier Explosives Ltd","GRAVITON RESEARCH CAPITAL LLP","BUY","3,52,731","487.48","-"
"13-AUG-2025","PREMEXPLN","Premier Explosives Ltd","GRAVITON RESEARCH CAPITAL LLP","SELL","3,52,731","488.04","-"
"13-AUG-2025","PRIMESECU","Prime Securities Limited","F3 ADVISORS PRIVATE LIMITED","BUY","2,48,417","271.93","-"
"13-AUG-2025","PRIMESECU","Prime Securities Limited","IRAGE BROKING SERVICES LLP","BUY","565","269.39","-"
"13-AUG-2025","PRIMESECU","Prime Securities Limited","IRAGE BROKING SERVICES LLP","SELL","2,27,451","271.95","-"
"13-AUG-2025","PRITI","Priti International Ltd","AMIT KUMAR JAIN HUF","SELL","46,697","93.86","-"
"13-AUG-2025","PRITI","Priti International Ltd","AMIT KUMAR JAIN HUF","BUY","96,697","93.23","-"
"13-AUG-2025","SADHNANIQ","Sadhana Nitrochem Limited","CATALYST TRUSTEESHIP LIMITED","SELL","20,00,000","6.14","-"
"13-AUG-2025","SHANTHALA","Shanthala FMCG Products L","PRASHANT D PAWAR","BUY","34,800","35.64","-"
"13-AUG-2025","SHANTI","Shanti Overseas (Ind) Ltd","YOGESHA","SELL","57,310","10.07","-"
"13-AUG-2025","TRANSRAILL","Transrail Lighting Ltd","GRAVITON RESEARCH CAPITAL LLP","BUY","11,55,362","816.78","-"
"13-AUG-2025","TRANSRAILL","Transrail Lighting Ltd","GRAVITON RESEARCH CAPITAL LLP","SELL","11,55,362","817.06","-"
"13-AUG-2025","TRANSRAILL","Transrail Lighting Ltd","HRTI PRIVATE LIMITED","SELL","7,40,644","811.62","-"
"13-AUG-2025","TRANSRAILL","Transrail Lighting Ltd","HRTI PRIVATE LIMITED","BUY","7,72,206","810.23","-"
"13-AUG-2025","TRU","TruCap Finance Limited","RUSHABH CHANDRAKANT SHETH","SELL","7,80,942","11.52","-"
"13-AUG-2025","TSC","TSC India Limited","HBPA TRADEX PRIVATE LIMITED","BUY","72,000","66.66","-"
"13-AUG-2025","VIMTALABS","Vimta Labs Limited","HRTI PRIVATE LIMITED","BUY","2,31,187","638.15","-"
"13-AUG-2025","VIMTALABS","Vimta Labs Limited","HRTI PRIVATE LIMITED","SELL","2,43,239","641.06","-"
"13-AUG-2025","VOLERCAR","Voler Car Limited","ABHISEK BHUTRA HUF","SELL","64,000","176.50","-"
"13-AUG-2025","VOLERCAR","Voler Car Limited","DORITE TRACON PRIVATE LIMITED","BUY","1,58,400","176.14","-"
"13-AUG-2025","VOLERCAR","Voler Car Limited","GINNI FINANCE PRIVATE LIMITED","BUY","73,600","176.33","-"
"13-AUG-2025","YATRA","Yatra Online Limited","AAKRAYA RESEARCH LLP","BUY","30,04,213","150.66","-"
"13-AUG-2025","YATRA","Yatra Online Limited","AAKRAYA RESEARCH LLP","SELL","30,04,213","150.74","-"
"13-AUG-2025","YATRA","Yatra Online Limited","ALPHAGREP SECURITIES PRIVATE LIMITED","BUY","17,44,989","150.77","-"
"13-AUG-2025","YATRA","Yatra Online Limited","ALPHAGREP SECURITIES PRIVATE LIMITED","SELL","17,44,989","150.81","-"
"13-AUG-2025","YATRA","Yatra Online Limited","ELIXIR WEALTH MANAGEMENT PRIVATE LIMITED","SELL","17,54,786","151.03","-"
"13-AUG-2025","YATRA","Yatra Online Limited","ELIXIR WEALTH MANAGEMENT PRIVATE LIMITED","BUY","17,54,786","150.47","-"
"13-AUG-2025","YATRA","Yatra Online Limited","GRAVITON RESEARCH CAPITAL LLP","BUY","56,85,729","150.51","-"
"13-AUG-2025","YATRA","Yatra Online Limited","GRAVITON RESEARCH CAPITAL LLP","SELL","56,85,729","150.59","-"
"13-AUG-2025","YATRA","Yatra Online Limited","HRTI PRIVATE LIMITED","SELL","15,06,823","149.39","-"
"13-AUG-2025","YATRA","Yatra Online Limited","HRTI PRIVATE LIMITED","BUY","15,52,823","149.82","-"
"13-AUG-2025","YATRA","Yatra Online Limited","IRAGE BROKING SERVICES LLP","SELL","10,65,564","151.01","-"
"13-AUG-2025","YATRA","Yatra Online Limited","IRAGE BROKING SERVICES LLP","BUY","11,62,040","151.01","-"
"13-AUG-2025","YATRA","Yatra Online Limited","MICROCURVES TRADING PRIVATE LIMITED","SELL","11,54,759","150.39","-"
"13-AUG-2025","YATRA","Yatra Online Limited","MICROCURVES TRADING PRIVATE LIMITED","BUY","11,54,759","150.36","-"
"13-AUG-2025","YATRA","Yatra Online Limited","MUSIGMA SECURITIES","SELL","32,25,929","150.19","-"
"13-AUG-2025","YATRA","Yatra Online Limited","MUSIGMA SECURITIES","BUY","32,25,929","150.15","-"
"13-AUG-2025","YATRA","Yatra Online Limited","QE SECURITIES LLP","SELL","32,18,189","150.39","-"
"13-AUG-2025","YATRA","Yatra Online Limited","QE SECURITIES LLP","BUY","32,39,603","150.41","-"
"13-AUG-2025","YATRA","Yatra Online Limited","ROHAN MANOJ SHAH","BUY","15,70,000","148.32","-"
"13-AUG-2025","YATRA","Yatra Online Limited","SHARE INDIA SECURITIES LIMITED","SELL","21,53,295","152.30","-"
"13-AUG-2025","YATRA","Yatra Online Limited","SHARE INDIA SECURITIES LIMITED","BUY","21,54,304","151.61","-"