﻿"Date ","Symbol ","Security Name ","Client Name ","Buy / Sell ","Quantity Traded ","Trade Price / Wght. Avg. Price ","Remarks "
"24-OCT-2025","AAATECH","AAA Technologies Limited","M7 GLOBAL FUND PCC - CELL DEWCAP FUND","SELL","1,17,000","87.64","-"
"24-OCT-2025","AAATECH","AAA Technologies Limited","NAVAL KISHORE LOYA","BUY","72,342","87.92","-"
"24-OCT-2025","ADVANCE","Advance Agrolife Limited","ACME CAPITAL MARKET LIMITED","SELL","6,11,616","144.38","-"
"24-OCT-2025","ADVANCE","Advance Agrolife Limited","ACME CAPITAL MARKET LIMITED","BUY","6,11,616","141.52","-"
"24-OCT-2025","ADVANCE","Advance Agrolife Limited","LKP FINANCE LIMITED","SELL","5,85,629","138.91","-"
"24-OCT-2025","ADVANCE","Advance Agrolife Limited","LKP FINANCE LIMITED","BUY","9,92,776","139.41","-"
"24-OCT-2025","ADVANCE","Advance Agrolife Limited","NEO APEX SHARE BROKING SERVICES LLP","SELL","3,45,660","147.86","-"
"24-OCT-2025","ADVANCE","Advance Agrolife Limited","NEO APEX SHARE BROKING SERVICES LLP","BUY","3,87,098","147.73","-"
"24-OCT-2025","ADVANCE","Advance Agrolife Limited","NIVESH CONSULTANCY PRIVATE LIMITED","SELL","12,53,143","141.77","-"
"24-OCT-2025","ADVANCE","Advance Agrolife Limited","NIVESH CONSULTANCY PRIVATE LIMITED","BUY","14,35,872","142.84","-"
"24-OCT-2025","ARIHANTCAP","Arihant Capital Mkts Ltd","ALPHAGREP SECURITIES PRIVATE LIMITED","BUY","13,28,184","113.63","-"
"24-OCT-2025","ARIHANTCAP","Arihant Capital Mkts Ltd","ALPHAGREP SECURITIES PRIVATE LIMITED","SELL","13,28,184","113.54","-"
"24-OCT-2025","ARIHANTCAP","Arihant Capital Mkts Ltd","GRAVITON RESEARCH CAPITAL LLP","SELL","21,20,544","110.62","-"
"24-OCT-2025","ARIHANTCAP","Arihant Capital Mkts Ltd","GRAVITON RESEARCH CAPITAL LLP","BUY","21,20,544","110.71","-"
"24-OCT-2025","ARIHANTCAP","Arihant Capital Mkts Ltd","IRAGE BROKING SERVICES LLP","SELL","7,29,392","109.91","-"
"24-OCT-2025","ARIHANTCAP","Arihant Capital Mkts Ltd","IRAGE BROKING SERVICES LLP","BUY","10,45,346","110.30","-"
"24-OCT-2025","ARIHANTCAP","Arihant Capital Mkts Ltd","JUNOMONETA FINSOL PRIVATE LIMITED","SELL","11,38,322","110.76","-"
"24-OCT-2025","ARIHANTCAP","Arihant Capital Mkts Ltd","JUNOMONETA FINSOL PRIVATE LIMITED","BUY","11,38,322","110.68","-"
"24-OCT-2025","ARIHANTCAP","Arihant Capital Mkts Ltd","L7 HITECH PRIVATE LIMITED","BUY","3,30,996","114.07","-"
"24-OCT-2025","ARIHANTCAP","Arihant Capital Mkts Ltd","L7 HITECH PRIVATE LIMITED","SELL","7,96,548","115.36","-"
"24-OCT-2025","ARIHANTCAP","Arihant Capital Mkts Ltd","NK SECURITIES RESEARCH PRIVATE LIMITED","BUY","5,43,409","111.32","-"
"24-OCT-2025","ARIHANTCAP","Arihant Capital Mkts Ltd","NK SECURITIES RESEARCH PRIVATE LIMITED","SELL","5,43,409","111.40","-"
"24-OCT-2025","ARIHANTCAP","Arihant Capital Mkts Ltd","QE SECURITIES LLP","SELL","9,99,909","111.87","-"
"24-OCT-2025","ARIHANTCAP","Arihant Capital Mkts Ltd","QE SECURITIES LLP","BUY","10,18,080","110.99","-"
"24-OCT-2025","ARIHANTCAP","Arihant Capital Mkts Ltd","SILVERLEAF CAPITAL SERVICES PRIVATE LIMITED","SELL","7,17,950","111.23","-"
"24-OCT-2025","ARIHANTCAP","Arihant Capital Mkts Ltd","SILVERLEAF CAPITAL SERVICES PRIVATE LIMITED","BUY","7,17,950","110.46","-"
"24-OCT-2025","AROGRANITE","Aro Granite Industries Li","RIMPY MITTAL","BUY","2,08,010","38.24","-"
"24-OCT-2025","AROGRANITE","Aro Granite Industries Li","RIMPY MITTAL","SELL","2,48,434","38.62","-"
"24-OCT-2025","ARROWGREEN","Arrow Greentech Limited","NK SECURITIES RESEARCH PRIVATE LIMITED","BUY","1,05,600","639.53","-"
"24-OCT-2025","ARROWGREEN","Arrow Greentech Limited","NK SECURITIES RESEARCH PRIVATE LIMITED","SELL","1,05,600","640.35","-"
"24-OCT-2025","ATALREAL","Atal Realtech Limited","ALTIZEN VENTURES LLP","BUY","21,344","24.26","-"
"24-OCT-2025","ATALREAL","Atal Realtech Limited","ALTIZEN VENTURES LLP","SELL","7,50,000","24.45","-"
"24-OCT-2025","ATALREAL","Atal Realtech Limited","CULLINAN OPPRTS FUND VCC-CULLINAN OPPORTUNITIES INCORPORATED VCC SUB FUND 1","BUY","7,75,000","24.45","-"
"24-OCT-2025","BHAGERIA","Bhageria Industries Ltd","ALPHAGREP SECURITIES PRIVATE LIMITED","SELL","2,69,545","235.60","-"
"24-OCT-2025","BHAGERIA","Bhageria Industries Ltd","ALPHAGREP SECURITIES PRIVATE LIMITED","BUY","2,69,545","235.38","-"
"24-OCT-2025","BHAGERIA","Bhageria Industries Ltd","GRAVITON RESEARCH CAPITAL LLP","SELL","4,45,405","235.78","-"
"24-OCT-2025","BHAGERIA","Bhageria Industries Ltd","GRAVITON RESEARCH CAPITAL LLP","BUY","4,45,405","235.42","-"
"24-OCT-2025","BHAGERIA","Bhageria Industries Ltd","JUNOMONETA FINSOL PRIVATE LIMITED","SELL","3,43,421","235.59","-"
"24-OCT-2025","BHAGERIA","Bhageria Industries Ltd","JUNOMONETA FINSOL PRIVATE LIMITED","BUY","3,43,421","235.57","-"
"24-OCT-2025","BHAGERIA","Bhageria Industries Ltd","QE SECURITIES LLP","BUY","3,70,145","235.19","-"
"24-OCT-2025","BHAGERIA","Bhageria Industries Ltd","QE SECURITIES LLP","SELL","3,74,309","236.52","-"
"24-OCT-2025","BIRDYS","Grill Splendour Ser Ltd","PRREETI JAIIN NAINUTIA","SELL","79,200","143.98","-"
"24-OCT-2025","BIRDYS","Grill Splendour Ser Ltd","RESONANCE OPPORTUNITIES FUND","BUY","1,04,400","144.75","-"
"24-OCT-2025","DIGIKORE","Digikore Studios Limited","GIRIRAJ STOCK BROKING PRIVATE LIMITED","SELL","49,600","87.21","-"
"24-OCT-2025","DIGIKORE","Digikore Studios Limited","NIKUNJ PACHISIA","BUY","64,000","86.69","-"
"24-OCT-2025","EPACKPEB","EPack Prefab Techn Ltd","ALPHAGREP SECURITIES PRIVATE LIMITED","SELL","10,40,359","257.08","-"
"24-OCT-2025","EPACKPEB","EPack Prefab Techn Ltd","ALPHAGREP SECURITIES PRIVATE LIMITED","BUY","10,40,359","257.06","-"
"24-OCT-2025","EPACKPEB","EPack Prefab Techn Ltd","DHARMIK VITHTHALBHAI KAPURIYA","SELL","5,02,274","262.56","-"
"24-OCT-2025","EPACKPEB","EPack Prefab Techn Ltd","DHARMIK VITHTHALBHAI KAPURIYA","BUY","5,05,274","262.34","-"
"24-OCT-2025","EPACKPEB","EPack Prefab Techn Ltd","DIPAN MEHTA COMMODITIES PRIVATE LIMITED","SELL","7,54,853","260.66","-"
"24-OCT-2025","EPACKPEB","EPack Prefab Techn Ltd","DIPAN MEHTA COMMODITIES PRIVATE LIMITED","BUY","7,54,853","260.18","-"
"24-OCT-2025","EPACKPEB","EPack Prefab Techn Ltd","ELIXIR WEALTH MANAGEMENT PRIVATE LIMITED","BUY","9,27,445","262.46","-"
"24-OCT-2025","EPACKPEB","EPack Prefab Techn Ltd","ELIXIR WEALTH MANAGEMENT PRIVATE LIMITED","SELL","9,28,956","263.07","-"
"24-OCT-2025","EPACKPEB","EPack Prefab Techn Ltd","GRAVITON RESEARCH CAPITAL LLP","BUY","59,72,635","260.21","-"
"24-OCT-2025","EPACKPEB","EPack Prefab Techn Ltd","GRAVITON RESEARCH CAPITAL LLP","SELL","59,72,635","260.43","-"
"24-OCT-2025","EPACKPEB","EPack Prefab Techn Ltd","HRTI PRIVATE LIMITED","SELL","9,10,212","259.48","-"
"24-OCT-2025","EPACKPEB","EPack Prefab Techn Ltd","HRTI PRIVATE LIMITED","BUY","11,19,376","261.73","-"
"24-OCT-2025","EPACKPEB","EPack Prefab Techn Ltd","IRAGE BROKING SERVICES LLP","SELL","10,96,787","261.54","-"
"24-OCT-2025","EPACKPEB","EPack Prefab Techn Ltd","IRAGE BROKING SERVICES LLP","BUY","12,66,105","260.06","-"
"24-OCT-2025","EPACKPEB","EPack Prefab Techn Ltd","JUMP TRADING FINANCIAL INDIA PRIVATE LIMITED","BUY","5,10,159","258.89","-"
"24-OCT-2025","EPACKPEB","EPack Prefab Techn Ltd","JUMP TRADING FINANCIAL INDIA PRIVATE LIMITED","SELL","5,10,159","259.36","-"
"24-OCT-2025","EPACKPEB","EPack Prefab Techn Ltd","JUNOMONETA FINSOL PRIVATE LIMITED","SELL","19,42,024","260.04","-"
"24-OCT-2025","EPACKPEB","EPack Prefab Techn Ltd","JUNOMONETA FINSOL PRIVATE LIMITED","BUY","19,42,024","259.95","-"
"24-OCT-2025","EPACKPEB","EPack Prefab Techn Ltd","MATHISYS ADVISORS LLP","SELL","14,11,537","259.78","-"
"24-OCT-2025","EPACKPEB","EPack Prefab Techn Ltd","MATHISYS ADVISORS LLP","BUY","14,15,326","260.22","-"
"24-OCT-2025","EPACKPEB","EPack Prefab Techn Ltd","MICROCURVES TRADING PRIVATE LIMITED","SELL","7,09,655","260.86","-"
"24-OCT-2025","EPACKPEB","EPack Prefab Techn Ltd","MICROCURVES TRADING PRIVATE LIMITED","BUY","7,09,655","260.65","-"
"24-OCT-2025","EPACKPEB","EPack Prefab Techn Ltd","MUSIGMA SECURITIES","BUY","7,07,067","261.20","-"
"24-OCT-2025","EPACKPEB","EPack Prefab Techn Ltd","MUSIGMA SECURITIES","SELL","7,07,067","261.22","-"
"24-OCT-2025","EPACKPEB","EPack Prefab Techn Ltd","NK SECURITIES RESEARCH PRIVATE LIMITED","SELL","22,90,686","263.84","-"
"24-OCT-2025","EPACKPEB","EPack Prefab Techn Ltd","NK SECURITIES RESEARCH PRIVATE LIMITED","BUY","22,90,686","263.71","-"
"24-OCT-2025","EPACKPEB","EPack Prefab Techn Ltd","PACE STOCK BROKING SERVICES PVT LTD","BUY","8,96,896","262.36","-"
"24-OCT-2025","EPACKPEB","EPack Prefab Techn Ltd","PACE STOCK BROKING SERVICES PVT LTD","SELL","9,10,396","262.21","-"
"24-OCT-2025","EPACKPEB","EPack Prefab Techn Ltd","QE SECURITIES LLP","BUY","24,24,079","258.91","-"
"24-OCT-2025","EPACKPEB","EPack Prefab Techn Ltd","QE SECURITIES LLP","SELL","24,70,567","258.57","-"
"24-OCT-2025","EPACKPEB","EPack Prefab Techn Ltd","SHARE INDIA SECURITIES LIMITED","SELL","9,04,033","261.62","-"
"24-OCT-2025","EPACKPEB","EPack Prefab Techn Ltd","SHARE INDIA SECURITIES LIMITED","BUY","9,10,033","261.97","-"
"24-OCT-2025","EPACKPEB","EPack Prefab Techn Ltd","SILVERLEAF CAPITAL SERVICES PRIVATE LIMITED","SELL","5,92,339","258.18","-"
"24-OCT-2025","EPACKPEB","EPack Prefab Techn Ltd","SILVERLEAF CAPITAL SERVICES PRIVATE LIMITED","BUY","5,92,339","258.06","-"
"24-OCT-2025","GANESHCP","Ganesh Consumer Product L","MONET SECURITIES PRIVATE LTD","BUY","2,30,000","282.46","-"
"24-OCT-2025","GMBREW","GM Breweries Ltd.","HRTI PRIVATE LIMITED","SELL","2,37,966","1,256.25","-"
"24-OCT-2025","GMBREW","GM Breweries Ltd.","HRTI PRIVATE LIMITED","BUY","2,41,716","1,254.39","-"
"24-OCT-2025","GMBREW","GM Breweries Ltd.","JUNOMONETA FINSOL PRIVATE LIMITED","BUY","2,85,095","1,258.35","-"
"24-OCT-2025","GMBREW","GM Breweries Ltd.","JUNOMONETA FINSOL PRIVATE LIMITED","SELL","2,85,095","1,259.48","-"
"24-OCT-2025","IEML-RE","Indian Emulsifers Ltd","ANKIT SINGHVI","BUY","35,000","25.54","-"
"24-OCT-2025","IEML-RE","Indian Emulsifers Ltd","HEMANT GADODIA","SELL","35,500","25.24","-"
"24-OCT-2025","IEML-RE","Indian Emulsifers Ltd","SIDDHARTH ABHAIKUMAR NAHAR","SELL","32,750","25.18","-"
"24-OCT-2025","IEML-RE","Indian Emulsifers Ltd","SUSHANT CHANDRAKANT SHAMBHARKAR","BUY","40,500","24.13","-"
"24-OCT-2025","IEML-RE","Indian Emulsifers Ltd","YASH SUNIL TIKEKAR","SELL","37,250","24.29","-"
"24-OCT-2025","JGCHEM","J.G.Chemicals Limited","GRAVITON RESEARCH CAPITAL LLP","BUY","2,98,784","449.43","-"
"24-OCT-2025","JGCHEM","J.G.Chemicals Limited","GRAVITON RESEARCH CAPITAL LLP","SELL","2,98,784","450.25","-"
"24-OCT-2025","MANAKCOAT","Man Coat Metal & Ind Ltd","LAROIA MONA","BUY","5,35,000","170.87","-"
"24-OCT-2025","MIDWESTLTD","Midwest Limited","GOLDMAN SACHS FUNDS - GOLDMAN SACHS INDIA EQUITY PORTFOLIO","BUY","4,34,323","1,152.56","-"
"24-OCT-2025","MIDWESTLTD","Midwest Limited","MARWADI CHANDARANA INTERMEDIARIES BROKERS PRIVATE LIMITED","BUY","2,89,047","1,146.97","-"
"24-OCT-2025","MIDWESTLTD","Midwest Limited","MARWADI CHANDARANA INTERMEDIARIES BROKERS PRIVATE LIMITED","SELL","2,89,047","1,147.57","-"
"24-OCT-2025","PFS","PTC India Fin Serv Ltd","GRAVITON RESEARCH CAPITAL LLP","BUY","52,97,130","39.47","-"
"24-OCT-2025","PFS","PTC India Fin Serv Ltd","GRAVITON RESEARCH CAPITAL LLP","SELL","52,97,130","39.53","-"
"24-OCT-2025","POKARNA","Pokarna Limited","GRAVITON RESEARCH CAPITAL LLP","BUY","2,32,030","941.65","-"
"24-OCT-2025","POKARNA","Pokarna Limited","GRAVITON RESEARCH CAPITAL LLP","SELL","2,32,030","943.18","-"
"24-OCT-2025","REGAAL","Regaal Resources Limited","CLIFF TREXIM PRIVATE LIMITED","BUY","5,26,875","93.70","-"
"24-OCT-2025","REGAAL","Regaal Resources Limited","EQUISM CAPITAL PRIVATE LIMITED","BUY","6,08,245","93.17","-"
"24-OCT-2025","REGAAL","Regaal Resources Limited","EQUISM CAPITAL PRIVATE LIMITED","SELL","6,08,245","93.42","-"
"24-OCT-2025","SAMMAANCAP","Sammaan Capital Limited","GRAVITON RESEARCH CAPITAL LLP","SELL","75,98,636","184.04","-"
"24-OCT-2025","SAMMAANCAP","Sammaan Capital Limited","GRAVITON RESEARCH CAPITAL LLP","BUY","75,98,636","183.81","-"
"24-OCT-2025","SCI","Shipping Corp of India","GRAVITON RESEARCH CAPITAL LLP","SELL","33,65,293","264.33","-"
"24-OCT-2025","SCI","Shipping Corp of India","GRAVITON RESEARCH CAPITAL LLP","BUY","33,65,293","263.99","-"
"24-OCT-2025","SIKKO","Sikko Industries Limited","D3 STOCK VISION LLP","BUY","2,27,153","120.40","-"
"24-OCT-2025","SIKKO","Sikko Industries Limited","D3 STOCK VISION LLP","SELL","2,37,152","120.92","-"
"24-OCT-2025","SIKKO","Sikko Industries Limited","JUNOMONETA FINSOL PRIVATE LIMITED","BUY","1,09,356","122.64","-"
"24-OCT-2025","SIKKO","Sikko Industries Limited","JUNOMONETA FINSOL PRIVATE LIMITED","SELL","1,09,356","122.42","-"
"24-OCT-2025","SIKKO","Sikko Industries Limited","L7 HITECH PRIVATE LIMITED","SELL","9,21,698","116.39","-"
"24-OCT-2025","SIKKO","Sikko Industries Limited","L7 HITECH PRIVATE LIMITED","BUY","9,23,698","112.46","-"
"24-OCT-2025","SIKKO","Sikko Industries Limited","MANDAKINIBEN PRADYUMANBHAI PATEL","SELL","3,00,000","113.14","-"
"24-OCT-2025","SIKKO","Sikko Industries Limited","MANDAKINIBEN PRADYUMANBHAI PATEL","BUY","3,00,000","111.82","-"
"24-OCT-2025","SIKKO","Sikko Industries Limited","MANSI SHARE AND STOCK BROKING PRIVATE LIMITED","SELL","3,67,420","112.04","-"
"24-OCT-2025","SIKKO","Sikko Industries Limited","MANSI SHARE AND STOCK BROKING PRIVATE LIMITED","BUY","4,17,427","112.02","-"
"24-OCT-2025","SIKKO","Sikko Industries Limited","MARWADI CHANDARANA INTERMEDIARIES BROKERS PRIVATE LIMITED","BUY","1,14,707","132.03","-"
"24-OCT-2025","SIKKO","Sikko Industries Limited","MARWADI CHANDARANA INTERMEDIARIES BROKERS PRIVATE LIMITED","SELL","1,59,393","125.67","-"
"24-OCT-2025","SIKKO","Sikko Industries Limited","NEO APEX SHARE BROKING SERVICES LLP","SELL","1,60,205","111.91","-"
"24-OCT-2025","SIKKO","Sikko Industries Limited","NEO APEX SHARE BROKING SERVICES LLP","BUY","1,60,205","112.42","-"
"24-OCT-2025","SIKKO","Sikko Industries Limited","SHARE INDIA SECURITIES LIMITED","SELL","4,13,918","112.87","-"
"24-OCT-2025","SIKKO","Sikko Industries Limited","SHARE INDIA SECURITIES LIMITED","BUY","4,17,557","113.81","-"
"24-OCT-2025","SIKKO","Sikko Industries Limited","TATAD NAYAN GAUTAMBHAI","SELL","8,18,033","119.93","-"
"24-OCT-2025","SIKKO","Sikko Industries Limited","TATAD NAYAN GAUTAMBHAI","BUY","10,87,814","114.59","-"
"24-OCT-2025","SIKKO","Sikko Industries Limited","VICKY RAJESH JHAVERI","SELL","5,00,000","112.03","-"
"24-OCT-2025","THYROCARE","Thyrocare Tech Ltd","ADITYA BIRLA SUN LIFE MUTUAL FUND","BUY","10,33,015","1,252.00","-"
"24-OCT-2025","THYROCARE","Thyrocare Tech Ltd","DOCON TECHNOLOGIES PRIVATE LIMITED","SELL","53,32,860","1,252.03","-"
"24-OCT-2025","THYROCARE","Thyrocare Tech Ltd","EASTSPRING INVESTMENTS INDIA CONSUMER EQUITY OPEN LIMITED","BUY","3,19,750","1,252.00","-"
"24-OCT-2025","THYROCARE","Thyrocare Tech Ltd","HDFC MUTUAL FUND","BUY","4,43,650","1,252.00","-"
"24-OCT-2025","THYROCARE","Thyrocare Tech Ltd","HSBC MUTUAL FUND MIDCAP FUND","BUY","6,66,133","1,252.00","-"
"24-OCT-2025","THYROCARE","Thyrocare Tech Ltd","ICICI PRUDENTIAL MUTUAL FUND","BUY","17,48,600","1,252.00","-"
"24-OCT-2025","THYROCARE","Thyrocare Tech Ltd","NEO APEX VENTURE LLP","SELL","3,54,298","1,252.81","-"
"24-OCT-2025","THYROCARE","Thyrocare Tech Ltd","NEO APEX VENTURE LLP","BUY","3,54,298","1,252.10","-"
"24-OCT-2025","UTKARSHBNK","Utkarsh Small Fin Bank L","GRAVITON RESEARCH CAPITAL LLP","SELL","57,54,293","20.30","-"
"24-OCT-2025","UTKARSHBNK","Utkarsh Small Fin Bank L","GRAVITON RESEARCH CAPITAL LLP","BUY","57,54,293","20.27","-"
"24-OCT-2025","UTKARSHBNK","Utkarsh Small Fin Bank L","OM TRADING","BUY","84,92,263","21.57","-"
"24-OCT-2025","UTKARSHBNK","Utkarsh Small Fin Bank L","OM TRADING","SELL","84,92,263","21.77","-"
"24-OCT-2025","VIJAYPD","Vijaypd Ceutical Limited","BHAVNA HITESH PATEL","SELL","2,32,000","44.08","-"
"24-OCT-2025","ZIMLAB","Zim Laboratories Limited","ELIMATH ADVISORS PRIVATE LIMITED","BUY","14,97,124","68.79","-"
"24-OCT-2025","ZIMLAB","Zim Laboratories Limited","MATHEW  CYRIAC","SELL","15,69,000","68.84","-"