﻿"Date ","Symbol ","Security Name ","Client Name ","Buy / Sell ","Quantity Traded ","Trade Price / Wght. Avg. Price ","Remarks "
"14-OCT-2025","3IINFO-RE","3i Infotech Ltd","FAIZAN RIYAZBHAI MENDIWALA","BUY","2,05,834","2.27","-"
"14-OCT-2025","AERONEU","Aeroflex Neu Limited","L7 HITECH PRIVATE LIMITED","BUY","4,000","73.97","-"
"14-OCT-2025","AERONEU","Aeroflex Neu Limited","L7 HITECH PRIVATE LIMITED","SELL","1,31,799","75.99","-"
"14-OCT-2025","ANANDRATHI","Anand Rathi Wealth Ltd","GRAVITON RESEARCH CAPITAL LLP","BUY","4,62,047","3,191.72","-"
"14-OCT-2025","ANANDRATHI","Anand Rathi Wealth Ltd","GRAVITON RESEARCH CAPITAL LLP","SELL","4,62,047","3,193.98","-"
"14-OCT-2025","ANGELONE","Angel One Limited","GRAVITON RESEARCH CAPITAL LLP","SELL","5,31,989","2,394.27","-"
"14-OCT-2025","ANGELONE","Angel One Limited","GRAVITON RESEARCH CAPITAL LLP","BUY","5,32,005","2,393.52","-"
"14-OCT-2025","ATALREAL","Atal Realtech Limited","CULLINAN OPPRTS FUND VCC-CULLINAN OPPORTUNITIES INCORPORATED VCC SUB FUND 1","BUY","16,00,000","22.53","-"
"14-OCT-2025","ATALREAL","Atal Realtech Limited","PASHUPATI CAPITA SER PVT LTD","SELL","10,00,000","22.50","-"
"14-OCT-2025","ATALREAL","Atal Realtech Limited","SHARBHANG COMMERCIAL COMPANY PRIVATE LIMITED .","BUY","6,50,000","22.46","-"
"14-OCT-2025","ATALREAL","Atal Realtech Limited","USHA  BAID","SELL","7,00,000","22.46","-"
"14-OCT-2025","AWFIS","Awfis Space Solutions Ltd","HSBC MUTUAL FUND","BUY","9,18,300","585.00","-"
"14-OCT-2025","AWFIS","Awfis Space Solutions Ltd","QRG INVESTMENTS AND HOLDINGS LIMITED","SELL","24,07,800","585.14","-"
"14-OCT-2025","CHANDAN","Chandan Healthcare Ltd","SHALU AGGARWAL","BUY","1,50,400","309.64","-"
"14-OCT-2025","GATECH","GACM Technologies Limited","RAKESH KUMAR UPPAL AND SONS HUF","BUY","55,46,374","0.69","-"
"14-OCT-2025","GATECH","GACM Technologies Limited","RAKESH KUMAR UPPAL AND SONS HUF","SELL","83,75,287","0.69","-"
"14-OCT-2025","GMBREW","GM Breweries Ltd.","ALPHAGREP SECURITIES PRIVATE LIMITED","BUY","1,28,713","995.56","-"
"14-OCT-2025","GMBREW","GM Breweries Ltd.","ALPHAGREP SECURITIES PRIVATE LIMITED","SELL","1,28,713","995.58","-"
"14-OCT-2025","GMBREW","GM Breweries Ltd.","GRAVITON RESEARCH CAPITAL LLP","BUY","1,75,853","979.24","-"
"14-OCT-2025","GMBREW","GM Breweries Ltd.","GRAVITON RESEARCH CAPITAL LLP","SELL","1,75,853","980.30","-"
"14-OCT-2025","GMBREW","GM Breweries Ltd.","HRTI PRIVATE LIMITED","SELL","2,26,280","986.87","-"
"14-OCT-2025","GMBREW","GM Breweries Ltd.","HRTI PRIVATE LIMITED","BUY","2,52,360","982.28","-"
"14-OCT-2025","GMBREW","GM Breweries Ltd.","JUNOMONETA FINSOL PRIVATE LIMITED","SELL","1,83,725","991.90","-"
"14-OCT-2025","GMBREW","GM Breweries Ltd.","JUNOMONETA FINSOL PRIVATE LIMITED","BUY","1,83,725","991.30","-"
"14-OCT-2025","GMBREW","GM Breweries Ltd.","QE SECURITIES LLP","BUY","1,36,906","984.50","-"
"14-OCT-2025","GMBREW","GM Breweries Ltd.","QE SECURITIES LLP","SELL","1,41,426","987.67","-"
"14-OCT-2025","GML","Galaxy Medicare Limited","IMRAN KHAN","BUY","2,000","22.30","-"
"14-OCT-2025","GML","Galaxy Medicare Limited","IMRAN KHAN","SELL","76,000","23.55","-"
"14-OCT-2025","KCK","Kck Industries Limited","PROFIN CAPITAL SERVICES LIMITED","SELL","3,90,000","37.33","-"
"14-OCT-2025","KOTHARIPRO","Kothari Products Ltd.","NK SECURITIES RESEARCH PRIVATE LIMITED","SELL","3,02,942","96.77","-"
"14-OCT-2025","KOTHARIPRO","Kothari Products Ltd.","NK SECURITIES RESEARCH PRIVATE LIMITED","BUY","3,02,942","96.64","-"
"14-OCT-2025","LANDMARK","Landmark Cars Limited","GRAVITON RESEARCH CAPITAL LLP","SELL","6,34,869","637.14","-"
"14-OCT-2025","LANDMARK","Landmark Cars Limited","GRAVITON RESEARCH CAPITAL LLP","BUY","6,34,869","636.77","-"
"14-OCT-2025","MANAKCOAT","Man Coat Metal & Ind Ltd","JUNOMONETA FINSOL PRIVATE LIMITED","BUY","6,74,993","160.53","-"
"14-OCT-2025","MANAKCOAT","Man Coat Metal & Ind Ltd","JUNOMONETA FINSOL PRIVATE LIMITED","SELL","6,74,993","160.59","-"
"14-OCT-2025","MAXVOLT","Maxvolt Energy Indus L","YASHVI HITESH PATEL","SELL","80,000","295.55","-"
"14-OCT-2025","MBEL","M and B Engineering Ltd","360 ONE ASSET MANAGEMENT LIMITED","BUY","5,21,620","404.41","-"
"14-OCT-2025","MBEL","M and B Engineering Ltd","GRAVITON RESEARCH CAPITAL LLP","SELL","2,90,953","406.59","-"
"14-OCT-2025","MBEL","M and B Engineering Ltd","GRAVITON RESEARCH CAPITAL LLP","BUY","2,90,953","406.04","-"
"14-OCT-2025","MCX","Multi Commodity Exchange","GRAVITON RESEARCH CAPITAL LLP","SELL","2,90,861","9,344.61","-"
"14-OCT-2025","MCX","Multi Commodity Exchange","GRAVITON RESEARCH CAPITAL LLP","BUY","2,90,994","9,341.91","-"
"14-OCT-2025","MTARTECH","MTAR Technologies Limited","GRAVITON RESEARCH CAPITAL LLP","SELL","2,61,893","2,081.44","-"
"14-OCT-2025","MTARTECH","MTAR Technologies Limited","GRAVITON RESEARCH CAPITAL LLP","BUY","2,61,893","2,079.20","-"
"14-OCT-2025","MVKAGRO","M.V.K. Agro Food Prod Ltd","YAGNIK BHARATKUMAR TANK","BUY","1,89,600","547.75","-"
"14-OCT-2025","NGIL","Nakoda Group of Ind. Ltd","L7 HITECH PRIVATE LIMITED","BUY","52,022","28.46","-"
"14-OCT-2025","NGIL","Nakoda Group of Ind. Ltd","L7 HITECH PRIVATE LIMITED","SELL","1,98,495","26.75","-"
"14-OCT-2025","NGIL","Nakoda Group of Ind. Ltd","NIPA MANTHAN SANGHAVI","SELL","93,285","28.42","-"
"14-OCT-2025","NGIL","Nakoda Group of Ind. Ltd","NIPA MANTHAN SANGHAVI","BUY","99,372","26.01","-"
"14-OCT-2025","NIRMAN","Nirman Agri Gentics Ltd","NEO APEX VENTURE LLP","SELL","48,900","175.60","-"
"14-OCT-2025","NRVANDANA","N R Vandana Tex Ind Ltd","KHEMKA ANUPAM","BUY","1,74,000","57.00","-"
"14-OCT-2025","POLYSIL","Polysil Irrigation Syst L","MAGMA DEALERS PRIVATE LIMITED","SELL","1,72,000","275.00","-"
"14-OCT-2025","POLYSIL","Polysil Irrigation Syst L","SEA MATRIX ENTERPRISES LIMITED","SELL","1,80,000","275.00","-"
"14-OCT-2025","POLYSIL","Polysil Irrigation Syst L","YAGNIK BHARATKUMAR TANK","BUY","5,58,000","275.81","-"
"14-OCT-2025","PULZ","Pulz Electronics Limited","LONGVIEW RESEARCH AND ADVISORY SERVICES PRIVATE LIMITED","BUY","1,44,000","34.94","-"
"14-OCT-2025","RELIABLE","Reliable Data Service Ltd","CQUB INFOSYSTEMS PRIVATE LIMITED","SELL","1,08,000","111.91","-"
"14-OCT-2025","SBC","SBC Exports Limited","ACME CAPITAL MARKET LIMITED","BUY","35,00,063","22.45","-"
"14-OCT-2025","SBC","SBC Exports Limited","ACME CAPITAL MARKET LIMITED","SELL","35,00,063","22.51","-"
"14-OCT-2025","SBC","SBC Exports Limited","RAHUL BANSAL","SELL","30,00,000","22.44","-"
"14-OCT-2025","SGFIN","SG Finserve Limited","GRAVITON RESEARCH CAPITAL LLP","BUY","6,11,977","403.05","-"
"14-OCT-2025","SGFIN","SG Finserve Limited","GRAVITON RESEARCH CAPITAL LLP","SELL","6,11,977","403.18","-"
"14-OCT-2025","STALLION","Stallion Ind Fluorochem L","JUNOMONETA FINSOL PRIVATE LIMITED","SELL","7,52,658","346.99","-"
"14-OCT-2025","STALLION","Stallion Ind Fluorochem L","JUNOMONETA FINSOL PRIVATE LIMITED","BUY","7,52,756","347.05","-"
"14-OCT-2025","STALLION","Stallion Ind Fluorochem L","MARWADI SHARES AND FINANCE LTD.","SELL","4,09,817","350.79","-"
"14-OCT-2025","STALLION","Stallion Ind Fluorochem L","MARWADI SHARES AND FINANCE LTD.","BUY","4,09,817","354.36","-"
"14-OCT-2025","STALLION","Stallion Ind Fluorochem L","MATHISYS ADVISORS LLP","BUY","6,36,255","343.79","-"
"14-OCT-2025","STALLION","Stallion Ind Fluorochem L","MATHISYS ADVISORS LLP","SELL","6,83,595","343.94","-"
"14-OCT-2025","STALLION","Stallion Ind Fluorochem L","QE SECURITIES LLP","BUY","4,15,943","343.79","-"
"14-OCT-2025","STALLION","Stallion Ind Fluorochem L","QE SECURITIES LLP","SELL","4,18,996","346.23","-"
"14-OCT-2025","UHTL","United Heat Transfer Ltd","MAHENDRAN K","SELL","1,00,000","76.71","-"
"14-OCT-2025","WAAREERTL","Waaree Renewable Tech Ltd","GRAVITON RESEARCH CAPITAL LLP","SELL","5,89,383","1,278.40","-"
"14-OCT-2025","WAAREERTL","Waaree Renewable Tech Ltd","GRAVITON RESEARCH CAPITAL LLP","BUY","5,89,976","1,278.04","-"