﻿"Date ","Symbol ","Security Name ","Client Name ","Buy / Sell ","Quantity Traded ","Trade Price / Wght. Avg. Price ","Remarks "
"15-JUL-2025","AMBICAAGAR","Ambica Agarbathies & Arom","IRAGE BROKING SERVICES LLP","BUY","88,747","29.01","-"
"15-JUL-2025","AMBICAAGAR","Ambica Agarbathies & Arom","IRAGE BROKING SERVICES LLP","SELL","1,65,152","29.75","-"
"15-JUL-2025","AMBICAAGAR","Ambica Agarbathies & Arom","RIMPY MITTAL","SELL","1,20,308","29.01","-"
"15-JUL-2025","AMBICAAGAR","Ambica Agarbathies & Arom","RIMPY MITTAL","BUY","1,90,308","29.76","-"
"15-JUL-2025","CAPTRU-RE","Capital Trust Ltd","GANUGAPENTA RAGHURAM","BUY","1,00,000","0.36","-"
"15-JUL-2025","CURAA","Cura Technologies Limited","MULTIPLIER SHARE & STOCK ADVISORS PRIVATE LIMITED","SELL","3,919","195.68","-"
"15-JUL-2025","DIL","Debock Industries Limited","JR SEAMLESS PRIVATE LIMITED","SELL","22,17,868","1.98","-"
"15-JUL-2025","FALCONTECH","Falcon Technoproj Ind Ltd","SHRISHTI AGRAWAL","SELL","31,200","17.25","-"
"15-JUL-2025","FALCONTECH","Falcon Technoproj Ind Ltd","THE PATNA ELECTRIC SUPPLY COMPANY LIMITED","SELL","30,000","17.21","-"
"15-JUL-2025","FORGEAUTO","Forge Auto Internation L","YUGA STOCKS AND COMMODITIES PRIVATE LIMITED","BUY","40,800","169.78","-"
"15-JUL-2025","FORGEAUTO","Forge Auto Internation L","YUGA STOCKS AND COMMODITIES PRIVATE LIMITED","SELL","64,800","166.67","-"
"15-JUL-2025","GATECH","GACM Technologies Limited","MANDAKINIBEN PRADYUMANBHAI PATEL","SELL","61,81,653","0.78","-"
"15-JUL-2025","GATECH","GACM Technologies Limited","SHUBHAM ASHOKBHAI PATEL","BUY","75,00,000","0.84","-"
"15-JUL-2025","GATECH","GACM Technologies Limited","VAGHANI VIRAJ","SELL","1,24,81,138","0.78","-"
"15-JUL-2025","GLOBECIVIL","Globe Civil Projects Ltd","KRISHNA AWTAR KABRA","BUY","3,81,231","84.00","-"
"15-JUL-2025","GLOBECIVIL","Globe Civil Projects Ltd","KRISHNA AWTAR KABRA","SELL","3,81,231","83.36","-"
"15-JUL-2025","GVPTECH-RE","GVP Infotech Ltd","LINKSTAR TRUST","SELL","4,90,000","0.59","-"
"15-JUL-2025","GVPTECH-RE","GVP Infotech Ltd","MUHAMMED ZILLUR RAHMAN","BUY","1,70,000","0.57","-"
"15-JUL-2025","INFOLLION","Infollion Research Ser L","AJAY KUMAR AGGARWAL","SELL","74,000","460.17","-"
"15-JUL-2025","JAINIK","Jainik Power Cables Ltd","RAJ GOEL","BUY","96,000","94.65","-"
"15-JUL-2025","JAINIK","Jainik Power Cables Ltd","RIKHAV SECURITIES LIMITED","BUY","1,200","95.00","-"
"15-JUL-2025","JAINIK","Jainik Power Cables Ltd","RIKHAV SECURITIES LIMITED","SELL","2,05,200","93.10","-"
"15-JUL-2025","MASFIN","MAS Financial Serv Ltd","BUSINESS EXCELLENCE TRUST III","SELL","20,00,000","305.00","-"
"15-JUL-2025","MASFIN","MAS Financial Serv Ltd","NIPPON INDIA MUTUAL FUND","BUY","20,00,000","305.00","-"
"15-JUL-2025","MIDHANI","Mishra Dhatu Nigam Ltd","GRAVITON RESEARCH CAPITAL LLP","BUY","11,87,485","440.36","-"
"15-JUL-2025","MIDHANI","Mishra Dhatu Nigam Ltd","GRAVITON RESEARCH CAPITAL LLP","SELL","11,87,485","440.37","-"
"15-JUL-2025","RALLIS","Rallis India Ltd.","GRAVITON RESEARCH CAPITAL LLP","SELL","20,21,459","371.70","-"
"15-JUL-2025","RALLIS","Rallis India Ltd.","GRAVITON RESEARCH CAPITAL LLP","BUY","20,22,633","371.64","-"
"15-JUL-2025","RTL","Rama Telecom Limited","ASNANI STOCK BROKER PRIVATE LIMITED - ERROR ACCOUNT","SELL","1,22,000","69.95","-"
"15-JUL-2025","RTL","Rama Telecom Limited","LIFE LINE MARKETING PVT LTD.","BUY","1,00,000","69.95","-"
"15-JUL-2025","SADHNANIQ","Sadhana Nitrochem Limited","ISHAAN TRADEFIN LLP","BUY","65,000","7.27","-"
"15-JUL-2025","SADHNANIQ","Sadhana Nitrochem Limited","ISHAAN TRADEFIN LLP","SELL","23,00,000","7.48","-"
"15-JUL-2025","SAMAY","Samay Project Services L","KUSH RAJKISHOR SONKHIA-HUF","BUY","1,28,000","34.14","-"
"15-JUL-2025","SAMAY","Samay Project Services L","KUSH RAJKISHOR SONKHIA-HUF","SELL","1,36,000","34.31","-"
"15-JUL-2025","SAMAY","Samay Project Services L","SHINE STAR BUILD CAP PVT LTD","SELL","1,04,000","34.13","-"
"15-JUL-2025","SEPCPP","SEPC Rs.5 ppd up","AAR FIN BROKERS PVT LTD","SELL","25,00,000","7.06","-"
"15-JUL-2025","SEPCPP","SEPC Rs.5 ppd up","ANKITA VISHAL SHAH","BUY","2,00,114","7.04","-"
"15-JUL-2025","SEPCPP","SEPC Rs.5 ppd up","ANKITA VISHAL SHAH","SELL","28,55,372","7.12","-"
"15-JUL-2025","SEPCPP","SEPC Rs.5 ppd up","NEO APEX VENTURE LLP","SELL","3,26,418","7.02","-"
"15-JUL-2025","SEPCPP","SEPC Rs.5 ppd up","NEO APEX VENTURE LLP","BUY","41,26,418","7.06","-"
"15-JUL-2025","SEPCPP","SEPC Rs.5 ppd up","SOHAM FINCARE INDIA LLP","SELL","15,26,138","7.12","-"
"15-JUL-2025","SEPCPP","SEPC Rs.5 ppd up","SOHAM FINCARE INDIA LLP","BUY","18,58,720","7.10","-"
"15-JUL-2025","SMARTEN","Smarten Power Systems Ltd","MANSI SHARE AND STOCK BROKING PRIVATE LIMITED","SELL","1,14,000","148.62","-"
"15-JUL-2025","SOMATEX","Soma Textiles & Ind. Ltd.","DEVI TRADERS LLP","SELL","2,12,215","78.10","-"
"15-JUL-2025","SOMATEX","Soma Textiles & Ind. Ltd.","DEVI TRADERS LLP","BUY","3,05,730","77.62","-"
"15-JUL-2025","SOMATEX","Soma Textiles & Ind. Ltd.","NEO APEX SHARE BROKING SERVICES LLP","BUY","3,13,641","77.46","-"
"15-JUL-2025","SOMATEX","Soma Textiles & Ind. Ltd.","NEO APEX SHARE BROKING SERVICES LLP","SELL","3,13,641","78.23","-"
"15-JUL-2025","SUMEETINDS","Sumeet Ind Limited","MULTIPLIER SHARE & STOCK ADVISORS PRIVATE LIMITED","SELL","59,792","137.78","-"
"15-JUL-2025","TVSINVIT","TVS Infrastructure Trust","AMBIT WEALTH PRIVATE LIMITED","SELL","53,25,000","101.97","-"
"15-JUL-2025","TVSINVIT","TVS Infrastructure Trust","HARSHVARDHAN PROPERTIES PVT LTD","BUY","10,00,000","102.00","-"
"15-JUL-2025","TVSINVIT","TVS Infrastructure Trust","LARSEN & TOUBRO LIMITED","SELL","13,75,000","100.52","-"
"15-JUL-2025","TVSINVIT","TVS Infrastructure Trust","PHILLIP SERVICES INDIA PRIVATE LIMITED","SELL","4,00,000","102.00","-"
"15-JUL-2025","TVSINVIT","TVS Infrastructure Trust","PHILLIP SERVICES INDIA PRIVATE LIMITED","BUY","13,00,000","100.50","-"
"15-JUL-2025","TVSINVIT","TVS Infrastructure Trust","SARGAM RETAILS PRIVATE LIMITED","BUY","19,25,000","102.00","-"
"15-JUL-2025","TVSINVIT","TVS Infrastructure Trust","YASHVARDHAN ESTATE AND DEVELOPERS PRIVATE LIMITED","BUY","10,00,000","102.00","-"
"15-JUL-2025","UNIVASTU","Univastu India Limited","KRISHNA AWTAR KABRA","BUY","85,347","308.83","-"
"15-JUL-2025","UNIVASTU","Univastu India Limited","KRISHNA AWTAR KABRA","SELL","85,347","306.06","-"
"15-JUL-2025","VAISHALI","Vaishali Pharma Limited","KABRA  PRIYA","BUY","5,58,549","12.55","-"
"15-JUL-2025","VINEETLAB","Vineet Laboratories Ltd","SHYAM JI ENTERPRISE","SELL","46,405","30.49","-"
"15-JUL-2025","WHITEFORCE","Happy Square Outsourc S L","ISHAAN TRADEFIN LLP","SELL","81,600","77.34","-"
"15-JUL-2025","WHITEFORCE","Happy Square Outsourc S L","MANSI SHARE AND STOCK BROKING PRIVATE LIMITED","BUY","1,90,400","76.60","-"
"15-JUL-2025","WHITEFORCE","Happy Square Outsourc S L","NEO APEX VENTURE LLP","SELL","1,60,000","76.72","-"
"15-JUL-2025","WHITEFORCE","Happy Square Outsourc S L","TAVIJ BORKAR","BUY","62,400","78.59","-"
"15-JUL-2025","WINSOME","Winsome Yarns Limited","GLADIOLUS PROPERTY AND INVESTMENTS PRIVATE LIMITED","BUY","5,00,000","1.86","-"
"15-JUL-2025","WINSOME","Winsome Yarns Limited","PIYUSH SECURITIES PRIVATE LIMITED","SELL","5,27,850","1.86","-"