﻿"Date ","Symbol ","Security Name ","Client Name ","Buy / Sell ","Quantity Traded ","Trade Price / Wght. Avg. Price ","Remarks "
"03-JUL-2025","AKG","AKG Exim Limited","B2C CONSULTING LLP","SELL","14,21,414","14.00","-"
"03-JUL-2025","AKG","AKG Exim Limited","EPOCH SYNTHETICS PRIVATE LIMITED","BUY","5,00,000","14.00","-"
"03-JUL-2025","AKG","AKG Exim Limited","GROWTH SECURITIES PRIVATE LIMITED","SELL","3,594","14.12","-"
"03-JUL-2025","AKG","AKG Exim Limited","GROWTH SECURITIES PRIVATE LIMITED","BUY","7,03,594","14.00","-"
"03-JUL-2025","AKG","AKG Exim Limited","HARSHIT TOMAR","BUY","2,40,000","14.00","-"
"03-JUL-2025","AKG","AKG Exim Limited","KALAPI VINIT NAGADA","SELL","16,64,979","14.00","-"
"03-JUL-2025","AKG","AKG Exim Limited","MANSI SHARE AND STOCK BROKING PRIVATE LIMITED","BUY","7,00,000","14.00","-"
"03-JUL-2025","AKG","AKG Exim Limited","NEEL RAMESHBHAI GAJERA","BUY","3,00,000","14.00","-"
"03-JUL-2025","AKG","AKG Exim Limited","SONAL  CHAUHAN","BUY","6,00,000","14.00","-"
"03-JUL-2025","AKG","AKG Exim Limited","TSM FINANCIAL SERVICES PRIVATE LIMITED","SELL","5,57,929","13.92","-"
"03-JUL-2025","AKG","AKG Exim Limited","TSM FINANCIAL SERVICES PRIVATE LIMITED","SELL","7,52,406","14.00","-"
"03-JUL-2025","AKG","AKG Exim Limited","VIDYALAXMI AGENCIES PRIVATE LIMITED","BUY","7,29,952","14.02","-"
"03-JUL-2025","CPS","C P S Shapers Limited","TRANSACTION SQUARE LLP","SELL","14,700","719.48","-"
"03-JUL-2025","DELPHIFX","DELPHI WORLD MONEY LTD","NK SECURITIES RESEARCH PRIVATE LIMITED","BUY","69,267","224.20","-"
"03-JUL-2025","DELPHIFX","DELPHI WORLD MONEY LTD","NK SECURITIES RESEARCH PRIVATE LIMITED","SELL","69,651","224.62","-"
"03-JUL-2025","ELLEN","Ellenbarrie Indus Gases L","MOTILAL OSWAL MUTUAL FUND","BUY","9,00,000","567.11","-"
"03-JUL-2025","FALCONTECH","Falcon Technoproj Ind Ltd","AMIT KUMAR JAIN","SELL","28,800","28.75","-"
"03-JUL-2025","FALCONTECH","Falcon Technoproj Ind Ltd","AMIT KUMAR JAIN","BUY","40,800","28.77","-"
"03-JUL-2025","FALCONTECH","Falcon Technoproj Ind Ltd","G R D SECURITIES LIMITED","SELL","32,400","28.51","-"
"03-JUL-2025","FALCONTECH","Falcon Technoproj Ind Ltd","NEO APEX VENTURE LLP","BUY","37,200","19.30","-"
"03-JUL-2025","FALCONTECH","Falcon Technoproj Ind Ltd","NEO APEX VENTURE LLP","SELL","37,200","23.98","-"
"03-JUL-2025","FALCONTECH","Falcon Technoproj Ind Ltd","SHEETAL BHARAT PARIHAR","SELL","99,600","21.10","-"
"03-JUL-2025","FALCONTECH","Falcon Technoproj Ind Ltd","THE PATNA ELECTRIC SUPPLY COMPANY LIMITED","BUY","22,800","23.53","-"
"03-JUL-2025","FALCONTECH","Falcon Technoproj Ind Ltd","THE PATNA ELECTRIC SUPPLY COMPANY LIMITED","SELL","36,000","22.00","-"
"03-JUL-2025","GATECHDVR","GACM Technologies Limited","ALKABEN PRADIPKUMAR SHAH","SELL","28,97,686","0.64","-"
"03-JUL-2025","GATECHDVR","GACM Technologies Limited","ANKUSH RAJKUMAR DABHANE","BUY","1,00,00,000","0.64","-"
"03-JUL-2025","GATECHDVR","GACM Technologies Limited","ATUL KUMAR UPADHYAY","BUY","10,00,000","0.64","-"
"03-JUL-2025","GATECHDVR","GACM Technologies Limited","GOKALBHAI GHEMARBHAI CHAUDHRI","SELL","75,45,000","0.64","-"
"03-JUL-2025","GATECHDVR","GACM Technologies Limited","GURVINDER SINGH","BUY","13,50,000","0.64","-"
"03-JUL-2025","GATECHDVR","GACM Technologies Limited","GURVINDER SINGH","SELL","13,50,000","0.64","-"
"03-JUL-2025","GATECHDVR","GACM Technologies Limited","RAKESH KUMAR UPPAL AND SONS HUF","BUY","18,00,002","0.64","-"
"03-JUL-2025","GATECHDVR","GACM Technologies Limited","RAKESH KUMAR UPPAL AND SONS HUF","SELL","18,00,002","0.64","-"
"03-JUL-2025","GATECHDVR","GACM Technologies Limited","SHRI MUKTA SHARES","SELL","16,50,396","0.64","-"
"03-JUL-2025","GATECHDVR","GACM Technologies Limited","SHRI MUKTA SHARES","BUY","17,10,000","0.64","-"
"03-JUL-2025","GATECHDVR","GACM Technologies Limited","TEUDDY TECHNOLOGY PRIVATE LIMITED","SELL","68,05,768","0.64","-"
"03-JUL-2025","GRMOVER","GRM Overseas Limited","SAINT CAPITAL FUND","BUY","3,33,000","364.83","-"
"03-JUL-2025","IGCL","Indogulf Cropsciences Ltd","AU SMALL FINANCE BANK LIMITED","SELL","3,79,585","111.00","-"
"03-JUL-2025","IGCL","Indogulf Cropsciences Ltd","RAJASTHAN GLOBAL SECURITIES PVT LTD","SELL","3,79,723","111.00","-"
"03-JUL-2025","IGCL","Indogulf Cropsciences Ltd","SATISH SINGHAL","BUY","3,60,000","111.00","-"
"03-JUL-2025","IGCL","Indogulf Cropsciences Ltd","THE SOUTH INDIAN BANK LIMITED","SELL","3,77,490","111.17","-"
"03-JUL-2025","KAUSHALYA","Kaushalya Infrastructure","IRAGE BROKING SERVICES LLP","SELL","1,151","892.67","-"
"03-JUL-2025","KAUSHALYA","Kaushalya Infrastructure","IRAGE BROKING SERVICES LLP","BUY","1,792","910.29","-"
"03-JUL-2025","KAUSHALYA","Kaushalya Infrastructure","SANKET VIKRAMKUMAR DOSHI HUF","BUY","1,108","895.24","-"
"03-JUL-2025","KAUSHALYA","Kaushalya Infrastructure","SANKET VIKRAMKUMAR DOSHI HUF","SELL","1,752","910.29","-"
"03-JUL-2025","KCK","Kck Industries Limited","PRO FIN CAPITAL SERVICES LIMITED","SELL","5,55,000","43.17","-"
"03-JUL-2025","LLOYDSENPP","LLOYD Rs.0.50 ppd up","VISHAL VISHAWNATH TODI","SELL","20,00,000","55.11","-"
"03-JUL-2025","MANGLMCEM","Mangalam Cement Ltd","PILANI INVESTMENT AND INDUSTRIES CORPORATION LIMITED","SELL","5,00,000","758.00","-"
"03-JUL-2025","MANGLMCEM","Mangalam Cement Ltd","RAMBARA TRADING PRIVATE LIMITED","BUY","2,50,000","758.00","-"
"03-JUL-2025","MANGLMCEM","Mangalam Cement Ltd","VIDULA CONSULTANCY SERVICES LIMITED","BUY","2,50,000","758.00","-"
"03-JUL-2025","MMEL","Moving Media Enter Ltd","FLIGHTECH SOLUTIONS PRIVATE LIMITED","BUY","1,20,000","72.01","-"
"03-JUL-2025","MMEL","Moving Media Enter Ltd","GRETEX SHARE BROKING LIMITED","BUY","1,00,000","71.00","-"
"03-JUL-2025","MMEL","Moving Media Enter Ltd","LC RADIANCE FUND VCC","BUY","2,00,000","74.33","-"
"03-JUL-2025","MMEL","Moving Media Enter Ltd","VINEY EQUITY MARKET LLP","BUY","2,24,000","73.60","-"
"03-JUL-2025","MOBIKWIK","One Mobikwik Systems Ltd","AAKRAYA RESEARCH LLP","BUY","4,22,660","245.72","-"
"03-JUL-2025","MOBIKWIK","One Mobikwik Systems Ltd","AAKRAYA RESEARCH LLP","SELL","4,22,660","245.76","-"
"03-JUL-2025","PRIVISCL","Privi Speciality Che Ltd","RAJESH HARICHANDRA BUDHRANI","SELL","2,00,000","2,261.50","-"
"03-JUL-2025","PROFX","Pro FX Tech Limited","ABHAY KUMAR JAIN","BUY","99,200","95.00","-"
"03-JUL-2025","PROFX","Pro FX Tech Limited","AU SMALL FINANCE BANK LIMITED","SELL","1,39,200","95.00","-"
"03-JUL-2025","PROFX","Pro FX Tech Limited","BRN COMMODITIES & TRADING CO. PVT. LTD","BUY","99,200","95.00","-"
"03-JUL-2025","PROFX","Pro FX Tech Limited","LADNUN CONSULTANCY SERVICES LLP","BUY","99,200","95.00","-"
"03-JUL-2025","PROFX","Pro FX Tech Limited","NISHANT JAIN","BUY","96,000","95.00","-"
"03-JUL-2025","SADHNANIQ","Sadhana Nitrochem Limited","BADJATE STOCK BROKING PRIVATE LIMITED","SELL","20,00,000","7.64","-"
"03-JUL-2025","SADHNANIQ","Sadhana Nitrochem Limited","KLJ PLASTICIZERS LIMITED","SELL","80,94,000","7.88","-"
"03-JUL-2025","SADHNANIQ","Sadhana Nitrochem Limited","LIMITED BADJATE STOCK BROKING PRIVATE","SELL","78,29,604","8.25","-"
"03-JUL-2025","SADHNANIQ","Sadhana Nitrochem Limited","NEO APEX VENTURE LLP","BUY","47,00,000","7.64","-"
"03-JUL-2025","SADHNANIQ","Sadhana Nitrochem Limited","SIDDHIPRIYA DISTRIBUTORS PRIVATE LIMITED","SELL","24,38,082","7.94","-"
"03-JUL-2025","SAKSOFT","Saksoft Limited","GRAVITON RESEARCH CAPITAL LLP","SELL","11,41,881","221.89","-"
"03-JUL-2025","SAKSOFT","Saksoft Limited","GRAVITON RESEARCH CAPITAL LLP","BUY","11,41,881","221.65","-"
"03-JUL-2025","SAKSOFT","Saksoft Limited","MUSIGMA SECURITIES","BUY","7,36,217","223.91","-"
"03-JUL-2025","SAKSOFT","Saksoft Limited","MUSIGMA SECURITIES","SELL","7,36,217","224.03","-"
"03-JUL-2025","SAKSOFT","Saksoft Limited","QE SECURITIES LLP","BUY","9,54,442","222.96","-"
"03-JUL-2025","SAKSOFT","Saksoft Limited","QE SECURITIES LLP","SELL","9,74,298","222.65","-"
"03-JUL-2025","SIGACHI","Sigachi Industries Ltd","HRTI PRIVATE LIMITED","SELL","20,06,484","42.02","-"
"03-JUL-2025","SIGACHI","Sigachi Industries Ltd","HRTI PRIVATE LIMITED","BUY","21,88,782","41.99","-"
"03-JUL-2025","SIGACHI","Sigachi Industries Ltd","PREMLATHA AGARWAL","BUY","38,01,714","42.02","-"
"03-JUL-2025","SIGACHI","Sigachi Industries Ltd","PREMLATHA AGARWAL","SELL","38,03,888","42.13","-"
"03-JUL-2025","TRANSRAILL","Transrail Lighting Ltd","GRAVITON RESEARCH CAPITAL LLP","SELL","8,09,766","706.02","-"
"03-JUL-2025","TRANSRAILL","Transrail Lighting Ltd","GRAVITON RESEARCH CAPITAL LLP","BUY","8,09,766","705.41","-"
"03-JUL-2025","VAISHALI","Vaishali Pharma Limited","ALTAB USMANBHAI PATHAN","SELL","18,071","11.43","-"
"03-JUL-2025","VAISHALI","Vaishali Pharma Limited","ALTAB USMANBHAI PATHAN","BUY","7,50,000","11.46","-"
"03-JUL-2025","VAISHALI","Vaishali Pharma Limited","SHAH  NISHANT","SELL","7,47,082","11.46","-"