﻿"Date ","Symbol ","Security Name ","Client Name ","Buy / Sell ","Quantity Traded ","Trade Price / Wght. Avg. Price ","Remarks "
"27-JUN-2025","AAKAAR","Aakaar Medical Techno Ltd","ALACRITY SECURITIES LTD","BUY","1,23,200","75.00","-"
"27-JUN-2025","ANNAPURNA","Annapurna Swadisht Ltd","L7 HITECH PRIVATE LIMITED","SELL","1,09,500","285.00","-"
"27-JUN-2025","ANZEN","Anzen Ind Ene Yld Plu Tru","EDELWEISS INFRASTRUCTURE YIELD PLUS","SELL","28,00,000","112.56","-"
"27-JUN-2025","ATALREAL","Atal Realtech Limited","PASHUPATI CAPITA SER PVT LTD","BUY","8,50,000","19.76","-"
"27-JUN-2025","BTML","Bodhi Tree Multimedia Ltd","L7 HITECH PRIVATE LIMITED","SELL","13,06,966","7.81","-"
"27-JUN-2025","CAPTRU-RE","Capital Trust Ltd","MOONLIGHT EQUITY PRIVATE LIMITED","SELL","9,91,172","0.04","-"
"27-JUN-2025","CAPTRU-RE","Capital Trust Ltd","N L RUNGTA (HUF)","BUY","2,50,000","0.04","-"
"27-JUN-2025","CAPTRU-RE","Capital Trust Ltd","NITIN RUNGTA HUF","BUY","2,49,000","0.04","-"
"27-JUN-2025","CAPTRU-RE","Capital Trust Ltd","SHASHI RUNGTA","BUY","2,39,000","0.04","-"
"27-JUN-2025","CAPTRU-RE","Capital Trust Ltd","SUBHASH CHANDRA","BUY","8,27,906","0.04","-"
"27-JUN-2025","CAPTRU-RE","Capital Trust Ltd","YOGEN  KHOSLA","SELL","5,94,386","0.04","-"
"27-JUN-2025","CONFIPET","Confidence Petro Ind Ltd.","COHESION MK BEST IDEAS SUB-TRUST","SELL","33,60,709","51.86","-"
"27-JUN-2025","CUBEINVIT","Cube Highways Trust","CUBE MOBILITY INVESTMENTS PTE.LTD.","SELL","79,25,000","127.50","-"
"27-JUN-2025","GANGABATH","Ganga Bath Fittings Ltd","NEOMILE GROWTH FUND - SERIES I","BUY","2,46,000","36.00","-"
"27-JUN-2025","GANGABATH","Ganga Bath Fittings Ltd","RIKHAV SECURITIES LIMITED","SELL","3,33,000","36.15","-"
"27-JUN-2025","GATECHDVR","GACM Technologies Limited","AJAY KUMAR JAIN","BUY","12,55,000","0.90","-"
"27-JUN-2025","GATECHDVR","GACM Technologies Limited","GA TRADING COMPANY","BUY","12,00,001","0.90","-"
"27-JUN-2025","GATECHDVR","GACM Technologies Limited","GURVINDER SINGH","SELL","8,86,721","1.09","-"
"27-JUN-2025","GATECHDVR","GACM Technologies Limited","GURVINDER SINGH","BUY","17,42,612","1.06","-"
"27-JUN-2025","GATECHDVR","GACM Technologies Limited","MITHLESH CONSULTANCY LLP","SELL","50,00,000","1.10","-"
"27-JUN-2025","GATECHDVR","GACM Technologies Limited","N J SHARES & SECURITIES PVT.LTD.","SELL","12,84,793","0.98","-"
"27-JUN-2025","GATECHDVR","GACM Technologies Limited","N J SHARES & SECURITIES PVT.LTD.","BUY","14,53,793","0.95","-"
"27-JUN-2025","GATECHDVR","GACM Technologies Limited","NEELSAGAR CONSULTANCY SERVICES LLP","SELL","49,82,696","1.10","-"
"27-JUN-2025","GATECHDVR","GACM Technologies Limited","NEO APEX VENTURE LLP","SELL","10,00,000","0.91","-"
"27-JUN-2025","GATECHDVR","GACM Technologies Limited","NEO APEX VENTURE LLP","BUY","1,00,00,000","0.90","-"
"27-JUN-2025","GATECHDVR","GACM Technologies Limited","RAKESH KUMAR UPPAL","SELL","3,91,160","1.04","-"
"27-JUN-2025","GATECHDVR","GACM Technologies Limited","RAKESH KUMAR UPPAL","BUY","24,02,272","0.99","-"
"27-JUN-2025","GATECHDVR","GACM Technologies Limited","SHRI MUKTA SHARES","SELL","2,36,316","1.04","-"
"27-JUN-2025","GATECHDVR","GACM Technologies Limited","SHRI MUKTA SHARES","BUY","39,10,316","0.91","-"
"27-JUN-2025","GATECHDVR","GACM Technologies Limited","TEUDDY TECHNOLOGY PRIVATE LIMITED","BUY","83,00,000","1.10","-"
"27-JUN-2025","GATECHDVR","GACM Technologies Limited","TEUDDY TECHNOLOGY PRIVATE LIMITED","SELL","2,38,41,395","0.91","-"
"27-JUN-2025","HBSL","HB Stockholdings Limited","AVIRAT ENTERPRISE","SELL","60,000","111.00","-"
"27-JUN-2025","HBSL","HB Stockholdings Limited","IRAGE BROKING SERVICES LLP","BUY","8,577","112.48","-"
"27-JUN-2025","HBSL","HB Stockholdings Limited","IRAGE BROKING SERVICES LLP","SELL","36,613","112.05","-"
"27-JUN-2025","HBSL","HB Stockholdings Limited","KRISHNA AWTAR KABRA","SELL","1,81,171","113.55","-"
"27-JUN-2025","HBSL","HB Stockholdings Limited","KRISHNA AWTAR KABRA","BUY","1,93,148","113.01","-"
"27-JUN-2025","HBSL","HB Stockholdings Limited","PANKAJ DHANJI CHHEDA HUF","BUY","68,000","113.04","-"
"27-JUN-2025","HOACFOODS","Hoac Foods India Limited","VSPARTANS CONSULTANTS PRIVATE LIMITED","BUY","27,750","221.61","-"
"27-JUN-2025","HUBTOWN","Ackruti City Limited","GRAVITON RESEARCH CAPITAL LLP","SELL","7,29,122","256.87","-"
"27-JUN-2025","HUBTOWN","Ackruti City Limited","GRAVITON RESEARCH CAPITAL LLP","BUY","7,29,122","256.72","-"
"27-JUN-2025","MASTERTR","Master Trust Limited","HARNEESH KAUR ARORA","SELL","18,25,000","146.26","-"
"27-JUN-2025","MASTERTR","Master Trust Limited","RAJINDER KUMAR SINGHANIA","SELL","18,25,000","146.25","-"
"27-JUN-2025","MASTERTR","Master Trust Limited","SECUROCROP SECURITIES INDIA PRIVATE LIMITED","SELL","32,406","147.76","-"
"27-JUN-2025","MASTERTR","Master Trust Limited","SECUROCROP SECURITIES INDIA PRIVATE LIMITED","BUY","10,00,000","146.25","-"
"27-JUN-2025","MASTERTR","Master Trust Limited","SHARE INDIA SECURITIES LIMITED","SELL","5,757","150.33","-"
"27-JUN-2025","MASTERTR","Master Trust Limited","SHARE INDIA SECURITIES LIMITED","BUY","24,82,314","146.25","-"
"27-JUN-2025","MAYASHEEL","Mayasheel Ventures Ltd","CINCO STOCK VISION LLP","BUY","2,01,000","58.00","-"
"27-JUN-2025","MAYASHEEL","Mayasheel Ventures Ltd","DIVYA","BUY","3,00,000","58.01","-"
"27-JUN-2025","MAYASHEEL","Mayasheel Ventures Ltd","MANSI SHARE AND STOCK BROKING PRIVATE LIMITED","BUY","7,11,000","59.21","-"
"27-JUN-2025","MEDICO","Medico Remedies Limited","PASHUPATI CAPITA SER PVT LTD","BUY","1,52,000","48.99","-"
"27-JUN-2025","MEDICO","Medico Remedies Limited","PASHUPATI CAPITA SER PVT LTD","SELL","12,05,985","41.50","-"
"27-JUN-2025","MICEL","MIC Electronics Ltd","R R K ENTERPRISE PRIVATE LIMITED","SELL","25,50,000","53.94","-"
"27-JUN-2025","MITCON","MITCON Con","SANSO LONGCHAMP ASSET MANAGEMENT - INDIA GROWTH FUND","BUY","70,370","85.99","-"
"27-JUN-2025","MOBIKWIK","One Mobikwik Systems Ltd","AAKRAYA RESEARCH LLP","BUY","6,10,983","263.73","-"
"27-JUN-2025","MOBIKWIK","One Mobikwik Systems Ltd","AAKRAYA RESEARCH LLP","SELL","6,10,983","263.79","-"
"27-JUN-2025","MOBIKWIK","One Mobikwik Systems Ltd","GRAVITON RESEARCH CAPITAL LLP","BUY","8,54,667","264.33","-"
"27-JUN-2025","MOBIKWIK","One Mobikwik Systems Ltd","GRAVITON RESEARCH CAPITAL LLP","SELL","8,54,667","264.37","-"
"27-JUN-2025","MOBIKWIK","One Mobikwik Systems Ltd","HRTI PRIVATE LIMITED","BUY","4,63,432","263.18","-"
"27-JUN-2025","MOBIKWIK","One Mobikwik Systems Ltd","HRTI PRIVATE LIMITED","SELL","4,63,623","264.66","-"
"27-JUN-2025","MOBIKWIK","One Mobikwik Systems Ltd","QE SECURITIES LLP","SELL","5,64,388","263.91","-"
"27-JUN-2025","MOBIKWIK","One Mobikwik Systems Ltd","QE SECURITIES LLP","BUY","5,68,845","262.22","-"
"27-JUN-2025","PFOCUS","Prime Focus Limited","A2R HOLDINGS","BUY","1,51,15,057","113.00","-"
"27-JUN-2025","PFOCUS","Prime Focus Limited","NARESH MAHENDRANATH MALHOTRA","SELL","1,51,15,057","113.00","-"
"27-JUN-2025","PFOCUS","Prime Focus Limited","RAMDOOT REALTORS PVT LTD","SELL","17,66,467","136.22","-"
"27-JUN-2025","PFOCUS","Prime Focus Limited","RAMDOOT REALTORS PVT LTD","BUY","21,43,576","136.32","-"
"27-JUN-2025","RAJMET","Rajnandini Metal Limited","SURENDER  SHARMA","SELL","30,50,006","4.65","-"
"27-JUN-2025","SAFEENTP","Safe Enter Retail Fix Ltd","CINCO STOCK VISION LLP","BUY","3,00,000","158.55","-"
"27-JUN-2025","SAFEENTP","Safe Enter Retail Fix Ltd","DEVI TRADERS LLP","BUY","3,40,000","158.55","-"
"27-JUN-2025","SAFEENTP","Safe Enter Retail Fix Ltd","MANSI SHARE AND STOCK BROKING PRIVATE LIMITED","BUY","12,25,000","151.00","-"
"27-JUN-2025","SAFEENTP","Safe Enter Retail Fix Ltd","PASHUPATI CAPITA SER PVT LTD","BUY","5,00,000","158.55","-"
"27-JUN-2025","SUPERSPIN","Super Spinning Mills Ltd","MITTAL PUNEET","SELL","4,11,311","11.30","-"
"27-JUN-2025","SUPERSPIN","Super Spinning Mills Ltd","MITTAL PUNEET","BUY","4,11,311","11.36","-"