﻿"Date ","Symbol ","Security Name ","Client Name ","Buy / Sell ","Quantity Traded ","Trade Price / Wght. Avg. Price ","Remarks "
"15-SEP-2025","ANANTRAJ","Anant Raj Industries Limi","GRAVITON RESEARCH CAPITAL LLP","BUY","23,23,852","584.89","-"
"15-SEP-2025","ANANTRAJ","Anant Raj Industries Limi","GRAVITON RESEARCH CAPITAL LLP","SELL","23,23,852","585.21","-"
"15-SEP-2025","ANONDITA","Anondita Medicare Limited","NIKUNJ KAUSHIK SHAH","SELL","93,000","401.29","-"
"15-SEP-2025","ANONDITA","Anondita Medicare Limited","NIKUNJ KAUSHIK SHAH","BUY","93,000","399.01","-"
"15-SEP-2025","ANZEN","Anzen Ind Ene Yld Plu Tru","EDELWEISS INFRASTRUCTURE YIELD PLUS","SELL","10,00,000","115.00","-"
"15-SEP-2025","APOLLO","Apollo Micro Systems Ltd","HRTI PRIVATE LIMITED","BUY","15,26,300","332.06","-"
"15-SEP-2025","APOLLO","Apollo Micro Systems Ltd","HRTI PRIVATE LIMITED","SELL","16,74,056","333.56","-"
"15-SEP-2025","APOLLO","Apollo Micro Systems Ltd","JUNOMONETA FINSOL PRIVATE LIMITED","BUY","17,44,069","333.29","-"
"15-SEP-2025","APOLLO","Apollo Micro Systems Ltd","JUNOMONETA FINSOL PRIVATE LIMITED","SELL","17,44,069","333.45","-"
"15-SEP-2025","BANCOINDIA","Banco Products (I) Ltd","GRAVITON RESEARCH CAPITAL LLP","SELL","8,31,946","691.85","-"
"15-SEP-2025","BANCOINDIA","Banco Products (I) Ltd","GRAVITON RESEARCH CAPITAL LLP","BUY","8,31,946","691.34","-"
"15-SEP-2025","CLASSICEIL","Classic Electrode (Ind) L","MINT FOCUSED GROWTH FUND PCC- CELL 1","SELL","1,05,600","101.75","-"
"15-SEP-2025","CLASSICEIL","Classic Electrode (Ind) L","NIKHIL MITTHALAL DHAKAD","BUY","1,32,800","105.20","-"
"15-SEP-2025","CLASSICEIL","Classic Electrode (Ind) L","PARADISE MOON INVESTMENT FUND-I","BUY","1,77,600","99.93","-"
"15-SEP-2025","DBSTOCKBRO","DB (Int) Stock Brokers","ZALA SHAILENDRASINH C","BUY","1,42,700","29.43","-"
"15-SEP-2025","DBSTOCKBRO","DB (Int) Stock Brokers","ZALA SHAILENDRASINH C","SELL","2,04,610","28.68","-"
"15-SEP-2025","DENTA","Denta Water N Infra Sol L","HRTI PRIVATE LIMITED","BUY","1,38,067","414.49","-"
"15-SEP-2025","DENTA","Denta Water N Infra Sol L","HRTI PRIVATE LIMITED","SELL","1,63,082","412.21","-"
"15-SEP-2025","GPIL","Godawari Power And Ispat","GRAVITON RESEARCH CAPITAL LLP","SELL","34,27,873","266.73","-"
"15-SEP-2025","GPIL","Godawari Power And Ispat","GRAVITON RESEARCH CAPITAL LLP","BUY","34,27,873","266.57","-"
"15-SEP-2025","HOACFOODS","Hoac Foods India Limited","VSPARTANS CONSULTANTS PRIVATE LIMITED","BUY","26,250","238.51","-"
"15-SEP-2025","JBMA","JBM Auto Limited","GRAVITON RESEARCH CAPITAL LLP","SELL","18,65,693","746.64","-"
"15-SEP-2025","JBMA","JBM Auto Limited","GRAVITON RESEARCH CAPITAL LLP","BUY","18,65,693","746.09","-"
"15-SEP-2025","KAVDEFENCE","Kavveri Dfs & Wir Tec Ltd","D3 STOCK VISION LLP","BUY","1,13,332","84.65","-"
"15-SEP-2025","KAVDEFENCE","Kavveri Dfs & Wir Tec Ltd","D3 STOCK VISION LLP","SELL","1,46,484","86.68","-"
"15-SEP-2025","KAVDEFENCE","Kavveri Dfs & Wir Tec Ltd","MILLENNIUM STOCK BROKING PVT LTD","SELL","3,882","89.02","-"
"15-SEP-2025","KAVDEFENCE","Kavveri Dfs & Wir Tec Ltd","MILLENNIUM STOCK BROKING PVT LTD","BUY","1,03,450","84.94","-"
"15-SEP-2025","KAVDEFENCE","Kavveri Dfs & Wir Tec Ltd","NEO APEX SHARE BROKING SERVICES LLP","BUY","79,641","84.47","-"
"15-SEP-2025","KAVDEFENCE","Kavveri Dfs & Wir Tec Ltd","NEO APEX SHARE BROKING SERVICES LLP","SELL","2,60,866","84.70","-"
"15-SEP-2025","KESORAMIND","Kesoram Industries Ltd.","ABHISHEK SINGHANIA","BUY","18,85,000","5.23","-"
"15-SEP-2025","KMEW","Knowledge Marine & En W L","GRAVITON RESEARCH CAPITAL LLP","SELL","71,900","2,323.79","-"
"15-SEP-2025","KMEW","Knowledge Marine & En W L","GRAVITON RESEARCH CAPITAL LLP","BUY","71,900","2,321.65","-"
"15-SEP-2025","LAMBODHARA","Lambodhara Textiles Ltd.","RAJIV INDUR DADLANI","SELL","1,00,000","142.74","-"
"15-SEP-2025","LAXMIDENTL","Laxmi Dental Limited","ABU DHABI INVESTMENT AUTHORITY","SELL","5,58,163","303.01","-"
"15-SEP-2025","LAXMIDENTL","Laxmi Dental Limited","ICICI PRUDENTIAL MUTUAL FUND","BUY","8,62,523","303.00","-"
"15-SEP-2025","MDL","Marvel Decor Limited","ASHOK RAMNIKLAL PAUN","SELL","1,05,000","85.40","-"
"15-SEP-2025","MDL","Marvel Decor Limited","ISHAVASYAM TRUST","BUY","1,00,000","85.38","-"
"15-SEP-2025","MEDISTEP","Medistep Healthcare Ltd","KABRA KAILASH","SELL","90,000","31.26","-"
"15-SEP-2025","MICEL","MIC Electronics Ltd","HRTI PRIVATE LIMITED","SELL","16,97,417","71.12","-"
"15-SEP-2025","MICEL","MIC Electronics Ltd","HRTI PRIVATE LIMITED","BUY","18,57,797","70.98","-"
"15-SEP-2025","MICEL","MIC Electronics Ltd","JUNOMONETA FINSOL PRIVATE LIMITED","SELL","13,14,775","71.23","-"
"15-SEP-2025","MICEL","MIC Electronics Ltd","JUNOMONETA FINSOL PRIVATE LIMITED","BUY","13,14,775","71.18","-"
"15-SEP-2025","MOBIKWIK","One Mobikwik Systems Ltd","HRTI PRIVATE LIMITED","BUY","8,63,846","306.12","-"
"15-SEP-2025","MOBIKWIK","One Mobikwik Systems Ltd","HRTI PRIVATE LIMITED","SELL","9,05,863","307.72","-"
"15-SEP-2025","MOBIKWIK","One Mobikwik Systems Ltd","JUMP TRADING FINANCIAL INDIA PRIVATE LIMITED","BUY","4,71,534","305.29","-"
"15-SEP-2025","MOBIKWIK","One Mobikwik Systems Ltd","JUMP TRADING FINANCIAL INDIA PRIVATE LIMITED","SELL","4,71,534","303.85","-"
"15-SEP-2025","MOBIKWIK","One Mobikwik Systems Ltd","JUNOMONETA FINSOL PRIVATE LIMITED","BUY","9,39,272","307.26","-"
"15-SEP-2025","MOBIKWIK","One Mobikwik Systems Ltd","JUNOMONETA FINSOL PRIVATE LIMITED","SELL","9,39,272","307.38","-"
"15-SEP-2025","MOBIKWIK","One Mobikwik Systems Ltd","QE SECURITIES LLP","BUY","5,08,935","305.29","-"
"15-SEP-2025","MOBIKWIK","One Mobikwik Systems Ltd","QE SECURITIES LLP","SELL","5,09,006","306.05","-"
"15-SEP-2025","MOSCHIP","Moschip Technologies Ltd","HRTI PRIVATE LIMITED","BUY","14,89,487","264.66","-"
"15-SEP-2025","MOSCHIP","Moschip Technologies Ltd","HRTI PRIVATE LIMITED","SELL","15,59,787","264.38","-"
"15-SEP-2025","MOSCHIP","Moschip Technologies Ltd","JUNOMONETA FINSOL PRIVATE LIMITED","BUY","13,46,250","265.12","-"
"15-SEP-2025","MOSCHIP","Moschip Technologies Ltd","JUNOMONETA FINSOL PRIVATE LIMITED","SELL","13,46,250","265.20","-"
"15-SEP-2025","NAGREEKEXP","Nagreeka Exports Limited","SHUBHALAKSHMI POLYESTERS LIMITED","SELL","20,000","36.37","-"
"15-SEP-2025","NAGREEKEXP","Nagreeka Exports Limited","SHUBHALAKSHMI POLYESTERS LIMITED","BUY","1,60,000","33.57","-"
"15-SEP-2025","NIRMAN","Nirman Agri Gentics Ltd","PRANAV KAILAS BAGAL","SELL","1,05,000","172.45","-"
"15-SEP-2025","PARAGMILK","Parag Milk Foods Ltd.","GRAVITON RESEARCH CAPITAL LLP","SELL","13,15,792","305.04","-"
"15-SEP-2025","PARAGMILK","Parag Milk Foods Ltd.","GRAVITON RESEARCH CAPITAL LLP","BUY","13,15,792","304.89","-"
"15-SEP-2025","QMSMEDI-RE","QMS Medi Ltd","SHETH INVESTMENTS","BUY","11,039","9.87","-"
"15-SEP-2025","RUSHIL","Rushil Decor Limited","NV ALPHA FUND MANAGEMENT LLP","BUY","26,00,000","32.00","-"
"15-SEP-2025","RUSHIL","Rushil Decor Limited","SAJJAN BHAJANKA","SELL","16,83,322","32.00","-"
"15-SEP-2025","SANCO","Sanco Industries Ltd.","GURPREET SINGH BEDI","BUY","525","1.85","-"
"15-SEP-2025","SANCO","Sanco Industries Ltd.","GURPREET SINGH BEDI","SELL","70,276","1.90","-"
"15-SEP-2025","SARTELE","Sar Televenture Limited","PRIMUS OVERSEAS PRIVATE LIMITED","SELL","4,99,500","200.88","-"
"15-SEP-2025","SBC","SBC Exports Limited","RAPIDO SECURITIES PRIVATE LIMITED","SELL","2,88,228","22.19","-"
"15-SEP-2025","SBC","SBC Exports Limited","RAPIDO SECURITIES PRIVATE LIMITED","BUY","24,75,913","22.18","-"
"15-SEP-2025","SIGACHI","Sigachi Industries Ltd","ACME CAPITAL MARKET LIMITED","BUY","27,51,121","44.89","-"
"15-SEP-2025","SIGACHI","Sigachi Industries Ltd","ACME CAPITAL MARKET LIMITED","SELL","27,51,121","44.54","-"
"15-SEP-2025","SIGACHI","Sigachi Industries Ltd","GRAVITON RESEARCH CAPITAL LLP","BUY","94,00,024","44.86","-"
"15-SEP-2025","SIGACHI","Sigachi Industries Ltd","GRAVITON RESEARCH CAPITAL LLP","SELL","94,00,024","44.91","-"
"15-SEP-2025","SIGACHI","Sigachi Industries Ltd","HRTI PRIVATE LIMITED","SELL","67,79,070","44.55","-"
"15-SEP-2025","SIGACHI","Sigachi Industries Ltd","HRTI PRIVATE LIMITED","BUY","70,73,958","44.41","-"
"15-SEP-2025","SIGACHI","Sigachi Industries Ltd","IRAGE BROKING SERVICES LLP","SELL","19,21,452","44.16","-"
"15-SEP-2025","SIGACHI","Sigachi Industries Ltd","IRAGE BROKING SERVICES LLP","BUY","27,02,718","44.70","-"
"15-SEP-2025","SIGACHI","Sigachi Industries Ltd","JUMP TRADING FINANCIAL INDIA PRIVATE LIMITED","BUY","32,77,237","45.30","-"
"15-SEP-2025","SIGACHI","Sigachi Industries Ltd","JUMP TRADING FINANCIAL INDIA PRIVATE LIMITED","SELL","32,77,237","45.38","-"
"15-SEP-2025","SIGACHI","Sigachi Industries Ltd","JUNOMONETA FINSOL PRIVATE LIMITED","BUY","1,10,17,571","44.74","-"
"15-SEP-2025","SIGACHI","Sigachi Industries Ltd","JUNOMONETA FINSOL PRIVATE LIMITED","SELL","1,10,17,571","44.77","-"
"15-SEP-2025","SIGACHI","Sigachi Industries Ltd","MATHISYS ADVISORS LLP","SELL","25,45,547","44.98","-"
"15-SEP-2025","SIGACHI","Sigachi Industries Ltd","MATHISYS ADVISORS LLP","BUY","25,70,696","44.92","-"
"15-SEP-2025","SIGACHI","Sigachi Industries Ltd","MUSIGMA SECURITIES","BUY","21,15,736","44.77","-"
"15-SEP-2025","SIGACHI","Sigachi Industries Ltd","MUSIGMA SECURITIES","SELL","21,15,736","44.78","-"
"15-SEP-2025","SIGACHI","Sigachi Industries Ltd","QE SECURITIES LLP","BUY","61,56,880","44.92","-"
"15-SEP-2025","SIGACHI","Sigachi Industries Ltd","QE SECURITIES LLP","SELL","62,13,015","44.88","-"
"15-SEP-2025","SNEHAA","Snehaa Organics Limited","NEO APEX VENTURE LLP","BUY","72,000","85.30","-"
"15-SEP-2025","TCL","Thaai Casting Limited","APT AGROTECH INDUSTRIES PRIVATE LIMITED","SELL","1,20,000","129.90","-"
"15-SEP-2025","TCL","Thaai Casting Limited","APT REAL ESTATES PRIVATE LIMITED","BUY","1,20,000","129.90","-"
"15-SEP-2025","TGL","Teerth Gopicon Limited","NEO APEX VENTURE LLP","SELL","23,800","57.90","-"
"15-SEP-2025","TGL","Teerth Gopicon Limited","NEO APEX VENTURE LLP","BUY","1,16,400","57.90","-"
"15-SEP-2025","VAISHALI","Vaishali Pharma Limited","SHAH  NISHANT","BUY","5,43,538","12.31","-"
"15-SEP-2025","VEEDOL","Veedol Corporation Ltd","J R SPECIALITY CHEMICALS PRIVATE LIMITED","BUY","2,000","1,962.67","-"
"15-SEP-2025","VEEDOL","Veedol Corporation Ltd","J R SPECIALITY CHEMICALS PRIVATE LIMITED","SELL","1,56,500","1,931.26","-"
"15-SEP-2025","VEEDOL","Veedol Corporation Ltd","STANDARD GREASES AND SPECIALITIES PRIVATE LIMITED","BUY","3,42,800","1,928.12","-"
"15-SEP-2025","VIGOR","Vigor Plast India Limited","ABHAIKUMAR AMOLAKCHAND NAHAR","BUY","1,00,800","87.43","-"
"15-SEP-2025","VIGOR","Vigor Plast India Limited","SANDEEP SINGH","BUY","54,400","84.91","-"