﻿"Date ","Symbol ","Security Name ","Client Name ","Buy / Sell ","Quantity Traded ","Trade Price / Wght. Avg. Price ","Remarks "
"06-JUN-2025","AGSTRA","AGS Transact Tech Ltd","DEVI TRADERS LLP","BUY","10,23,002","5.19","-"
"06-JUN-2025","AGSTRA","AGS Transact Tech Ltd","ISHAAN TRADEFIN LLP","SELL","6,42,984","5.16","-"
"06-JUN-2025","ARVSMART","Arvind SmartSpaces Ltd","KAUSALYA REALSERVE LLP .","SELL","5,03,038","695.39","-"
"06-JUN-2025","ATALREAL","Atal Realtech Limited","PASHUPATI CAPITA SER PVT LTD","BUY","14,957","16.45","-"
"06-JUN-2025","ATALREAL","Atal Realtech Limited","PASHUPATI CAPITA SER PVT LTD","SELL","9,54,639","16.22","-"
"06-JUN-2025","AVANTEL","Avantel Limited","LAKSHMEE FOUNDATION","SELL","15,00,000","174.38","-"
"06-JUN-2025","AZAD","Azad Engineering Limited","F3 ADVISORS PRIVATE LIMITED","BUY","4,31,123","1,620.23","-"
"06-JUN-2025","AZAD","Azad Engineering Limited","F3 ADVISORS PRIVATE LIMITED","SELL","4,36,606","1,624.75","-"
"06-JUN-2025","AZAD","Azad Engineering Limited","GRAVITON RESEARCH CAPITAL LLP","BUY","3,35,194","1,620.87","-"
"06-JUN-2025","AZAD","Azad Engineering Limited","GRAVITON RESEARCH CAPITAL LLP","SELL","3,35,194","1,618.87","-"
"06-JUN-2025","AZAD","Azad Engineering Limited","IRAGE BROKING SERVICES LLP","SELL","1,66,172","1,611.47","-"
"06-JUN-2025","AZAD","Azad Engineering Limited","IRAGE BROKING SERVICES LLP","BUY","8,33,234","1,627.33","-"
"06-JUN-2025","AZAD","Azad Engineering Limited","MANSI SHARE AND STOCK ADVISORS PVT LTD","BUY","4,22,821","1,621.31","-"
"06-JUN-2025","AZAD","Azad Engineering Limited","MANSI SHARE AND STOCK ADVISORS PVT LTD","SELL","6,17,821","1,614.05","-"
"06-JUN-2025","AZAD","Azad Engineering Limited","NOMURA INDIA INVESTMENT FUND MOTHER FUND","BUY","4,10,515","1,616.85","-"
"06-JUN-2025","AZAD","Azad Engineering Limited","RAKESH CHOPDAR","SELL","31,67,702","1,623.78","-"
"06-JUN-2025","BAJAJFINSV","Bajaj Finserv Limited","BAJAJ HOLDINGS AND INVESTMENT LIMITED","SELL","1,04,00,000","1,925.20","-"
"06-JUN-2025","BAJAJFINSV","Bajaj Finserv Limited","JAMNALAL SONS PRIVATE LIMITED","SELL","1,82,00,000","1,925.20","-"
"06-JUN-2025","CHAMUNDA","Chamunda Electrical Ltd","EUROPLUS ONE REALTY PRIVATE LIMITED","BUY","63,000","43.69","-"
"06-JUN-2025","CHAMUNDA","Chamunda Electrical Ltd","FINAVENUE GROWTH FUND","SELL","90,000","43.05","-"
"06-JUN-2025","GENSOL","Gensol Engineering Ltd","MULTIPLIER SHARE & STOCK ADVISORS PRIVATE LIMITED","BUY","3,88,000","54.75","-"
"06-JUN-2025","JAYSREETEA","Jayashree Tea Ltd.","MAHAVEER EQUIBIZ","SELL","1,46,208","114.97","-"
"06-JUN-2025","MADHAV","Madhav Marbles and Granit","MITTAL PUNEET","BUY","53,290","51.21","-"
"06-JUN-2025","MADHAV","Madhav Marbles and Granit","MITTAL PUNEET","SELL","58,784","51.23","-"
"06-JUN-2025","MAHASTEEL","Mahamaya Steel Inds Ltd","KULDIP SINGH RATHEE","BUY","90,000","302.00","-"
"06-JUN-2025","MAHLIFE-RE","Mahindra Lifespace RE","VANGUARD ESG INTERNATIONAL STOCK ETF","SELL","5,27,307","63.60","-"
"06-JUN-2025","MCON","Mcon Rasayan India Ltd","EUROPLUS ONE REALTY PRIVATE LIMITED","BUY","44,000","114.95","-"
"06-JUN-2025","OLIL","Oneclick Logistics Ind L","JYOTI AJAY KUMAR GUPTA","SELL","24,000","182.32","-"
"06-JUN-2025","PREMIUM","Premium Plast Limited","ANKIT GIRISHBHAI KANAKIA","SELL","1,11,000","43.00","-"
"06-JUN-2025","PREMIUM","Premium Plast Limited","CATALYST NEW INDIA FUND","BUY","2,49,000","43.00","-"
"06-JUN-2025","PREMIUM","Premium Plast Limited","PARASRAMPURIA FINSTOCK PRIVATE LIMITED","SELL","1,02,000","43.00","-"
"06-JUN-2025","RAMASTEEL","Rama Steel Tubes Limited","GRAVITON RESEARCH CAPITAL LLP","BUY","79,50,170","14.17","-"
"06-JUN-2025","RAMASTEEL","Rama Steel Tubes Limited","GRAVITON RESEARCH CAPITAL LLP","SELL","79,50,170","14.18","-"
"06-JUN-2025","RAMASTEEL","Rama Steel Tubes Limited","HRTI PRIVATE LIMITED","SELL","80,36,841","14.12","-"
"06-JUN-2025","RAMASTEEL","Rama Steel Tubes Limited","HRTI PRIVATE LIMITED","BUY","80,52,278","14.12","-"
"06-JUN-2025","RBLBANK","RBL Bank Limited","OXBOW MASTER FUND LIMITED","SELL","38,70,511","210.34","-"
"06-JUN-2025","RKFORGE","Ramkrishna Forgings Ltd","GRAVITON RESEARCH CAPITAL LLP","SELL","10,55,882","650.37","-"
"06-JUN-2025","RKFORGE","Ramkrishna Forgings Ltd","GRAVITON RESEARCH CAPITAL LLP","BUY","10,55,882","649.75","-"
"06-JUN-2025","SRPL","Shree Ram Proteins Ltd.","HARBIR SINGH CHADHA","SELL","12,98,898","0.73","-"
"06-JUN-2025","UNIVASTU","Univastu India Limited","VARUN KRISHNAVTAR KABRA","SELL","66,680","250.63","-"
"06-JUN-2025","UNIVASTU","Univastu India Limited","VARUN KRISHNAVTAR KABRA","BUY","66,680","247.83","-"
"06-JUN-2025","USHAFIN","Usha Financial Services L","COPTHALL MAURITIUS INVESTMENT LIMITED","SELL","1,23,200","79.40","-"
"06-JUN-2025","USHAFIN","Usha Financial Services L","EPOCH SYNTHETICS PRIVATE LIMITED","BUY","1,20,000","79.40","-"
"06-JUN-2025","ZFCVINDIA","ZF Com Ve Ctr Sys Ind Ltd","ADITYA BIRLA SUNLIFE MUTUAL FUND","BUY","1,23,109","13,191.00","-"
"06-JUN-2025","ZFCVINDIA","ZF Com Ve Ctr Sys Ind Ltd","FRANKLIN TEMPLETON MUTUAL FUND","BUY","1,40,217","13,191.00","-"
"06-JUN-2025","ZFCVINDIA","ZF Com Ve Ctr Sys Ind Ltd","SUNDARAM MUTUAL FUND","BUY","1,23,113","13,191.00","-"
"06-JUN-2025","ZFCVINDIA","ZF Com Ve Ctr Sys Ind Ltd","WABCO ASIA PRIVATE LIMITED","SELL","6,00,133","13,191.00","-"