﻿"Date ","Symbol ","Security Name ","Client Name ","Buy / Sell ","Quantity Traded ","Trade Price / Wght. Avg. Price ","Remarks "
"20-JUN-2025","AAKASH","Aakash Exploration Ser L","MUDUPULAVEMULA SURENDRANADHA REDDY","BUY","8,30,175","12.82","-"
"20-JUN-2025","AAKASH","Aakash Exploration Ser L","MUDUPULAVEMULA SURENDRANADHA REDDY","SELL","8,30,175","12.85","-"
"20-JUN-2025","AEROFLEX","Aeroflex Industries Ltd","AAKRAYA RESEARCH LLP","SELL","13,55,574","207.66","-"
"20-JUN-2025","AEROFLEX","Aeroflex Industries Ltd","AAKRAYA RESEARCH LLP","BUY","13,55,574","207.54","-"
"20-JUN-2025","AEROFLEX","Aeroflex Industries Ltd","ELIXIR WEALTH MANAGEMENT PRIVATE LIMITED","BUY","9,78,051","207.67","-"
"20-JUN-2025","AEROFLEX","Aeroflex Industries Ltd","ELIXIR WEALTH MANAGEMENT PRIVATE LIMITED","SELL","9,98,251","207.82","-"
"20-JUN-2025","AEROFLEX","Aeroflex Industries Ltd","GRAVITON RESEARCH CAPITAL LLP","BUY","32,29,855","207.18","-"
"20-JUN-2025","AEROFLEX","Aeroflex Industries Ltd","GRAVITON RESEARCH CAPITAL LLP","SELL","32,29,855","207.41","-"
"20-JUN-2025","AEROFLEX","Aeroflex Industries Ltd","HRTI PRIVATE LIMITED","SELL","19,47,473","207.30","-"
"20-JUN-2025","AEROFLEX","Aeroflex Industries Ltd","HRTI PRIVATE LIMITED","BUY","20,64,888","207.09","-"
"20-JUN-2025","AEROFLEX","Aeroflex Industries Ltd","IRAGE BROKING SERVICES LLP","SELL","7,40,424","207.32","-"
"20-JUN-2025","AEROFLEX","Aeroflex Industries Ltd","IRAGE BROKING SERVICES LLP","BUY","11,19,000","208.06","-"
"20-JUN-2025","AEROFLEX","Aeroflex Industries Ltd","MICROCURVES TRADING PRIVATE LIMITED","BUY","14,10,558","207.82","-"
"20-JUN-2025","AEROFLEX","Aeroflex Industries Ltd","MICROCURVES TRADING PRIVATE LIMITED","SELL","14,10,558","208.01","-"
"20-JUN-2025","AEROFLEX","Aeroflex Industries Ltd","MUSIGMA SECURITIES","BUY","28,45,986","208.30","-"
"20-JUN-2025","AEROFLEX","Aeroflex Industries Ltd","MUSIGMA SECURITIES","SELL","28,45,986","208.38","-"
"20-JUN-2025","AEROFLEX","Aeroflex Industries Ltd","NK SECURITIES RESEARCH PRIVATE LIMITED","BUY","29,33,410","208.12","-"
"20-JUN-2025","AEROFLEX","Aeroflex Industries Ltd","NK SECURITIES RESEARCH PRIVATE LIMITED","SELL","29,33,410","208.22","-"
"20-JUN-2025","AEROFLEX","Aeroflex Industries Ltd","PACE STOCK BROKING SERVICES PVT LTD","BUY","8,04,604","206.73","-"
"20-JUN-2025","AEROFLEX","Aeroflex Industries Ltd","PACE STOCK BROKING SERVICES PVT LTD","SELL","8,04,854","206.83","-"
"20-JUN-2025","AEROFLEX","Aeroflex Industries Ltd","QE SECURITIES LLP","SELL","26,41,054","208.31","-"
"20-JUN-2025","AEROFLEX","Aeroflex Industries Ltd","QE SECURITIES LLP","BUY","26,63,271","208.15","-"
"20-JUN-2025","AEROFLEX","Aeroflex Industries Ltd","SHARE INDIA SECURITIES LIMITED","BUY","16,18,151","209.50","-"
"20-JUN-2025","AEROFLEX","Aeroflex Industries Ltd","SHARE INDIA SECURITIES LIMITED","SELL","16,18,151","209.44","-"
"20-JUN-2025","ARIHANTACA","Arihant Academy Limited","NILESH KANTILAL SHAH","SELL","75,200","275.00","-"
"20-JUN-2025","ARIHANTACA","Arihant Academy Limited","SHRENI SHARES PVT","BUY","1,00,000","275.00","-"
"20-JUN-2025","BEML","BEML Limited","HRTI PRIVATE LIMITED","SELL","1,81,015","4,563.79","-"
"20-JUN-2025","BEML","BEML Limited","HRTI PRIVATE LIMITED","BUY","2,42,480","4,584.40","-"
"20-JUN-2025","CAPTRUST","Capital Trust Limited","YOGEN  KHOSLA","SELL","1,01,115","82.02","-"
"20-JUN-2025","ETHOS-RE","Ethos Limited","BANDHAN MUTUAL FUND","BUY","30,632","790.00","-"
"20-JUN-2025","ETHOS-RE","Ethos Limited","GOLDMAN SACHS FUNDS - GOLDMAN SACHS INDIA EQUITY PORTFOLIO","SELL","31,939","792.53","-"
"20-JUN-2025","FCL","Fineotex Chemical Limited","GRAVITON RESEARCH CAPITAL LLP","BUY","7,82,179","283.16","-"
"20-JUN-2025","FCL","Fineotex Chemical Limited","GRAVITON RESEARCH CAPITAL LLP","SELL","7,82,179","283.33","-"
"20-JUN-2025","FINOPB","Fino Payments Bank Ltd","CRONY VYAPAR PVT LTD","BUY","7,06,982","291.79","-"
"20-JUN-2025","FINOPB","Fino Payments Bank Ltd","CRONY VYAPAR PVT LTD","SELL","7,08,882","291.70","-"
"20-JUN-2025","HEADSUP","Heads UP Ventures Limited","SKYBRIDGE INCAP ADVISORY LLP","SELL","2,17,679","9.87","-"
"20-JUN-2025","IEL","Indiabulls Ent Ltd","CAPRI GLOBAL HOLDINGS PRIVATE LIMITED","BUY","11,00,000","25.36","-"
"20-JUN-2025","IEL","Indiabulls Ent Ltd","RISHIKESH PARTHASARATHI","SELL","11,85,829","25.32","-"
"20-JUN-2025","IITL","Industrial Inv Trust Ltd","PRATIK M SHETH","BUY","5,00,000","173.00","-"
"20-JUN-2025","IITL","Industrial Inv Trust Ltd","SIX SIGMA INVESTMENTS FUND","SELL","5,00,000","173.00","-"
"20-JUN-2025","INDIACEM","The India Cements Limited","FRANKLIN TEMPLETON MUTUAL FUND","BUY","20,37,333","310.17","-"
"20-JUN-2025","JAINIK","Jainik Power Cables Ltd","CLARITY ROADLINK PVT LTD","BUY","1,50,000","71.10","-"
"20-JUN-2025","JAINIK","Jainik Power Cables Ltd","MANSI SHARE AND STOCK BROKING PRIVATE LIMITED","SELL","74,400","71.10","-"
"20-JUN-2025","JAINIK","Jainik Power Cables Ltd","MJ ENTERPRISES PRIVATE LIMITED","BUY","1,03,200","71.11","-"
"20-JUN-2025","KBCGLOBAL","KBC Global Limited","ACHINTYA SECURITIES PRIVATE LIMITED","SELL","2,92,58,242","0.51","-"
"20-JUN-2025","KBCGLOBAL","KBC Global Limited","ACHINTYA SECURITIES PRIVATE LIMITED","BUY","3,44,65,865","0.51","-"
"20-JUN-2025","KBCGLOBAL","KBC Global Limited","ANKITA VISHAL SHAH","SELL","3,38,54,183","0.51","-"
"20-JUN-2025","KBCGLOBAL","KBC Global Limited","ANKITA VISHAL SHAH","BUY","3,44,63,378","0.51","-"
"20-JUN-2025","MAGSON","Magson Retail And Dist L","KHODEEAR ENTERPRISE LLP LLP","BUY","1,10,000","140.00","-"
"20-JUN-2025","MAGSON","Magson Retail And Dist L","PARESHBHAI KALIDAS SHAH","SELL","1,06,000","140.00","-"
"20-JUN-2025","MICEL","MIC Electronics Ltd","R R K ENTERPRISE PRIVATE LIMITED","SELL","21,42,322","54.07","-"
"20-JUN-2025","NORTHARC","Northern Arc Capital Ltd","360 ONE SPECIAL OPPORTUNITIES FUND - SERIES 4","SELL","74,83,212","195.71","-"
"20-JUN-2025","NORTHARC","Northern Arc Capital Ltd","360 ONE SPECIAL OPPORTUNITIES FUND - SERIES 5","SELL","61,55,963","196.85","-"
"20-JUN-2025","NORTHARC","Northern Arc Capital Ltd","360 ONE SPECIAL OPPORTUNITIES FUND - SERIES 7","SELL","57,61,623","198.74","-"
"20-JUN-2025","NORTHARC","Northern Arc Capital Ltd","BNP PARIBAS FINANCIAL MARKETS","BUY","8,67,328","202.46","-"
"20-JUN-2025","NORTHARC","Northern Arc Capital Ltd","COHESION MK BEST IDEAS SUB-TRUST","BUY","10,00,000","208.83","-"
"20-JUN-2025","NORTHARC","Northern Arc Capital Ltd","EPITOME TRADING AND INVESTMENTS","SELL","4,82,502","197.73","-"
"20-JUN-2025","NORTHARC","Northern Arc Capital Ltd","EPITOME TRADING AND INVESTMENTS","BUY","8,84,502","195.88","-"
"20-JUN-2025","NORTHARC","Northern Arc Capital Ltd","GRAVITON RESEARCH CAPITAL LLP","BUY","12,16,154","202.14","-"
"20-JUN-2025","NORTHARC","Northern Arc Capital Ltd","GRAVITON RESEARCH CAPITAL LLP","SELL","12,16,154","202.39","-"
"20-JUN-2025","NORTHARC","Northern Arc Capital Ltd","HRTI PRIVATE LIMITED","SELL","8,44,210","202.53","-"
"20-JUN-2025","NORTHARC","Northern Arc Capital Ltd","HRTI PRIVATE LIMITED","BUY","9,03,682","202.11","-"
"20-JUN-2025","NORTHARC","Northern Arc Capital Ltd","IRAGE BROKING SERVICES LLP","SELL","5,60,984","200.40","-"
"20-JUN-2025","NORTHARC","Northern Arc Capital Ltd","IRAGE BROKING SERVICES LLP","BUY","29,34,015","199.75","-"
"20-JUN-2025","NORTHARC","Northern Arc Capital Ltd","JALIYAN COMMODITY","SELL","12,51,500","202.27","-"
"20-JUN-2025","NORTHARC","Northern Arc Capital Ltd","JALIYAN COMMODITY","BUY","13,10,500","196.51","-"
"20-JUN-2025","NORTHARC","Northern Arc Capital Ltd","MANSI SHARE AND STOCK BROKING PRIVATE LIMITED","BUY","11,50,249","196.14","-"
"20-JUN-2025","NORTHARC","Northern Arc Capital Ltd","MANSI SHARE AND STOCK BROKING PRIVATE LIMITED","SELL","11,50,249","200.76","-"
"20-JUN-2025","NORTHARC","Northern Arc Capital Ltd","MARWADI CHANDARANA INTERMEDIARIES BROKERS PRIVATE LIMITED","SELL","6,45,024","202.34","-"
"20-JUN-2025","NORTHARC","Northern Arc Capital Ltd","MARWADI CHANDARANA INTERMEDIARIES BROKERS PRIVATE LIMITED","BUY","8,38,024","200.64","-"
"20-JUN-2025","NORTHARC","Northern Arc Capital Ltd","PM CONSULTANCY","BUY","8,00,000","196.80","-"
"20-JUN-2025","NORTHARC","Northern Arc Capital Ltd","PM CONSULTANCY","SELL","8,50,000","203.99","-"
"20-JUN-2025","NORTHARC","Northern Arc Capital Ltd","SHARE INDIA SECURITIES LIMITED","SELL","17,95,249","199.77","-"
"20-JUN-2025","NORTHARC","Northern Arc Capital Ltd","SHARE INDIA SECURITIES LIMITED","BUY","18,46,249","198.63","-"
"20-JUN-2025","OLIL","Oneclick Logistics Ind L","GIRISH V BHATT HUF","SELL","36,000","185.50","-"
"20-JUN-2025","PROSTARM","Prostarm Info Systems Ltd","HRTI PRIVATE LIMITED","BUY","4,05,317","130.55","-"
"20-JUN-2025","PROSTARM","Prostarm Info Systems Ltd","HRTI PRIVATE LIMITED","SELL","4,85,872","129.87","-"
"20-JUN-2025","PROSTARM","Prostarm Info Systems Ltd","L7 HITECH PRIVATE LIMITED","SELL","1,08,740","134.65","-"
"20-JUN-2025","PROSTARM","Prostarm Info Systems Ltd","L7 HITECH PRIVATE LIMITED","BUY","4,08,740","132.48","-"
"20-JUN-2025","PROSTARM","Prostarm Info Systems Ltd","MATHISYS ADVISORS LLP","SELL","4,53,276","129.35","-"
"20-JUN-2025","PROSTARM","Prostarm Info Systems Ltd","MATHISYS ADVISORS LLP","BUY","4,53,400","130.01","-"
"20-JUN-2025","PROSTARM","Prostarm Info Systems Ltd","PG FOILS LIMITED","SELL","3,80,000","130.07","-"
"20-JUN-2025","PROSTARM","Prostarm Info Systems Ltd","QE SECURITIES LLP","BUY","2,58,309","129.95","-"
"20-JUN-2025","PROSTARM","Prostarm Info Systems Ltd","QE SECURITIES LLP","SELL","3,28,283","130.19","-"
"20-JUN-2025","SOLARA","Solara Active Pha Sci Ltd","FSSA INDIAN SUBCONTINENT FUND","SELL","2,24,730","538.11","-"
"20-JUN-2025","VINEETLAB","Vineet Laboratories Ltd","ARVIND KUMAR BELLAM","BUY","2,000","29.01","-"
"20-JUN-2025","VINEETLAB","Vineet Laboratories Ltd","ARVIND KUMAR BELLAM","SELL","60,000","29.01","-"
"20-JUN-2025","VINEETLAB","Vineet Laboratories Ltd","PRABHAKAR RAJU ALLURI","SELL","50,000","29.00","-"
"20-JUN-2025","VINEETLAB","Vineet Laboratories Ltd","RANGA RAJU ALLURI","SELL","50,000","29.01","-"
"20-JUN-2025","VINEETLAB","Vineet Laboratories Ltd","SUREKHA NAGA LAKSHMI PENDELA","BUY","2,05,266","29.01","-"
"20-JUN-2025","VINEETLAB","Vineet Laboratories Ltd","VENKATA RAMA GADDAM","SELL","48,225","29.01","-"
"20-JUN-2025","VMM","Vishal Mega Mart Limited","VANGUARD EMERGING MARKETS STOCK INDEX FUND  A SERIES OF VIEIF","BUY","2,39,67,366","129.74","-"
"20-JUN-2025","VMM","Vishal Mega Mart Limited","VANGUARD TOTAL INTERNATIONAL STOCK INDEX FUND","BUY","2,65,31,010","129.74","-"
"20-JUN-2025","WESTLIFE","WESTLIFE FOODWORLD LTD","HDFC MUTUAL FUND","BUY","14,30,686","696.54","-"
"20-JUN-2025","WESTLIFE","WESTLIFE FOODWORLD LTD","HILL FORT INDIA FUND LP","SELL","15,00,881","696.55","-"