﻿"Date ","Symbol ","Security Name ","Client Name ","Buy / Sell ","Quantity Traded ","Trade Price / Wght. Avg. Price ","Remarks "
"05-AUG-2025","AGUL","A G Universal Limited","AUM SECURITIES PVT. LTD.","SELL","64,000","59.73","-"
"05-AUG-2025","AGUL","A G Universal Limited","LIMITED SHIVJI FINANCE & INVESTMENTS PRIVATE","BUY","38,000","59.80","-"
"05-AUG-2025","AMBICAAGAR","Ambica Agarbathies & Arom","IRAGE BROKING SERVICES LLP","BUY","2,05,820","29.22","-"
"05-AUG-2025","AMBICAAGAR","Ambica Agarbathies & Arom","IRAGE BROKING SERVICES LLP","SELL","2,66,377","29.11","-"
"05-AUG-2025","AMBICAAGAR","Ambica Agarbathies & Arom","RIMPY MITTAL","BUY","6,19,866","29.50","-"
"05-AUG-2025","AMBICAAGAR","Ambica Agarbathies & Arom","RIMPY MITTAL","SELL","6,19,866","29.30","-"
"05-AUG-2025","AROGRANITE","Aro Granite Industries Li","RIMPY MITTAL","SELL","40,211","37.95","-"
"05-AUG-2025","AROGRANITE","Aro Granite Industries Li","RIMPY MITTAL","BUY","99,321","37.50","-"
"05-AUG-2025","BRNL","Bharat Road Network Ltd","VISTAR FINANCIERS PRIVATE LIMITED","SELL","4,37,478","19.69","-"
"05-AUG-2025","CPPLUS","Aditya Infotech Limited","INVESCO MUTUAL FUND","BUY","9,84,716","1,023.57","-"
"05-AUG-2025","GATECH","GACM Technologies Limited","VENKATA TIRUPATI RAO JONNA","BUY","1,00,000","0.56","-"
"05-AUG-2025","GATECH","GACM Technologies Limited","VENKATA TIRUPATI RAO JONNA","SELL","56,00,000","0.55","-"
"05-AUG-2025","GATECHDVR","GACM Technologies Limited","VENKATA TIRUPATI RAO JONNA","SELL","64,72,168","0.47","-"
"05-AUG-2025","JAYNECOIND","Jayaswal Neco Industr Ltd","GRAVITON RESEARCH CAPITAL LLP","SELL","79,80,613","54.17","-"
"05-AUG-2025","JAYNECOIND","Jayaswal Neco Industr Ltd","GRAVITON RESEARCH CAPITAL LLP","BUY","79,80,613","54.15","-"
"05-AUG-2025","JAYNECOIND","Jayaswal Neco Industr Ltd","HRTI PRIVATE LIMITED","SELL","94,70,034","54.31","-"
"05-AUG-2025","JAYNECOIND","Jayaswal Neco Industr Ltd","HRTI PRIVATE LIMITED","BUY","1,02,14,630","54.33","-"
"05-AUG-2025","JAYNECOIND","Jayaswal Neco Industr Ltd","MATHISYS ADVISORS LLP","SELL","60,70,635","54.30","-"
"05-AUG-2025","JAYNECOIND","Jayaswal Neco Industr Ltd","MATHISYS ADVISORS LLP","BUY","60,86,256","54.30","-"
"05-AUG-2025","JAYNECOIND","Jayaswal Neco Industr Ltd","QE SECURITIES LLP","SELL","60,39,489","54.29","-"
"05-AUG-2025","JAYNECOIND","Jayaswal Neco Industr Ltd","QE SECURITIES LLP","BUY","61,08,750","54.24","-"
"05-AUG-2025","KAYTEX","Kaytex Fabrics Limited","LEADING LIGHT FUND VCC - THE VINTAGE","SELL","88,800","151.14","-"
"05-AUG-2025","KAYTEX","Kaytex Fabrics Limited","MALANI WEALTH ADVISORS PRIVATE LIMITED","BUY","1,04,000","144.00","-"
"05-AUG-2025","KAYTEX","Kaytex Fabrics Limited","MANSI SHARE AND STOCK BROKING PRIVATE LIMITED","BUY","1,32,000","141.17","-"
"05-AUG-2025","KAYTEX","Kaytex Fabrics Limited","NEO APEX VENTURE LLP","BUY","86,400","136.84","-"
"05-AUG-2025","LAXMIINDIA","Laxmi India Finance Ltd","BOFA SECURITIES EUROPE SA","SELL","3,54,508","141.12","-"
"05-AUG-2025","LAXMIINDIA","Laxmi India Finance Ltd","GRT STRATEGIC VENTURES LLP","SELL","2,82,848","140.34","-"
"05-AUG-2025","LAXMIINDIA","Laxmi India Finance Ltd","GRT STRATEGIC VENTURES LLP","BUY","2,82,848","140.26","-"
"05-AUG-2025","MASTER","Master Components Limited","MITTAL ANALYTICS PRIVATE LIMITED","BUY","20,000","355.05","-"
"05-AUG-2025","MASTER","Master Components Limited","MUDDURAJ CHANDRASHEKHAR KULKARNI HUF","SELL","50,000","352.22","-"
"05-AUG-2025","MASTER","Master Components Limited","SAFIR ANAND","BUY","20,000","350.00","-"
"05-AUG-2025","MASTER","Master Components Limited","SHRIKANT HANMANT JOSHI HUF","SELL","50,000","352.22","-"
"05-AUG-2025","MASTERTR","Master Trust Limited","SYLPH TECHNOLOGIES LIMITED","SELL","12,70,306","163.24","-"
"05-AUG-2025","MASTERTR","Master Trust Limited","SYLPH TECHNOLOGIES LIMITED","BUY","12,82,334","163.16","-"
"05-AUG-2025","MOKSH","Moksh Ornaments Limited","VINCENT COMMERCIAL COMPANY LIMITED","SELL","5,20,987","13.65","-"
"05-AUG-2025","MVKAGRO","M.V.K. Agro Food Prod Ltd","INDO THAI SECURITIES LTD","BUY","3,12,000","250.07","-"
"05-AUG-2025","MVKAGRO","M.V.K. Agro Food Prod Ltd","KALPALABDHI SECURITIES PRIVATE LIMITED","SELL","1,06,800","250.20","-"
"05-AUG-2025","MVKAGRO","M.V.K. Agro Food Prod Ltd","MULTIPLIER SHARE & STOCK ADVISORS PRIVATE LIMITED","SELL","80,400","250.10","-"
"05-AUG-2025","MVKAGRO","M.V.K. Agro Food Prod Ltd","NEO APEX SHARE BROKING SERVICES LLP","BUY","78,000","250.10","-"
"05-AUG-2025","MVKAGRO","M.V.K. Agro Food Prod Ltd","NEO APEX VENTURE LLP","SELL","3,98,400","250.08","-"
"05-AUG-2025","NEWGEN","Newgen Software Tech Ltd","GRAVITON RESEARCH CAPITAL LLP","SELL","9,14,530","916.39","-"
"05-AUG-2025","NEWGEN","Newgen Software Tech Ltd","GRAVITON RESEARCH CAPITAL LLP","BUY","9,14,530","915.71","-"
"05-AUG-2025","NEWGEN","Newgen Software Tech Ltd","NK SECURITIES RESEARCH PRIVATE LIMITED","SELL","7,87,389","929.28","-"
"05-AUG-2025","NEWGEN","Newgen Software Tech Ltd","NK SECURITIES RESEARCH PRIVATE LIMITED","BUY","7,87,389","928.80","-"
"05-AUG-2025","ORTINGLOBE","ORTIN GLOBAL LIMITED","PRABHA RAMESHKUMAR GUPTA","SELL","50,000","17.19","-"
"05-AUG-2025","ORTINGLOBE","ORTIN GLOBAL LIMITED","SHIVAM OMAR","BUY","39,490","16.77","-"
"05-AUG-2025","ORTINGLOBE","ORTIN GLOBAL LIMITED","SHIVAM OMAR","SELL","41,065","17.04","-"
"05-AUG-2025","ORTINGLOBE","ORTIN GLOBAL LIMITED","SURESH GADALAY","BUY","91,800","17.10","-"
"05-AUG-2025","PRAKASH","Prakash Industries Ltd.","GRAVITON RESEARCH CAPITAL LLP","SELL","11,13,909","185.62","-"
"05-AUG-2025","PRAKASH","Prakash Industries Ltd.","GRAVITON RESEARCH CAPITAL LLP","BUY","11,13,909","185.50","-"
"05-AUG-2025","PROFX","Pro FX Tech Limited","NISHANT JAIN","BUY","96,000","123.88","-"
"05-AUG-2025","TANLA","Tanla Platforms Limited","GRAVITON RESEARCH CAPITAL LLP","SELL","8,23,232","662.99","-"
"05-AUG-2025","TANLA","Tanla Platforms Limited","GRAVITON RESEARCH CAPITAL LLP","BUY","8,23,232","662.56","-"
"05-AUG-2025","VIMTALABS","Vimta Labs Limited","HRTI PRIVATE LIMITED","BUY","2,80,886","664.14","-"
"05-AUG-2025","VIMTALABS","Vimta Labs Limited","HRTI PRIVATE LIMITED","SELL","3,02,727","664.09","-"
"05-AUG-2025","ZUARI","Zuari Agro Chemicals Ltd","AAKRAYA RESEARCH LLP","BUY","2,64,050","348.57","-"
"05-AUG-2025","ZUARI","Zuari Agro Chemicals Ltd","AAKRAYA RESEARCH LLP","SELL","2,64,050","348.93","-"
"05-AUG-2025","ZUARI","Zuari Agro Chemicals Ltd","HRTI PRIVATE LIMITED","BUY","3,52,304","347.83","-"
"05-AUG-2025","ZUARI","Zuari Agro Chemicals Ltd","HRTI PRIVATE LIMITED","SELL","3,98,782","348.55","-"