﻿"Date ","Symbol ","Security Name ","Client Name ","Buy / Sell ","Quantity Traded ","Trade Price / Wght. Avg. Price ","Remarks "
"23-JUL-2025","AGI","AGI Greenpac Limited","GRAVITON RESEARCH CAPITAL LLP","BUY","3,87,908","980.94","-"
"23-JUL-2025","AGI","AGI Greenpac Limited","GRAVITON RESEARCH CAPITAL LLP","SELL","3,87,908","981.43","-"
"23-JUL-2025","ARISINFRA","Arisinfra Solutions Ltd","NEOMILE CORPORATE ADVISORY LIMITED","BUY","14,80,586","146.00","-"
"23-JUL-2025","AXITA","Axita Cotton Limited","DHARAM PAL AGGARWAL","BUY","19,80,761","9.24","-"
"23-JUL-2025","AXITA","Axita Cotton Limited","DHARAM PAL AGGARWAL","SELL","20,93,882","9.24","-"
"23-JUL-2025","BIRDYS","Grill Splendour Ser Ltd","PARAS DOSHI","BUY","55,200","138.63","-"
"23-JUL-2025","BIRDYS","Grill Splendour Ser Ltd","PRREETI JAIIN NAINUTIA","SELL","55,200","138.63","-"
"23-JUL-2025","BOMDYEING","Bombay Dyeing & Mfg Co.","AAKRAYA RESEARCH LLP","SELL","13,98,055","185.30","-"
"23-JUL-2025","BOMDYEING","Bombay Dyeing & Mfg Co.","AAKRAYA RESEARCH LLP","BUY","13,98,055","185.19","-"
"23-JUL-2025","BOMDYEING","Bombay Dyeing & Mfg Co.","ELIXIR WEALTH MANAGEMENT PRIVATE LIMITED","SELL","20,17,908","186.13","-"
"23-JUL-2025","BOMDYEING","Bombay Dyeing & Mfg Co.","ELIXIR WEALTH MANAGEMENT PRIVATE LIMITED","BUY","20,51,776","185.91","-"
"23-JUL-2025","BOMDYEING","Bombay Dyeing & Mfg Co.","GRAVITON RESEARCH CAPITAL LLP","BUY","62,09,466","184.36","-"
"23-JUL-2025","BOMDYEING","Bombay Dyeing & Mfg Co.","GRAVITON RESEARCH CAPITAL LLP","SELL","62,09,466","184.52","-"
"23-JUL-2025","BOMDYEING","Bombay Dyeing & Mfg Co.","HRTI PRIVATE LIMITED","SELL","13,50,047","184.18","-"
"23-JUL-2025","BOMDYEING","Bombay Dyeing & Mfg Co.","HRTI PRIVATE LIMITED","BUY","15,52,439","184.28","-"
"23-JUL-2025","BOMDYEING","Bombay Dyeing & Mfg Co.","JUNOMONETA FINSOL PRIVATE LIMITED","BUY","12,35,719","184.65","-"
"23-JUL-2025","BOMDYEING","Bombay Dyeing & Mfg Co.","JUNOMONETA FINSOL PRIVATE LIMITED","SELL","12,35,719","184.85","-"
"23-JUL-2025","BOMDYEING","Bombay Dyeing & Mfg Co.","MATHISYS ADVISORS LLP","SELL","10,98,585","184.07","-"
"23-JUL-2025","BOMDYEING","Bombay Dyeing & Mfg Co.","MATHISYS ADVISORS LLP","BUY","11,04,460","184.00","-"
"23-JUL-2025","BOMDYEING","Bombay Dyeing & Mfg Co.","MUSIGMA SECURITIES","SELL","24,87,890","186.48","-"
"23-JUL-2025","BOMDYEING","Bombay Dyeing & Mfg Co.","MUSIGMA SECURITIES","BUY","24,87,890","186.42","-"
"23-JUL-2025","BOMDYEING","Bombay Dyeing & Mfg Co.","NK SECURITIES RESEARCH PRIVATE LIMITED","BUY","28,25,652","185.40","-"
"23-JUL-2025","BOMDYEING","Bombay Dyeing & Mfg Co.","NK SECURITIES RESEARCH PRIVATE LIMITED","SELL","28,25,652","185.49","-"
"23-JUL-2025","BOMDYEING","Bombay Dyeing & Mfg Co.","QE SECURITIES LLP","BUY","31,26,873","184.98","-"
"23-JUL-2025","BOMDYEING","Bombay Dyeing & Mfg Co.","QE SECURITIES LLP","SELL","31,53,772","184.75","-"
"23-JUL-2025","DENTA","Denta Water N Infra Sol L","HRTI PRIVATE LIMITED","BUY","1,15,933","368.35","-"
"23-JUL-2025","DENTA","Denta Water N Infra Sol L","HRTI PRIVATE LIMITED","SELL","1,34,901","370.61","-"
"23-JUL-2025","GARUDA","Garuda Construct N Eng L","HRTI PRIVATE LIMITED","BUY","8,22,143","184.67","-"
"23-JUL-2025","GARUDA","Garuda Construct N Eng L","HRTI PRIVATE LIMITED","SELL","9,31,637","185.32","-"
"23-JUL-2025","GATECH","GACM Technologies Limited","DUBEYSHAILA  THAKURPRASAD","SELL","2,25,62,117","0.65","-"
"23-JUL-2025","GLOBECIVIL","Globe Civil Projects Ltd","MATHISYS ADVISORS LLP","BUY","3,09,730","92.37","-"
"23-JUL-2025","GLOBECIVIL","Globe Civil Projects Ltd","MATHISYS ADVISORS LLP","SELL","3,11,485","91.93","-"
"23-JUL-2025","GPECO","GP Eco Solutions India L","SARABPREET KAUR","BUY","63,000","506.43","-"
"23-JUL-2025","GREENPANEL","Greenpanel Industries Ltd","BUOYANT CAPITAL PRIVATE LIMITED","SELL","6,27,662","298.70","-"
"23-JUL-2025","HOACFOODS","Hoac Foods India Limited","CHANAKYA OPPORTUNITIES FUND I","SELL","37,500","223.65","-"
"23-JUL-2025","HOACFOODS","Hoac Foods India Limited","HOLANI VENTURE CAPITAL FUND- I","SELL","49,500","222.87","-"
"23-JUL-2025","HOACFOODS","Hoac Foods India Limited","NEO APEX VENTURE LLP","BUY","31,500","222.92","-"
"23-JUL-2025","INFOBEAN","InfoBeans Techno. Ltd.","MANSI SHARE AND STOCK BROKING PRIVATE LIMITED","BUY","1,26,561","535.58","-"
"23-JUL-2025","INFOBEAN","InfoBeans Techno. Ltd.","MANSI SHARE AND STOCK BROKING PRIVATE LIMITED","SELL","1,42,561","537.46","-"
"23-JUL-2025","JAYNECOIND","Jayaswal Neco Industr Ltd","ASSETS CARE AND RECONSTRUCTION ENTERPRISE LIMITED","SELL","1,13,14,997","39.83","-"
"23-JUL-2025","KANDARP","Kandarp Dg Smart Bpo Ltd","PRITESH PRAKASH CHAVAN","SELL","70,000","70.31","-"
"23-JUL-2025","LODHA","Lodha Developers Limited","INVESCO DEVELOPING MARKETS FUND","SELL","95,25,689","1,384.93","-"
"23-JUL-2025","MANAKALUCO","Manak Aluminium Co. Ltd.","SAROJDEVI S KABRA","SELL","6,05,695","33.38","-"
"23-JUL-2025","MANAKALUCO","Manak Aluminium Co. Ltd.","SAROJDEVI S KABRA","BUY","6,05,695","33.08","-"
"23-JUL-2025","MCLEODRUSS","Mcleod Russel India Limit","SETU SECURITIES PVT LTD","SELL","10,00,000","43.82","-"
"23-JUL-2025","OLIL","Oneclick Logistics Ind L","JYOTI AJAY KUMAR GUPTA","SELL","26,400","208.82","-"
"23-JUL-2025","OLIL","Oneclick Logistics Ind L","NIJI CORPORATION","BUY","19,200","211.81","-"
"23-JUL-2025","OLIL","Oneclick Logistics Ind L","SHETH SAROJBEN INDRAVADAN","BUY","20,400","210.97","-"
"23-JUL-2025","RADHIKAJWE","Radhika Jeweltech Limited","HRTI PRIVATE LIMITED","SELL","8,02,909","102.07","-"
"23-JUL-2025","RADHIKAJWE","Radhika Jeweltech Limited","HRTI PRIVATE LIMITED","BUY","8,34,317","101.97","-"
"23-JUL-2025","REXPIPES","Rex Pipes And Cables Ltd","AUM SECURITIES PVT. LTD.","BUY","22,000","144.68","-"
"23-JUL-2025","REXPIPES","Rex Pipes And Cables Ltd","AUM SECURITIES PVT. LTD.","SELL","50,000","136.00","-"
"23-JUL-2025","REXPIPES","Rex Pipes And Cables Ltd","RADHA MITTAL","BUY","50,000","136.00","-"
"23-JUL-2025","SMLISUZU","SML Isuzu Limited","HRTI PRIVATE LIMITED","SELL","89,560","3,877.20","-"
"23-JUL-2025","SMLISUZU","SML Isuzu Limited","HRTI PRIVATE LIMITED","BUY","98,566","3,862.51","-"
"23-JUL-2025","SUPERSPIN","Super Spinning Mills Ltd","IRAGE BROKING SERVICES LLP","BUY","62,232","10.29","-"
"23-JUL-2025","SUPERSPIN","Super Spinning Mills Ltd","IRAGE BROKING SERVICES LLP","SELL","3,84,516","10.41","-"
"23-JUL-2025","SUPERSPIN","Super Spinning Mills Ltd","RIMPY MITTAL","SELL","87,600","10.23","-"
"23-JUL-2025","SUPERSPIN","Super Spinning Mills Ltd","RIMPY MITTAL","BUY","3,13,952","10.57","-"
"23-JUL-2025","TI","Tilaknagar Industries Ltd","GRAVITON RESEARCH CAPITAL LLP","SELL","9,85,753","464.02","-"
"23-JUL-2025","TI","Tilaknagar Industries Ltd","GRAVITON RESEARCH CAPITAL LLP","BUY","9,86,795","464.05","-"
"23-JUL-2025","TTL-RE","T T Ltd","SUBHASH PHOOTARMAL RATHOD","BUY","2,10,000","0.44","-"
"23-JUL-2025","TTL-RE","T T Ltd","T T BRANDS LIMITED","SELL","9,44,078","0.47","-"
"23-JUL-2025","TTL-RE","T T Ltd","VINITHA MANISH JAIN","BUY","3,70,370","0.50","-"
"23-JUL-2025","VCL","Vaxtex Cotfab Limited","VALLIYAPPAN LAKSHMANAN","SELL","17,00,000","1.05","-"