﻿"Date ","Symbol ","Security Name ","Client Name ","Buy / Sell ","Quantity Traded ","Trade Price / Wght. Avg. Price ","Remarks "
"23-JUN-2025","AEROFLEX","Aeroflex Industries Ltd","AAKRAYA RESEARCH LLP","SELL","11,40,758","206.83","-"
"23-JUN-2025","AEROFLEX","Aeroflex Industries Ltd","AAKRAYA RESEARCH LLP","BUY","11,40,758","206.72","-"
"23-JUN-2025","AEROFLEX","Aeroflex Industries Ltd","GRAVITON RESEARCH CAPITAL LLP","SELL","10,46,789","206.49","-"
"23-JUN-2025","AEROFLEX","Aeroflex Industries Ltd","GRAVITON RESEARCH CAPITAL LLP","BUY","10,46,789","206.39","-"
"23-JUN-2025","AEROFLEX","Aeroflex Industries Ltd","HRTI PRIVATE LIMITED","BUY","13,52,382","206.14","-"
"23-JUN-2025","AEROFLEX","Aeroflex Industries Ltd","HRTI PRIVATE LIMITED","SELL","14,40,285","206.88","-"
"23-JUN-2025","AEROFLEX","Aeroflex Industries Ltd","QE SECURITIES LLP","SELL","10,49,167","206.43","-"
"23-JUN-2025","AEROFLEX","Aeroflex Industries Ltd","QE SECURITIES LLP","BUY","10,69,030","206.47","-"
"23-JUN-2025","AGIIL","Agi Infra Limited","SW CAPITAL PRIVATE LIMITED","BUY","1,12,129","960.08","-"
"23-JUN-2025","AGIIL","Agi Infra Limited","SW CAPITAL PRIVATE LIMITED","SELL","1,40,006","941.43","-"
"23-JUN-2025","AKIKO","Akiko Global Services L","VINOD KUMAR","SELL","57,600","79.84","-"
"23-JUN-2025","ANZEN","Anzen Ind Ene Yld Plu Tru","EDELWEISS INFRASTRUCTURE YIELD PLUS","SELL","18,50,000","112.56","-"
"23-JUN-2025","BOHRAIND","Bohra Industries Limited","ROHIT HIMATSINGKA","SELL","75,645","28.25","-"
"23-JUN-2025","CHENNPETRO","Chennai Petroleum Corp","GRAVITON RESEARCH CAPITAL LLP","SELL","7,71,851","685.98","-"
"23-JUN-2025","CHENNPETRO","Chennai Petroleum Corp","GRAVITON RESEARCH CAPITAL LLP","BUY","7,71,851","685.43","-"
"23-JUN-2025","FINOPB","Fino Payments Bank Ltd","CRONY VYAPAR PVT LTD","SELL","4,54,326","290.41","-"
"23-JUN-2025","FINOPB","Fino Payments Bank Ltd","CRONY VYAPAR PVT LTD","BUY","5,04,396","291.31","-"
"23-JUN-2025","GODHA","Godha Cabcon Insulat Ltd","ABHISHEK  CHOWDHURY","SELL","2","0.52","-"
"23-JUN-2025","GODHA","Godha Cabcon Insulat Ltd","ABHISHEK  CHOWDHURY","BUY","1,30,11,002","0.52","-"
"23-JUN-2025","GODHA","Godha Cabcon Insulat Ltd","SHARE INDIA SECURITIES LIMITED","SELL","77,08,727","0.52","-"
"23-JUN-2025","GODHA","Godha Cabcon Insulat Ltd","SHARE INDIA SECURITIES LIMITED","BUY","82,00,016","0.52","-"
"23-JUN-2025","HILTON","Hilton Metal Forging Limi","YUVRAJ HIRALAL MALHOTRA","SELL","14,01,267","73.40","-"
"23-JUN-2025","KOPRAN","Kopran Ltd.","VIRAJ RUSSELL MEHTA","SELL","4,00,000","179.60","-"
"23-JUN-2025","MAGSON","Magson Retail And Dist L","KHODEEAR ENTERPRISE LLP LLP","BUY","55,000","140.00","-"
"23-JUN-2025","MAGSON","Magson Retail And Dist L","MAHESHKUMAR NATHUSING LODHA","SELL","54,000","140.00","-"
"23-JUN-2025","MUNJALSHOW","Munjal Showa Ltd","ESVEE CAPITAL","SELL","3,00,000","118.40","-"
"23-JUN-2025","NORTHARC","Northern Arc Capital Ltd","AAKRAYA RESEARCH LLP","BUY","8,15,584","226.39","-"
"23-JUN-2025","NORTHARC","Northern Arc Capital Ltd","AAKRAYA RESEARCH LLP","SELL","8,15,584","226.44","-"
"23-JUN-2025","NORTHARC","Northern Arc Capital Ltd","GRAVITON RESEARCH CAPITAL LLP","BUY","11,61,396","224.57","-"
"23-JUN-2025","NORTHARC","Northern Arc Capital Ltd","GRAVITON RESEARCH CAPITAL LLP","SELL","11,61,396","224.90","-"
"23-JUN-2025","NORTHARC","Northern Arc Capital Ltd","HRTI PRIVATE LIMITED","SELL","9,92,728","225.80","-"
"23-JUN-2025","NORTHARC","Northern Arc Capital Ltd","HRTI PRIVATE LIMITED","BUY","11,46,652","225.54","-"
"23-JUN-2025","NORTHARC","Northern Arc Capital Ltd","QE SECURITIES LLP","SELL","9,47,922","225.70","-"
"23-JUN-2025","NORTHARC","Northern Arc Capital Ltd","QE SECURITIES LLP","BUY","9,57,523","225.55","-"
"23-JUN-2025","OLIL","Oneclick Logistics Ind L","BHASKAR NARMADASHANKAR OZA","SELL","24,000","188.00","-"
"23-JUN-2025","OLIL","Oneclick Logistics Ind L","SWETA KHARKIA","BUY","25,200","188.05","-"
"23-JUN-2025","PATILAUTOM","Patil Automation Limited","COGNIZANT CAPITAL DYNAMIC OPPORTUNITIES FUND","BUY","2,00,400","155.00","-"
"23-JUN-2025","PATILAUTOM","Patil Automation Limited","DEVI TRADERS LLP","BUY","1,18,800","160.56","-"
"23-JUN-2025","PATILAUTOM","Patil Automation Limited","ISHAAN TRADEFIN LLP","BUY","1,09,200","160.63","-"
"23-JUN-2025","PATILAUTOM","Patil Automation Limited","JINENDRA KUMAR JAIN","BUY","1,44,000","155.00","-"
"23-JUN-2025","PATILAUTOM","Patil Automation Limited","LAROIA MONA","BUY","1,22,400","161.48","-"
"23-JUN-2025","PATILAUTOM","Patil Automation Limited","SURESH ZUNZUNWALA","BUY","2,10,000","155.00","-"
"23-JUN-2025","PROSTARM","Prostarm Info Systems Ltd","HRTI PRIVATE LIMITED","SELL","3,69,295","135.86","-"
"23-JUN-2025","PROSTARM","Prostarm Info Systems Ltd","HRTI PRIVATE LIMITED","BUY","3,86,325","135.80","-"
"23-JUN-2025","PROSTARM","Prostarm Info Systems Ltd","MATHISYS ADVISORS LLP","SELL","4,39,590","134.99","-"
"23-JUN-2025","PROSTARM","Prostarm Info Systems Ltd","MATHISYS ADVISORS LLP","BUY","4,43,419","135.55","-"
"23-JUN-2025","SMVD","SMVD Poly Pack Limited","PRATIBHUTI COMMERCIAL PRIVATE LIMITED","BUY","64,640","16.81","-"
"23-JUN-2025","SMVD","SMVD Poly Pack Limited","RAJANNA NAVANEETH","SELL","64,640","16.90","-"
"23-JUN-2025","VINEETLAB","Vineet Laboratories Ltd","MYTHILI ALLURI","SELL","50,000","29.50","-"
"23-JUN-2025","VINEETLAB","Vineet Laboratories Ltd","SEETARAMANJANEYULU N","BUY","48,910","29.50","-"
"23-JUN-2025","VINEETLAB","Vineet Laboratories Ltd","SUREKHA NAGA LAKSHMI PENDELA","BUY","84,700","29.50","-"
"23-JUN-2025","VINEETLAB","Vineet Laboratories Ltd","VENKATA RAMA GADDAM","SELL","50,000","29.50","-"
"23-JUN-2025","VOLERCAR","Voler Car Limited","JUGGERNAUT CORPORATE ADVISORS LLP","BUY","67,200","88.33","-"
"23-JUN-2025","ZEEL","Zee Entertain. Enterp.Ltd","GRAVITON RESEARCH CAPITAL LLP","BUY","54,83,542","144.71","-"
"23-JUN-2025","ZEEL","Zee Entertain. Enterp.Ltd","GRAVITON RESEARCH CAPITAL LLP","SELL","54,83,542","144.81","-"
"23-JUN-2025","ZEEL","Zee Entertain. Enterp.Ltd","HRTI PRIVATE LIMITED","SELL","43,56,641","144.86","-"
"23-JUN-2025","ZEEL","Zee Entertain. Enterp.Ltd","HRTI PRIVATE LIMITED","BUY","55,65,640","145.53","-"
"23-JUN-2025","ZEEL","Zee Entertain. Enterp.Ltd","QE SECURITIES LLP","BUY","57,32,956","144.47","-"
"23-JUN-2025","ZEEL","Zee Entertain. Enterp.Ltd","QE SECURITIES LLP","SELL","58,23,978","145.08","-"
"23-JUN-2025","ZEEMEDIA","Zee News Limited","KEYA VIMAL SALOT","BUY","38,52,218","15.73","-"
"23-JUN-2025","ZEEMEDIA","Zee News Limited","KEYA VIMAL SALOT","SELL","46,81,094","16.04","-"