﻿"Date ","Symbol ","Security Name ","Client Name ","Buy / Sell ","Quantity Traded ","Trade Price / Wght. Avg. Price ","Remarks "
"17-SEP-2025","AARADHYA","Aaradhya Disposal Indus L","NARESH KUMAR BANSAL","BUY","2,79,600","118.00","-"
"17-SEP-2025","ADSL","Allied Digital Services L","GRAVITON RESEARCH CAPITAL LLP","SELL","4,03,574","203.04","-"
"17-SEP-2025","ADSL","Allied Digital Services L","GRAVITON RESEARCH CAPITAL LLP","BUY","4,03,574","202.58","-"
"17-SEP-2025","ADSL","Allied Digital Services L","JUNOMONETA FINSOL PRIVATE LIMITED","BUY","4,31,944","202.50","-"
"17-SEP-2025","ADSL","Allied Digital Services L","JUNOMONETA FINSOL PRIVATE LIMITED","SELL","4,31,944","202.61","-"
"17-SEP-2025","AHCL","Anlon Healthcare Limited","HRTI PRIVATE LIMITED","SELL","3,39,414","122.41","-"
"17-SEP-2025","AHCL","Anlon Healthcare Limited","HRTI PRIVATE LIMITED","BUY","4,02,665","123.31","-"
"17-SEP-2025","CBAZAAR","Net Avenue Technologies L","INVENTUS CAPITAL PARTNERS (MAURITIUS) LIMITED","SELL","1,60,000","3.96","-"
"17-SEP-2025","CBAZAAR","Net Avenue Technologies L","SOMANI VENTURES AND INNOVATIONS LIMITED","SELL","1,60,000","4.30","-"
"17-SEP-2025","CHANDAN","Chandan Healthcare Ltd","R K STOCKHOLDING (P) LTD.","SELL","1,98,400","223.52","-"
"17-SEP-2025","DENEERS","De Neers Tools Limited","ANJU GUPTA","SELL","60,000","209.05","-"
"17-SEP-2025","DENEERS","De Neers Tools Limited","BLP EQUITY RESEARCH PRIVATE LIMITED","SELL","10,800","229.58","-"
"17-SEP-2025","DENEERS","De Neers Tools Limited","BLP EQUITY RESEARCH PRIVATE LIMITED","BUY","49,800","209.05","-"
"17-SEP-2025","DENEERS","De Neers Tools Limited","D3 STOCK VISION LLP","BUY","1,11,600","209.27","-"
"17-SEP-2025","DENEERS","De Neers Tools Limited","D3 STOCK VISION LLP","SELL","1,11,600","210.03","-"
"17-SEP-2025","DENEERS","De Neers Tools Limited","KANAV GUPTA","SELL","5,93,400","214.71","-"
"17-SEP-2025","DENEERS","De Neers Tools Limited","LAROIA MONA","BUY","60,000","209.05","-"
"17-SEP-2025","DENEERS","De Neers Tools Limited","MANOJ GUPTA","SELL","1,36,200","212.07","-"
"17-SEP-2025","DENEERS","De Neers Tools Limited","MANPREET SINGH LAMBA","BUY","63,600","209.05","-"
"17-SEP-2025","DENEERS","De Neers Tools Limited","MATALIA STOCK BROKING PRIVATE LIMITED","BUY","45,600","219.62","-"
"17-SEP-2025","DENEERS","De Neers Tools Limited","MATALIA STOCK BROKING PRIVATE LIMITED","SELL","45,600","220.34","-"
"17-SEP-2025","DENEERS","De Neers Tools Limited","NEO APEX SHARE BROKING SERVICES LLP","BUY","1,82,400","209.19","-"
"17-SEP-2025","DENEERS","De Neers Tools Limited","NEO APEX SHARE BROKING SERVICES LLP","SELL","1,82,400","209.05","-"
"17-SEP-2025","DENEERS","De Neers Tools Limited","NEO APEX VENTURE LLP","SELL","4,87,200","210.37","-"
"17-SEP-2025","DENEERS","De Neers Tools Limited","NEO APEX VENTURE LLP","BUY","5,25,000","209.05","-"
"17-SEP-2025","DENEERS","De Neers Tools Limited","PATEL ANAND RAJESHBHAI","SELL","3,000","227.97","-"
"17-SEP-2025","DENEERS","De Neers Tools Limited","PATEL ANAND RAJESHBHAI","BUY","55,800","209.05","-"
"17-SEP-2025","DENEERS","De Neers Tools Limited","PRUDENT EQUITY PRIVATE LIMITED","BUY","1,01,400","227.28","-"
"17-SEP-2025","DENEERS","De Neers Tools Limited","SAURABH TRIPATHI","BUY","99,600","209.05","-"
"17-SEP-2025","DENEERS","De Neers Tools Limited","SETU SECURITIES PRIVATE LIMITED","SELL","49,200","211.20","-"
"17-SEP-2025","DENEERS","De Neers Tools Limited","SETU SECURITIES PRIVATE LIMITED","BUY","49,200","209.99","-"
"17-SEP-2025","DENEERS","De Neers Tools Limited","SHILPY AGGARWAL","SELL","3,00,000","209.09","-"
"17-SEP-2025","DENEERS","De Neers Tools Limited","SOHAM FINCARE INDIA LLP","BUY","43,800","218.80","-"
"17-SEP-2025","DENEERS","De Neers Tools Limited","SOHAM FINCARE INDIA LLP","SELL","43,800","219.24","-"
"17-SEP-2025","DENEERS","De Neers Tools Limited","SRESTHA FINVEST LIMITED","SELL","48,000","220.27","-"
"17-SEP-2025","DENEERS","De Neers Tools Limited","SRESTHA FINVEST LIMITED","BUY","48,000","212.00","-"
"17-SEP-2025","DEVX","Dev Accelerator Limited","AU SMALL FINANCE BANK LIMITED","SELL","5,30,800","62.89","-"
"17-SEP-2025","DEVX","Dev Accelerator Limited","AXIS BANK LIMITED","SELL","6,32,339","61.00","-"
"17-SEP-2025","DEVX","Dev Accelerator Limited","NEO APEX VENTURE LLP","BUY","10,00,000","61.00","-"
"17-SEP-2025","DEVX","Dev Accelerator Limited","THE SOUTH INDIAN BANK LIMITED","SELL","6,30,800","61.00","-"
"17-SEP-2025","ENFUSE","Enfuse Solutions Limited","L7 HITECH PRIVATE LIMITED","BUY","45,000","206.58","-"
"17-SEP-2025","FLUOROCHEM","Gujarat Fluorochem Ltd","DEVANSH TRADEMART LLP","SELL","13,00,000","3,539.30","-"
"17-SEP-2025","GML","Galaxy Medicare Limited","AJAY PURSHOTTAMDAS GUPTA","BUY","2,00,000","54.00","-"
"17-SEP-2025","KNRCON","KNR Constructions Limited","GRAVITON RESEARCH CAPITAL LLP","BUY","66,41,646","210.15","-"
"17-SEP-2025","KNRCON","KNR Constructions Limited","GRAVITON RESEARCH CAPITAL LLP","SELL","66,41,646","210.31","-"
"17-SEP-2025","KNRCON","KNR Constructions Limited","HRTI PRIVATE LIMITED","SELL","13,55,926","211.26","-"
"17-SEP-2025","KNRCON","KNR Constructions Limited","HRTI PRIVATE LIMITED","BUY","14,42,820","209.88","-"
"17-SEP-2025","KNRCON","KNR Constructions Limited","JUNOMONETA FINSOL PRIVATE LIMITED","BUY","14,60,865","210.25","-"
"17-SEP-2025","KNRCON","KNR Constructions Limited","JUNOMONETA FINSOL PRIVATE LIMITED","SELL","14,60,865","210.40","-"
"17-SEP-2025","KNRCON","KNR Constructions Limited","MUSIGMA SECURITIES","SELL","17,20,652","209.56","-"
"17-SEP-2025","KNRCON","KNR Constructions Limited","MUSIGMA SECURITIES","BUY","17,20,652","209.43","-"
"17-SEP-2025","KNRCON","KNR Constructions Limited","NK SECURITIES RESEARCH PRIVATE LIMITED","SELL","19,27,561","210.82","-"
"17-SEP-2025","KNRCON","KNR Constructions Limited","NK SECURITIES RESEARCH PRIVATE LIMITED","BUY","19,27,561","210.73","-"
"17-SEP-2025","LAXMIDENTL","Laxmi Dental Limited","GRAVITON RESEARCH CAPITAL LLP","BUY","6,82,079","361.45","-"
"17-SEP-2025","LAXMIDENTL","Laxmi Dental Limited","GRAVITON RESEARCH CAPITAL LLP","SELL","6,82,079","360.98","-"
"17-SEP-2025","LAXMIDENTL","Laxmi Dental Limited","HRTI PRIVATE LIMITED","SELL","4,15,826","360.88","-"
"17-SEP-2025","LAXMIDENTL","Laxmi Dental Limited","HRTI PRIVATE LIMITED","BUY","4,28,476","360.14","-"
"17-SEP-2025","LAXMIDENTL","Laxmi Dental Limited","JUNOMONETA FINSOL PRIVATE LIMITED","SELL","3,56,223","361.11","-"
"17-SEP-2025","LAXMIDENTL","Laxmi Dental Limited","JUNOMONETA FINSOL PRIVATE LIMITED","BUY","3,56,223","360.92","-"
"17-SEP-2025","MAMATA","Mamata Machinery Limited","HRTI PRIVATE LIMITED","SELL","2,07,949","470.29","-"
"17-SEP-2025","MAMATA","Mamata Machinery Limited","HRTI PRIVATE LIMITED","BUY","2,13,660","470.33","-"
"17-SEP-2025","MOBIKWIK","One Mobikwik Systems Ltd","GRAVITON RESEARCH CAPITAL LLP","BUY","4,07,966","301.57","-"
"17-SEP-2025","MOBIKWIK","One Mobikwik Systems Ltd","GRAVITON RESEARCH CAPITAL LLP","SELL","4,07,966","301.56","-"
"17-SEP-2025","MOKSH","Moksh Ornaments Limited","SMITA HITENDRA SHAH","SELL","5,24,907","14.22","-"
"17-SEP-2025","MOS","Mos Utility Limited","NARESH KUMAR BANSAL","BUY","6,40,000","54.00","-"
"17-SEP-2025","NIRMAN","Nirman Agri Gentics Ltd","CHAVDA USHABEN D","BUY","45,000","190.00","-"
"17-SEP-2025","NIRMAN","Nirman Agri Gentics Ltd","CHAVDA USHABEN D","SELL","45,000","190.10","-"
"17-SEP-2025","NIRMAN","Nirman Agri Gentics Ltd","NIRAV DINESHBHAI CHAUDHARI","BUY","1,03,800","189.99","-"
"17-SEP-2025","NIRMAN","Nirman Agri Gentics Ltd","NIRAV DINESHBHAI CHAUDHARI","SELL","1,12,200","190.10","-"
"17-SEP-2025","NIRMAN","Nirman Agri Gentics Ltd","SEEMA RANI","BUY","58,200","190.10","-"
"17-SEP-2025","PLATIND","Platinum Industries Ltd","GRAVITON RESEARCH CAPITAL LLP","BUY","4,56,036","329.23","-"
"17-SEP-2025","PLATIND","Platinum Industries Ltd","GRAVITON RESEARCH CAPITAL LLP","SELL","4,56,036","329.79","-"
"17-SEP-2025","PLATIND","Platinum Industries Ltd","NK SECURITIES RESEARCH PRIVATE LIMITED","BUY","3,03,222","330.51","-"
"17-SEP-2025","PLATIND","Platinum Industries Ltd","NK SECURITIES RESEARCH PRIVATE LIMITED","SELL","3,03,222","330.72","-"
"17-SEP-2025","PREMEXPLN","Premier Explosives Ltd","GRAVITON RESEARCH CAPITAL LLP","BUY","11,93,697","597.96","-"
"17-SEP-2025","PREMEXPLN","Premier Explosives Ltd","GRAVITON RESEARCH CAPITAL LLP","SELL","11,93,697","598.47","-"
"17-SEP-2025","PREMEXPLN","Premier Explosives Ltd","HRTI PRIVATE LIMITED","SELL","4,45,712","595.31","-"
"17-SEP-2025","PREMEXPLN","Premier Explosives Ltd","HRTI PRIVATE LIMITED","BUY","5,05,339","597.83","-"
"17-SEP-2025","PREMEXPLN","Premier Explosives Ltd","JUNOMONETA FINSOL PRIVATE LIMITED","BUY","3,59,893","599.23","-"
"17-SEP-2025","PREMEXPLN","Premier Explosives Ltd","JUNOMONETA FINSOL PRIVATE LIMITED","SELL","3,59,893","599.54","-"
"17-SEP-2025","PREMEXPLN","Premier Explosives Ltd","MUSIGMA SECURITIES","BUY","2,86,880","605.16","-"
"17-SEP-2025","PREMEXPLN","Premier Explosives Ltd","MUSIGMA SECURITIES","SELL","2,86,880","605.57","-"
"17-SEP-2025","PRUDMOULI","Prudential Sugars Corp","SAJJAN KUMAR PATWARI","BUY","3,00,000","36.00","-"
"17-SEP-2025","PRUDMOULI","Prudential Sugars Corp","VAB VENTURES LIMITED","SELL","3,00,000","36.01","-"
"17-SEP-2025","QMSMEDI-RE","QMS Medi Ltd","BINITA BHAVESH MEHTA","BUY","8,134","18.10","-"
"17-SEP-2025","REDINGTON","Redington Limited","GRAVITON RESEARCH CAPITAL LLP","BUY","50,14,648","291.86","-"
"17-SEP-2025","REDINGTON","Redington Limited","GRAVITON RESEARCH CAPITAL LLP","SELL","50,15,450","291.88","-"
"17-SEP-2025","RNPL","Renol Polychem Limited","KAMAL ASNANI","SELL","62,400","73.00","-"
"17-SEP-2025","RNPL","Renol Polychem Limited","VICKEY J MEISHERI (HUF)","BUY","48,000","73.22","-"
"17-SEP-2025","SANGINITA","Sanginita Chemicals Limit","L7 HITECH PRIVATE LIMITED","BUY","3,54,000","10.40","-"
"17-SEP-2025","SANGINITA","Sanginita Chemicals Limit","MINERVA VENTURES FUND","SELL","3,66,588","10.40","-"
"17-SEP-2025","SAWALIYA","Sawaliya Food Products L","CRAFT EMERGING MARKET FUND PCC- ELITE CAPITAL FUND","SELL","1,02,000","238.00","-"
"17-SEP-2025","SAWALIYA","Sawaliya Food Products L","KINGSMAN WEALTH MANAGEMENT PRIVATE LIMITED","BUY","1,46,400","238.00","-"
"17-SEP-2025","SHRINGARMS","Shringar Hou of Mangals L","JUNOMONETA FINSOL PRIVATE LIMITED","BUY","8,59,880","186.93","-"
"17-SEP-2025","SHRINGARMS","Shringar Hou of Mangals L","JUNOMONETA FINSOL PRIVATE LIMITED","SELL","8,59,880","187.09","-"
"17-SEP-2025","SHRINGARMS","Shringar Hou of Mangals L","L7 HITECH PRIVATE LIMITED","SELL","2,000","185.10","-"
"17-SEP-2025","SHRINGARMS","Shringar Hou of Mangals L","L7 HITECH PRIVATE LIMITED","BUY","8,59,778","185.47","-"
"17-SEP-2025","SHRINGARMS","Shringar Hou of Mangals L","L7 SECURITIES PRIVATE LIMITED","BUY","17,06,183","185.00","-"
"17-SEP-2025","SHRINGARMS","Shringar Hou of Mangals L","SOUMIK ACHARYA BHADURI","SELL","5,80,768","183.94","-"
"17-SEP-2025","SHRINGARMS","Shringar Hou of Mangals L","SOUMIK ACHARYA BHADURI","BUY","5,80,768","188.50","-"
"17-SEP-2025","SIGACHI","Sigachi Industries Ltd","GRAVITON RESEARCH CAPITAL LLP","BUY","29,85,854","44.40","-"
"17-SEP-2025","SIGACHI","Sigachi Industries Ltd","GRAVITON RESEARCH CAPITAL LLP","SELL","29,85,854","44.44","-"
"17-SEP-2025","SIGACHI","Sigachi Industries Ltd","HRTI PRIVATE LIMITED","SELL","37,08,081","44.38","-"
"17-SEP-2025","SIGACHI","Sigachi Industries Ltd","HRTI PRIVATE LIMITED","BUY","41,80,077","44.29","-"
"17-SEP-2025","SIGACHI","Sigachi Industries Ltd","JUNOMONETA FINSOL PRIVATE LIMITED","BUY","33,10,443","44.37","-"
"17-SEP-2025","SIGACHI","Sigachi Industries Ltd","JUNOMONETA FINSOL PRIVATE LIMITED","SELL","33,10,443","44.40","-"
"17-SEP-2025","SIGACHI","Sigachi Industries Ltd","QE SECURITIES LLP","BUY","30,38,451","44.38","-"
"17-SEP-2025","SIGACHI","Sigachi Industries Ltd","QE SECURITIES LLP","SELL","30,99,769","44.35","-"
"17-SEP-2025","TCL","Thaai Casting Limited","APT AGROTECH INDUSTRIES PRIVATE LIMITED","SELL","3,22,400","132.25","-"
"17-SEP-2025","TCL","Thaai Casting Limited","APT REAL ESTATES PRIVATE LIMITED","BUY","3,22,400","132.25","-"
"17-SEP-2025","URBANCO","Urban Company Limited","JUNOMONETA FINSOL PRIVATE LIMITED","SELL","95,88,050","169.34","-"
"17-SEP-2025","URBANCO","Urban Company Limited","JUNOMONETA FINSOL PRIVATE LIMITED","BUY","95,88,867","169.27","-"
"17-SEP-2025","VAISHALI","Vaishali Pharma Limited","BIPINBHAI DEVABHAI RAVAL","BUY","10,27,006","12.12","-"
"17-SEP-2025","VAISHALI","Vaishali Pharma Limited","SAWACA BUSINESS MACHINES LIMITED","SELL","5,35,974","12.17","-"
"17-SEP-2025","VETO","Veto Switchgear Cable Ltd","PRATIK M SHETH","BUY","98,653","122.66","-"
"17-SEP-2025","VOLTAMP","Voltamp Transformers Limi","VITTORIA FUND - OC L.P","SELL","64,803","7,340.02","-"
"17-SEP-2025","VPRPL","Vishnu Prakash R Pungli L","NEOMILE CORPORATE ADVISORY LIMITED","SELL","14,57,110","114.34","-"
"17-SEP-2025","VPRPL","Vishnu Prakash R Pungli L","NEOMILE CORPORATE ADVISORY LIMITED","BUY","15,04,597","113.03","-"