﻿"Date ","Symbol ","Security Name ","Client Name ","Buy / Sell ","Quantity Traded ","Trade Price / Wght. Avg. Price ","Remarks "
"20-AUG-2025","ARISINFRA","Arisinfra Solutions Ltd","MARWADI SHARES AND FINANCE LTD.","BUY","7,25,090","141.17","-"
"20-AUG-2025","ARISINFRA","Arisinfra Solutions Ltd","NECTA BLOOM VCC - REGAL FUND","SELL","7,25,090","141.17","-"
"20-AUG-2025","CUPID","Cupid Limited","L7 HITECH PRIVATE LIMITED","BUY","1,500","168.31","-"
"20-AUG-2025","CUPID","Cupid Limited","L7 HITECH PRIVATE LIMITED","SELL","15,00,000","166.92","-"
"20-AUG-2025","DELTACORP","Delta Corp Limited","GRAVITON RESEARCH CAPITAL LLP","SELL","36,84,621","94.32","-"
"20-AUG-2025","DELTACORP","Delta Corp Limited","GRAVITON RESEARCH CAPITAL LLP","BUY","36,84,621","94.24","-"
"20-AUG-2025","DELTACORP","Delta Corp Limited","HRTI PRIVATE LIMITED","SELL","16,40,420","94.32","-"
"20-AUG-2025","DELTACORP","Delta Corp Limited","HRTI PRIVATE LIMITED","BUY","16,80,676","93.99","-"
"20-AUG-2025","DELTACORP","Delta Corp Limited","QE SECURITIES LLP","BUY","16,35,472","93.90","-"
"20-AUG-2025","DELTACORP","Delta Corp Limited","QE SECURITIES LLP","SELL","16,84,594","94.76","-"
"20-AUG-2025","DENTA","Denta Water N Infra Sol L","GRAVITON RESEARCH CAPITAL LLP","BUY","2,13,363","412.02","-"
"20-AUG-2025","DENTA","Denta Water N Infra Sol L","GRAVITON RESEARCH CAPITAL LLP","SELL","2,13,363","412.54","-"
"20-AUG-2025","DENTA","Denta Water N Infra Sol L","HRTI PRIVATE LIMITED","SELL","3,43,921","411.27","-"
"20-AUG-2025","DENTA","Denta Water N Infra Sol L","HRTI PRIVATE LIMITED","BUY","3,45,725","412.72","-"
"20-AUG-2025","DENTA","Denta Water N Infra Sol L","JUNOMONETA FINSOL PRIVATE LIMITED","SELL","3,25,883","412.41","-"
"20-AUG-2025","DENTA","Denta Water N Infra Sol L","JUNOMONETA FINSOL PRIVATE LIMITED","BUY","3,25,883","412.15","-"
"20-AUG-2025","DENTA","Denta Water N Infra Sol L","MATHISYS ADVISORS LLP","SELL","2,54,638","411.74","-"
"20-AUG-2025","DENTA","Denta Water N Infra Sol L","MATHISYS ADVISORS LLP","BUY","2,58,487","412.44","-"
"20-AUG-2025","DENTA","Denta Water N Infra Sol L","QE SECURITIES LLP","BUY","2,69,074","412.16","-"
"20-AUG-2025","DENTA","Denta Water N Infra Sol L","QE SECURITIES LLP","SELL","2,72,714","411.50","-"
"20-AUG-2025","GATECHDVR","GACM Technologies Limited","KRISHAN LAL WADHWA","BUY","10,30,413","0.46","-"
"20-AUG-2025","GLOBALE","Globale Tessile Limited","ORION STOCKS LTD","SELL","51,715","13.81","-"
"20-AUG-2025","GLOBALE","Globale Tessile Limited","ORION STOCKS LTD","BUY","53,622","13.94","-"
"20-AUG-2025","GRMOVER","GRM Overseas Limited","PASHUPATI CAPITA SER PVT LTD","BUY","2,41,477","369.27","-"
"20-AUG-2025","GRMOVER","GRM Overseas Limited","PASHUPATI CAPITA SER PVT LTD","SELL","4,93,390","356.95","-"
"20-AUG-2025","HINDNATGLS","Hind Natl Glass & Ind Ltd","NEO APEX VENTURE LLP","SELL","17,573","13.39","-"
"20-AUG-2025","HINDNATGLS","Hind Natl Glass & Ind Ltd","NEO APEX VENTURE LLP","BUY","7,33,205","13.37","-"
"20-AUG-2025","HLEGLAS","HLE Glascoat Limited","GRAVITON RESEARCH CAPITAL LLP","BUY","6,32,974","532.16","-"
"20-AUG-2025","HLEGLAS","HLE Glascoat Limited","GRAVITON RESEARCH CAPITAL LLP","SELL","6,32,974","532.60","-"
"20-AUG-2025","INDOFARM","Indo Farm Equipment Ltd","NK SECURITIES RESEARCH PRIVATE LIMITED","BUY","2,57,581","226.62","-"
"20-AUG-2025","INDOFARM","Indo Farm Equipment Ltd","NK SECURITIES RESEARCH PRIVATE LIMITED","SELL","2,57,581","226.85","-"
"20-AUG-2025","INDTERRAIN","Ind Terrain Fashions Ltd","RIMPY MITTAL","SELL","1,20,853","37.70","-"
"20-AUG-2025","INDTERRAIN","Ind Terrain Fashions Ltd","RIMPY MITTAL","BUY","2,86,853","37.91","-"
"20-AUG-2025","INFIBPP","INFIBEAM Re.0.5 ppd up","RAKESH BALURAM LAHOTI","BUY","35,00,000","10.11","-"
"20-AUG-2025","JAMNAAUTO","Jamna Auto Ind Ltd","GRAVITON RESEARCH CAPITAL LLP","SELL","28,52,146","107.40","-"
"20-AUG-2025","JAMNAAUTO","Jamna Auto Ind Ltd","GRAVITON RESEARCH CAPITAL LLP","BUY","28,55,020","107.28","-"
"20-AUG-2025","JAYNECOIND","Jayaswal Neco Industr Ltd","HRTI PRIVATE LIMITED","BUY","59,37,634","63.47","-"
"20-AUG-2025","JAYNECOIND","Jayaswal Neco Industr Ltd","HRTI PRIVATE LIMITED","SELL","60,46,355","63.60","-"
"20-AUG-2025","KAUSHALYA","Kaushalya Infrastructure","AMIT KUMAR JAIN HUF","BUY","3,000","1,037.70","-"
"20-AUG-2025","LAXMIINDIA","Laxmi India Finance Ltd","MATHISYS ADVISORS LLP","SELL","3,58,745","143.03","-"
"20-AUG-2025","LAXMIINDIA","Laxmi India Finance Ltd","MATHISYS ADVISORS LLP","BUY","3,60,031","143.00","-"
"20-AUG-2025","MAHEPC","Mahindra EPC Irrig Ltd","ANANT WEALTH CONSULTANTS PRIVATE LIMITED","SELL","1,25,756","182.34","-"
"20-AUG-2025","MAHEPC","Mahindra EPC Irrig Ltd","ANANT WEALTH CONSULTANTS PRIVATE LIMITED","BUY","1,43,270","183.84","-"
"20-AUG-2025","MAHEPC","Mahindra EPC Irrig Ltd","D3 STOCK VISION LLP","BUY","2,70,431","185.03","-"
"20-AUG-2025","MAHEPC","Mahindra EPC Irrig Ltd","D3 STOCK VISION LLP","SELL","2,70,931","184.45","-"
"20-AUG-2025","MAHEPC","Mahindra EPC Irrig Ltd","NEO APEX SHARE BROKING SERVICES LLP","SELL","2,65,861","184.11","-"
"20-AUG-2025","MAHEPC","Mahindra EPC Irrig Ltd","NEO APEX SHARE BROKING SERVICES LLP","BUY","2,65,861","184.26","-"
"20-AUG-2025","MAHEPC","Mahindra EPC Irrig Ltd","NEO APEX VENTURE LLP","BUY","1,65,950","185.12","-"
"20-AUG-2025","MAHEPC","Mahindra EPC Irrig Ltd","NEO APEX VENTURE LLP","SELL","1,65,950","184.50","-"
"20-AUG-2025","MAHEPC","Mahindra EPC Irrig Ltd","NK SECURITIES RESEARCH PRIVATE LIMITED","BUY","1,80,539","178.76","-"
"20-AUG-2025","MAHEPC","Mahindra EPC Irrig Ltd","NK SECURITIES RESEARCH PRIVATE LIMITED","SELL","1,80,539","178.97","-"
"20-AUG-2025","MAHEPC","Mahindra EPC Irrig Ltd","RAJEN ANILBHAI SHAH","SELL","2,69,000","185.12","-"
"20-AUG-2025","MCON","Mcon Rasayan India Ltd","HEXAXIS ADVISORS LIMITED","BUY","53,000","80.77","-"
"20-AUG-2025","MCON","Mcon Rasayan India Ltd","YOSHI ENVIROTECH PRIVATE LIMITED","SELL","40,000","80.94","-"
"20-AUG-2025","NAVKARURB","Navkar Urbanstructure Ltd","MANSI SHARE AND STOCK BROKING PRIVATE LIMITED","BUY","1,00,00,000","2.54","-"
"20-AUG-2025","NAVKARURB","Navkar Urbanstructure Ltd","NECTA BLOOM VCC - NECTA BLOOM ONE","SELL","1,00,00,000","2.54","-"
"20-AUG-2025","NAZARA","Nazara Technologies Ltd","GRAVITON RESEARCH CAPITAL LLP","SELL","4,69,423","1,287.93","-"
"20-AUG-2025","NAZARA","Nazara Technologies Ltd","GRAVITON RESEARCH CAPITAL LLP","BUY","4,69,423","1,288.00","-"
"20-AUG-2025","NAZARA","Nazara Technologies Ltd","LKP FINANCE LIMITED","SELL","7,36,667","1,291.03","-"
"20-AUG-2025","NAZARA","Nazara Technologies Ltd","LKP FINANCE LIMITED","BUY","12,58,837","1,314.95","-"
"20-AUG-2025","NAZARA","Nazara Technologies Ltd","MARWADI CHANDARANA INTERMEDIARIES BROKERS PRIVATE LIMITED","SELL","5,20,527","1,287.93","-"
"20-AUG-2025","NAZARA","Nazara Technologies Ltd","MARWADI CHANDARANA INTERMEDIARIES BROKERS PRIVATE LIMITED","BUY","5,40,527","1,279.90","-"
"20-AUG-2025","OLAELEC","Ola Electric Mobility Ltd","GRAVITON RESEARCH CAPITAL LLP","SELL","5,49,59,981","50.18","-"
"20-AUG-2025","OLAELEC","Ola Electric Mobility Ltd","GRAVITON RESEARCH CAPITAL LLP","BUY","5,49,59,981","50.10","-"
"20-AUG-2025","OLAELEC","Ola Electric Mobility Ltd","HRTI PRIVATE LIMITED","SELL","4,64,69,242","50.88","-"
"20-AUG-2025","OLAELEC","Ola Electric Mobility Ltd","HRTI PRIVATE LIMITED","BUY","5,93,01,752","50.60","-"
"20-AUG-2025","OLAELEC","Ola Electric Mobility Ltd","JUMP TRADING FINANCIAL INDIA PRIVATE LIMITED","SELL","3,99,93,087","50.37","-"
"20-AUG-2025","OLAELEC","Ola Electric Mobility Ltd","JUMP TRADING FINANCIAL INDIA PRIVATE LIMITED","BUY","3,99,93,087","50.32","-"
"20-AUG-2025","PROTEAN","Protean eGov Techno Ltd","GRAVITON RESEARCH CAPITAL LLP","BUY","2,97,402","842.85","-"
"20-AUG-2025","PROTEAN","Protean eGov Techno Ltd","GRAVITON RESEARCH CAPITAL LLP","SELL","2,97,402","843.56","-"
"20-AUG-2025","PROTEAN","Protean eGov Techno Ltd","HRTI PRIVATE LIMITED","BUY","2,42,795","854.23","-"
"20-AUG-2025","PROTEAN","Protean eGov Techno Ltd","HRTI PRIVATE LIMITED","SELL","2,55,692","851.95","-"
"20-AUG-2025","REGAAL","Regaal Resources Limited","DIPAN MEHTA COMMODITIES PRIVATE LIMITED","BUY","6,83,484","136.02","-"
"20-AUG-2025","REGAAL","Regaal Resources Limited","DIPAN MEHTA COMMODITIES PRIVATE LIMITED","SELL","6,86,584","136.52","-"
"20-AUG-2025","REGAAL","Regaal Resources Limited","GOLDMINE STOCKS PRIVATE LIMITED","SELL","7,05,176","135.34","-"
"20-AUG-2025","REGAAL","Regaal Resources Limited","GOLDMINE STOCKS PRIVATE LIMITED","BUY","7,05,176","135.23","-"
"20-AUG-2025","REGAAL","Regaal Resources Limited","GRAVITON RESEARCH CAPITAL LLP","SELL","10,21,676","136.26","-"
"20-AUG-2025","REGAAL","Regaal Resources Limited","GRAVITON RESEARCH CAPITAL LLP","BUY","10,21,676","136.23","-"
"20-AUG-2025","REGAAL","Regaal Resources Limited","GRT STRATEGIC VENTURES LLP","BUY","15,28,174","136.78","-"
"20-AUG-2025","REGAAL","Regaal Resources Limited","GRT STRATEGIC VENTURES LLP","SELL","15,28,174","136.85","-"
"20-AUG-2025","REGAAL","Regaal Resources Limited","IRAGE BROKING SERVICES LLP","BUY","11,43,207","137.23","-"
"20-AUG-2025","REGAAL","Regaal Resources Limited","IRAGE BROKING SERVICES LLP","SELL","13,13,693","138.20","-"
"20-AUG-2025","REGAAL","Regaal Resources Limited","JUNOMONETA FINSOL PRIVATE LIMITED","SELL","13,21,165","138.19","-"
"20-AUG-2025","REGAAL","Regaal Resources Limited","JUNOMONETA FINSOL PRIVATE LIMITED","BUY","13,21,165","138.04","-"
"20-AUG-2025","REGAAL","Regaal Resources Limited","NK SECURITIES RESEARCH PRIVATE LIMITED","SELL","12,38,727","138.15","-"
"20-AUG-2025","REGAAL","Regaal Resources Limited","NK SECURITIES RESEARCH PRIVATE LIMITED","BUY","12,38,727","138.08","-"
"20-AUG-2025","REGAAL","Regaal Resources Limited","PURE BROKING PVT LTD","BUY","9,14,059","136.03","-"
"20-AUG-2025","REGAAL","Regaal Resources Limited","PURE BROKING PVT LTD","SELL","9,18,130","136.27","-"
"20-AUG-2025","REGAAL","Regaal Resources Limited","SHARE INDIA SECURITIES LIMITED","BUY","7,14,584","136.96","-"
"20-AUG-2025","REGAAL","Regaal Resources Limited","SHARE INDIA SECURITIES LIMITED","SELL","7,17,434","138.50","-"
"20-AUG-2025","REGAAL","Regaal Resources Limited","SMC GLOBAL SECURITIES LIMITED","BUY","6,49,262","140.22","-"
"20-AUG-2025","REGAAL","Regaal Resources Limited","SMC GLOBAL SECURITIES LIMITED","SELL","6,49,262","140.30","-"
"20-AUG-2025","REGAAL","Regaal Resources Limited","SOUMIK ACHARYA BHADURI","SELL","10,37,346","133.43","-"
"20-AUG-2025","REGAAL","Regaal Resources Limited","SOUMIK ACHARYA BHADURI","BUY","10,37,346","141.00","-"
"20-AUG-2025","REGAAL","Regaal Resources Limited","SPRING VENTURES","SELL","7,00,000","137.33","-"
"20-AUG-2025","REGAAL","Regaal Resources Limited","SPRING VENTURES","BUY","7,00,000","140.71","-"
"20-AUG-2025","REGAAL","Regaal Resources Limited","VARUN KRISHNAVTAR KABRA","BUY","15,14,452","136.66","-"
"20-AUG-2025","REGAAL","Regaal Resources Limited","VARUN KRISHNAVTAR KABRA","SELL","17,14,452","138.08","-"
"20-AUG-2025","RICOAUTO","Rico Auto Industries Ltd","HRTI PRIVATE LIMITED","BUY","6,19,352","96.77","-"
"20-AUG-2025","RICOAUTO","Rico Auto Industries Ltd","HRTI PRIVATE LIMITED","SELL","7,81,475","97.05","-"
"20-AUG-2025","RICOAUTO","Rico Auto Industries Ltd","JUNOMONETA FINSOL PRIVATE LIMITED","BUY","10,23,643","96.87","-"
"20-AUG-2025","RICOAUTO","Rico Auto Industries Ltd","JUNOMONETA FINSOL PRIVATE LIMITED","SELL","10,23,643","96.94","-"
"20-AUG-2025","RICOAUTO","Rico Auto Industries Ltd","QE SECURITIES LLP","SELL","6,97,480","97.07","-"
"20-AUG-2025","RICOAUTO","Rico Auto Industries Ltd","QE SECURITIES LLP","BUY","7,24,727","96.95","-"
"20-AUG-2025","RNPL","Renol Polychem Limited","NEO APEX SHARE BROKING SERVICES LLP","SELL","42,000","74.50","-"
"20-AUG-2025","SAMPANN","Sampann Utpadan India Ltd","DAVOS INTERNATIONAL FUND","SELL","7,29,449","32.40","-"
"20-AUG-2025","SAMPANN","Sampann Utpadan India Ltd","ISQUARE GLOBAL PE FUND","BUY","7,29,449","32.40","-"
"20-AUG-2025","SELLOWRAP","Sellowrap Industries Ltd","GRETEX SHARE BROKING LIMITED","BUY","88,000","100.00","-"
"20-AUG-2025","SELLOWRAP","Sellowrap Industries Ltd","GRETEX SHARE BROKING LIMITED","SELL","88,000","100.23","-"
"20-AUG-2025","SHAILY","Shaily Eng Plastics Ltd","AMERICAN FUNDS FUNDAMENTAL INVESTORS","BUY","2,68,179","1,924.78","-"
"20-AUG-2025","SHAILY","Shaily Eng Plastics Ltd","LIGHTHOUSE INDIA FUND III LIMITED","SELL","5,00,000","1,925.00","-"
"20-AUG-2025","SHAILY","Shaily Eng Plastics Ltd","THE GROWTH FUND OF AMERICA","BUY","5,00,000","1,925.00","-"
"20-AUG-2025","SHANTI","Shanti Overseas (Ind) Ltd","AYUSH  KACHOLIA","SELL","1,41,390","10.04","-"
"20-AUG-2025","SMLT","Sarthak Metals Limited","BANSAL KIRTI","SELL","2,00,000","107.18","-"
"20-AUG-2025","SMLT","Sarthak Metals Limited","SHAH SANJAY CHAMANLAL","BUY","1,94,405","107.15","-"
"20-AUG-2025","SPIC","Southern Petro Ind Corp","GRAVITON RESEARCH CAPITAL LLP","SELL","10,27,852","112.57","-"
"20-AUG-2025","SPIC","Southern Petro Ind Corp","GRAVITON RESEARCH CAPITAL LLP","BUY","10,27,852","112.46","-"
"20-AUG-2025","SPIC","Southern Petro Ind Corp","HRTI PRIVATE LIMITED","BUY","9,62,671","112.55","-"
"20-AUG-2025","SPIC","Southern Petro Ind Corp","HRTI PRIVATE LIMITED","SELL","10,33,275","112.26","-"
"20-AUG-2025","VAISHALI","Vaishali Pharma Limited","VIKRAMKUMAR KARANRAJ SAKARIA HUF","SELL","6,13,304","12.68","-"
"20-AUG-2025","VAISHALI","Vaishali Pharma Limited","VIKRAMKUMAR KARANRAJ SAKARIA HUF","BUY","6,20,000","12.95","-"
"20-AUG-2025","VGUARD","V-Guard Industries Limite","CHITTILAPPILLY THOMAS KOCHUOUSEPH","SELL","41,51,351","370.00","-"
"20-AUG-2025","VIMTALABS","Vimta Labs Limited","HRTI PRIVATE LIMITED","BUY","2,52,475","690.07","-"
"20-AUG-2025","VIMTALABS","Vimta Labs Limited","HRTI PRIVATE LIMITED","SELL","2,63,978","691.06","-"
"20-AUG-2025","YATRA","Yatra Online Limited","HRTI PRIVATE LIMITED","BUY","8,64,214","153.60","-"
"20-AUG-2025","YATRA","Yatra Online Limited","HRTI PRIVATE LIMITED","SELL","8,90,853","153.75","-"