﻿"Date ","Symbol ","Security Name ","Client Name ","Buy / Sell ","Quantity Traded ","Trade Price / Wght. Avg. Price ","Remarks "
"13-OCT-2025","AKG","AKG Exim Limited","GROWTH SECURITIES PRIVATE LIMITED","BUY","2,754","13.80","-"
"13-OCT-2025","AKG","AKG Exim Limited","GROWTH SECURITIES PRIVATE LIMITED","SELL","2,16,216","14.26","-"
"13-OCT-2025","BAGDIGITAL","B.A.G.Convergence Limited","CROWN CREST FINSERV PRIVATE LIMITED","BUY","1,84,000","97.00","-"
"13-OCT-2025","BAGDIGITAL","B.A.G.Convergence Limited","RAMAN  TALWAR","BUY","3,95,200","97.00","-"
"13-OCT-2025","BAGDIGITAL","B.A.G.Convergence Limited","VIKASA INDIA EIF I FUND-INCUBE GLOBAL OPPORTUNITIES","SELL","6,41,600","97.03","-"
"13-OCT-2025","CBAZAAR","Net Avenue Technologies L","ARUN MAHESHWARI HUF","SELL","1,76,000","3.65","-"
"13-OCT-2025","ESFL","Essen Speciality Films L","ABLY COMMERCE PRIVATE LIMITED","SELL","1,64,520","275.50","-"
"13-OCT-2025","GATECH","GACM Technologies Limited","RAKESH KUMAR UPPAL AND SONS HUF","SELL","32,57,758","0.73","-"
"13-OCT-2025","GATECH","GACM Technologies Limited","RAKESH KUMAR UPPAL AND SONS HUF","BUY","66,19,848","0.73","-"
"13-OCT-2025","GMBREW","GM Breweries Ltd.","ALPHAGREP SECURITIES PRIVATE LIMITED","SELL","2,30,515","960.50","-"
"13-OCT-2025","GMBREW","GM Breweries Ltd.","ALPHAGREP SECURITIES PRIVATE LIMITED","BUY","2,30,515","960.07","-"
"13-OCT-2025","GMBREW","GM Breweries Ltd.","GRAVITON RESEARCH CAPITAL LLP","SELL","5,88,539","956.36","-"
"13-OCT-2025","GMBREW","GM Breweries Ltd.","GRAVITON RESEARCH CAPITAL LLP","BUY","5,88,539","955.70","-"
"13-OCT-2025","GMBREW","GM Breweries Ltd.","HRTI PRIVATE LIMITED","BUY","1,45,067","942.52","-"
"13-OCT-2025","GMBREW","GM Breweries Ltd.","HRTI PRIVATE LIMITED","SELL","1,50,066","954.72","-"
"13-OCT-2025","GMBREW","GM Breweries Ltd.","JUNOMONETA FINSOL PRIVATE LIMITED","SELL","1,76,667","952.27","-"
"13-OCT-2025","GMBREW","GM Breweries Ltd.","JUNOMONETA FINSOL PRIVATE LIMITED","BUY","1,76,667","951.81","-"
"13-OCT-2025","GMBREW","GM Breweries Ltd.","NK SECURITIES RESEARCH PRIVATE LIMITED","BUY","1,89,091","957.26","-"
"13-OCT-2025","GMBREW","GM Breweries Ltd.","NK SECURITIES RESEARCH PRIVATE LIMITED","SELL","1,89,091","957.67","-"
"13-OCT-2025","GMBREW","GM Breweries Ltd.","QE SECURITIES LLP","SELL","2,15,762","959.11","-"
"13-OCT-2025","GMBREW","GM Breweries Ltd.","QE SECURITIES LLP","BUY","2,16,309","954.47","-"
"13-OCT-2025","IZMO","IZMO Limited","NEO APEX VENTURE LLP","SELL","1,16,972","1,014.00","-"
"13-OCT-2025","JALAN","Jalan Transolu. India Ltd","PATATRI MUKHERJEE","SELL","1,23,000","3.85","-"
"13-OCT-2025","KAVDEFENCE","Kavveri Dfs & Wir Tec Ltd","NEO APEX VENTURE LLP","BUY","2,025","125.69","-"
"13-OCT-2025","KAVDEFENCE","Kavveri Dfs & Wir Tec Ltd","NEO APEX VENTURE LLP","SELL","2,00,000","125.69","-"
"13-OCT-2025","MANAKCOAT","Man Coat Metal & Ind Ltd","IRAGE BROKING SERVICES LLP","SELL","5,28,955","162.04","-"
"13-OCT-2025","MANAKCOAT","Man Coat Metal & Ind Ltd","IRAGE BROKING SERVICES LLP","BUY","5,59,442","162.30","-"
"13-OCT-2025","MANAKCOAT","Man Coat Metal & Ind Ltd","JUNOMONETA FINSOL PRIVATE LIMITED","SELL","7,03,430","162.29","-"
"13-OCT-2025","MANAKCOAT","Man Coat Metal & Ind Ltd","JUNOMONETA FINSOL PRIVATE LIMITED","BUY","7,03,430","162.08","-"
"13-OCT-2025","MANAKCOAT","Man Coat Metal & Ind Ltd","NK SECURITIES RESEARCH PRIVATE LIMITED","SELL","12,58,198","162.34","-"
"13-OCT-2025","MANAKCOAT","Man Coat Metal & Ind Ltd","NK SECURITIES RESEARCH PRIVATE LIMITED","BUY","12,58,198","162.20","-"
"13-OCT-2025","MANAKCOAT","Man Coat Metal & Ind Ltd","PACE STOCK BROKING SERVICES PVT LTD","BUY","9,52,038","162.07","-"
"13-OCT-2025","MANAKCOAT","Man Coat Metal & Ind Ltd","PACE STOCK BROKING SERVICES PVT LTD","SELL","9,52,038","162.28","-"
"13-OCT-2025","MANAKCOAT","Man Coat Metal & Ind Ltd","SILVERLEAF CAPITAL SERVICES PRIVATE LIMITED","SELL","8,10,277","162.15","-"
"13-OCT-2025","MANAKCOAT","Man Coat Metal & Ind Ltd","SILVERLEAF CAPITAL SERVICES PRIVATE LIMITED","BUY","8,10,277","161.85","-"
"13-OCT-2025","MAPMYINDIA","C.E. Info Systems Limited","GRAVITON RESEARCH CAPITAL LLP","SELL","4,09,953","1,828.34","-"
"13-OCT-2025","MAPMYINDIA","C.E. Info Systems Limited","GRAVITON RESEARCH CAPITAL LLP","BUY","4,09,953","1,826.94","-"
"13-OCT-2025","MUNISH","Munish Forge Limited","SHREYA YADAV","BUY","1,35,600","126.03","-"
"13-OCT-2025","MUNJALSHOW","Munjal Showa Ltd","ESVEE CAPITAL","SELL","3,80,000","122.09","-"
"13-OCT-2025","NIRMAN","Nirman Agri Gentics Ltd","NEO APEX VENTURE LLP","SELL","44,700","184.91","-"
"13-OCT-2025","NIRMAN","Nirman Agri Gentics Ltd","NEO APEX VENTURE LLP","BUY","85,800","184.80","-"
"13-OCT-2025","ORIENTTECH","Orient Technologies Ltd","HRTI PRIVATE LIMITED","BUY","2,14,596","455.95","-"
"13-OCT-2025","ORIENTTECH","Orient Technologies Ltd","HRTI PRIVATE LIMITED","SELL","2,27,675","459.70","-"
"13-OCT-2025","POLYSIL","Polysil Irrigation Syst L","YAGNIK BHARATKUMAR TANK","BUY","1,50,000","272.45","-"
"13-OCT-2025","SAMAY","Samay Project Services L","HI GROWTH CORPORATE SERVICES PVT LTD","BUY","84,000","39.22","-"
"13-OCT-2025","SAMAY","Samay Project Services L","HI GROWTH CORPORATE SERVICES PVT LTD","SELL","92,000","38.31","-"
"13-OCT-2025","SANGINITA","Sanginita Chemicals Limit","DINESHSINH BHIMSINH CHAVADA","SELL","2,00,000","10.24","-"
"13-OCT-2025","SFL","Sheela Foam Limited","SBI MUTUAL FUND","SELL","32,49,946","678.25","-"
"13-OCT-2025","SFL","Sheela Foam Limited","SBI MUTUAL FUND","BUY","32,49,991","678.25","-"
"13-OCT-2025","SHEEL","Sheel Biotech Limited","MANSI SHARE AND STOCK BROKING PRIVATE LIMITED","SELL","60,000","82.00","-"
"13-OCT-2025","SHEEL","Sheel Biotech Limited","MANSI SHARE AND STOCK BROKING PRIVATE LIMITED","BUY","1,30,000","82.00","-"
"13-OCT-2025","STALLION","Stallion Ind Fluorochem L","D3 STOCK VISION LLP","BUY","5,52,086","334.72","-"
"13-OCT-2025","STALLION","Stallion Ind Fluorochem L","D3 STOCK VISION LLP","SELL","5,66,086","335.23","-"
"13-OCT-2025","STALLION","Stallion Ind Fluorochem L","JUNOMONETA FINSOL PRIVATE LIMITED","BUY","6,89,323","310.92","-"
"13-OCT-2025","STALLION","Stallion Ind Fluorochem L","JUNOMONETA FINSOL PRIVATE LIMITED","SELL","6,90,751","311.13","-"
"13-OCT-2025","STALLION","Stallion Ind Fluorochem L","LIESHA CORPORATION PRIVATE LIMITED .","BUY","5,32,709","337.50","-"
"13-OCT-2025","STALLION","Stallion Ind Fluorochem L","LIESHA CORPORATION PRIVATE LIMITED .","SELL","5,32,710","337.11","-"
"13-OCT-2025","STALLION","Stallion Ind Fluorochem L","MATHISYS ADVISORS LLP","SELL","4,76,381","301.49","-"
"13-OCT-2025","STALLION","Stallion Ind Fluorochem L","MATHISYS ADVISORS LLP","BUY","5,20,752","307.96","-"
"13-OCT-2025","SUBAHOTELS","Suba Hotels Limited","NNM SECURITIES PVT LTD","BUY","19,200","194.99","-"
"13-OCT-2025","SUBAHOTELS","Suba Hotels Limited","NNM SECURITIES PVT LTD","SELL","1,99,200","196.47","-"
"13-OCT-2025","SUBAHOTELS","Suba Hotels Limited","VEGESNA SECURITIES PRIVATE LIMITED","BUY","1,50,000","196.65","-"
"13-OCT-2025","TAURIAN","Taurian MPS Limited","NEXT ORBIT GROWTH FUND III","SELL","46,400","359.64","-"
"13-OCT-2025","TECHERA","TechEra Engineer (Ind) L","BHOOVAN SORAN","BUY","1,12,800","282.45","-"
"13-OCT-2025","UMIYA-MRO","UMIYA BUILDCON LIMITED","AMIT KUMAR JAIN HUF","BUY","1,36,276","101.89","-"
"13-OCT-2025","UMIYA-MRO","UMIYA BUILDCON LIMITED","AMIT KUMAR JAIN HUF","SELL","1,36,276","101.85","-"
"13-OCT-2025","UNIVASTU","Univastu India Limited","KRISHNA AWTAR KABRA","BUY","2,65,510","98.19","-"
"13-OCT-2025","UNIVASTU","Univastu India Limited","KRISHNA AWTAR KABRA","SELL","2,65,510","98.34","-"
"13-OCT-2025","UNIVASTU","Univastu India Limited","SN ENTERPRISES","BUY","82,000","102.65","-"
"13-OCT-2025","UNIVASTU","Univastu India Limited","SN ENTERPRISES","SELL","82,000","99.82","-"
"13-OCT-2025","VIPULLTD","Vipul Limited","SHARBHANG COMMERCIAL COMPANY PRIVATE LIMITED .","BUY","23,00,000","8.10","-"
"13-OCT-2025","VIPULLTD","Vipul Limited","USHA  BAID","SELL","30,00,000","8.11","-"
"13-OCT-2025","WAAREERTL","Waaree Renewable Tech Ltd","GRAVITON RESEARCH CAPITAL LLP","SELL","11,72,484","1,249.24","-"
"13-OCT-2025","WAAREERTL","Waaree Renewable Tech Ltd","GRAVITON RESEARCH CAPITAL LLP","BUY","11,72,572","1,248.18","-"
"13-OCT-2025","WEWORK","WeWork India Management L","CLSA GLOBAL MARKETS PTE. LTD-ODI","SELL","8,36,616","618.55","-"