﻿"Date ","Symbol ","Security Name ","Client Name ","Buy / Sell ","Quantity Traded ","Trade Price / Wght. Avg. Price ","Remarks "
"13-JUN-2025","AESTHETIK","Aesthetik Engineers Ltd","PUSHKAR BANIJYA LTD","BUY","90,000","137.72","-"
"13-JUN-2025","ARIHANTACA","Arihant Academy Limited","KIRTI UMESH PANGAM","SELL","55,200","274.91","-"
"13-JUN-2025","ATALREAL","Atal Realtech Limited","PASHUPATI CAPITA SER PVT LTD","SELL","2,83,671","18.50","-"
"13-JUN-2025","ATALREAL","Atal Realtech Limited","PASHUPATI CAPITA SER PVT LTD","BUY","6,12,966","19.00","-"
"13-JUN-2025","FINOPB","Fino Payments Bank Ltd","CRONY VYAPAR PVT LTD","SELL","4,37,122","279.92","-"
"13-JUN-2025","FINOPB","Fino Payments Bank Ltd","CRONY VYAPAR PVT LTD","BUY","6,25,443","280.43","-"
"13-JUN-2025","FINOPB","Fino Payments Bank Ltd","PARTH INFIN BROKERS PVT LTD","SELL","6,46,244","283.54","-"
"13-JUN-2025","FINOPB","Fino Payments Bank Ltd","PARTH INFIN BROKERS PVT LTD","BUY","7,09,049","283.37","-"
"13-JUN-2025","JUBLFOOD","Jubilant Foodworks Limite","JUBILANT CONSUMER PRIVATE LIMITED","SELL","1,06,00,000","662.00","-"
"13-JUN-2025","JUBLINGREA","Jubilant Ingrevia Limited","AXIS MUTUAL FUND","BUY","19,00,000","676.00","-"
"13-JUN-2025","JUBLINGREA","Jubilant Ingrevia Limited","GRAVITON RESEARCH CAPITAL LLP","BUY","12,16,233","749.36","-"
"13-JUN-2025","JUBLINGREA","Jubilant Ingrevia Limited","GRAVITON RESEARCH CAPITAL LLP","SELL","12,16,233","750.53","-"
"13-JUN-2025","JUBLINGREA","Jubilant Ingrevia Limited","HDFC MUTUAL FUND","BUY","19,70,000","676.00","-"
"13-JUN-2025","JUBLINGREA","Jubilant Ingrevia Limited","JUBILANT ENPRO PRIVATE LIMITED","SELL","28,27,071","676.00","-"
"13-JUN-2025","JUBLINGREA","Jubilant Ingrevia Limited","KOTAK MAHINDRA MUTUAL FUND","BUY","44,65,071","676.00","-"
"13-JUN-2025","JUBLINGREA","Jubilant Ingrevia Limited","MUSIGMA SECURITIES","SELL","9,77,534","772.56","-"
"13-JUN-2025","JUBLINGREA","Jubilant Ingrevia Limited","MUSIGMA SECURITIES","BUY","9,77,534","772.36","-"
"13-JUN-2025","JUBLINGREA","Jubilant Ingrevia Limited","NIKITA RESOURCES PRIVATE LIMITED","SELL","34,14,540","676.00","-"
"13-JUN-2025","JUBLINGREA","Jubilant Ingrevia Limited","SHYAM SUNDER BHARTIA FAMILY TRUST","SELL","36,23,460","676.00","-"
"13-JUN-2025","JUBLPHARMA","Jubilant Pharmova Ltd","JUBILANT ENPRO PRIVATE LIMITED","SELL","21,16,000","1,060.00","-"
"13-JUN-2025","JUBLPHARMA","Jubilant Pharmova Ltd","KOTAK FUNDS - INDIA MIDCAP FUND","BUY","15,93,500","1,060.00","-"
"13-JUN-2025","JUBLPHARMA","Jubilant Pharmova Ltd","KOTAK MAHINDRA MUTUAL FUND","BUY","16,93,434","1,060.00","-"
"13-JUN-2025","JUBLPHARMA","Jubilant Pharmova Ltd","NIKITA RESOURCES PRIVATE LIMITED","SELL","19,62,434","1,060.37","-"
"13-JUN-2025","KBCGLOBAL","KBC Global Limited","ANKITA VISHAL SHAH","SELL","2,28,04,258","0.47","-"
"13-JUN-2025","KBCGLOBAL","KBC Global Limited","ANKITA VISHAL SHAH","BUY","6,61,04,258","0.45","-"
"13-JUN-2025","KBCGLOBAL","KBC Global Limited","MLB STOCK BROKING PRIVATE LIMITED","BUY","2,66,96,083","0.46","-"
"13-JUN-2025","KBCGLOBAL","KBC Global Limited","MLB STOCK BROKING PRIVATE LIMITED","SELL","2,66,96,083","0.46","-"
"13-JUN-2025","KESORAMIND","KESORAM INDUSTRIES LTD","DEVI TRADERS LLP","BUY","7,00,000","6.99","-"
"13-JUN-2025","KESORAMIND","KESORAM INDUSTRIES LTD","DEVI TRADERS LLP","SELL","47,00,000","6.99","-"
"13-JUN-2025","KESORAMIND","KESORAM INDUSTRIES LTD","GANDHI K.","BUY","20,00,000","6.99","-"
"13-JUN-2025","KESORAMIND","KESORAM INDUSTRIES LTD","NEO APEX VENTURE LLP","SELL","20,00,000","6.99","-"
"13-JUN-2025","KESORAMIND","KESORAM INDUSTRIES LTD","NEO APEX VENTURE LLP","BUY","22,00,000","6.99","-"
"13-JUN-2025","MVKAGRO","M.V.K. Agro Food Prod Ltd","SAVITRIBEN MAHENDRAKUMAR SHAH","BUY","96,000","124.45","-"
"13-JUN-2025","NAZARA","Nazara Technologies Ltd","ESTATE OF LATE MR. RAKESH JHUNJHUNWALA","SELL","14,23,620","1,225.63","-"
"13-JUN-2025","ONEPOINT","One Point One Sol Ltd","ZETA GLOBAL FUNDS (OEIC) PCC LIMITED - ZETA SERIES B FUND PC","SELL","14,50,066","52.77","-"
"13-JUN-2025","PRANIK","Pranik Logistics Limited","ALLINA  QURESHI","SELL","28,800","89.45","-"
"13-JUN-2025","PRANIK","Pranik Logistics Limited","ALLINA  QURESHI","BUY","2,40,000","90.35","-"
"13-JUN-2025","PRANIK","Pranik Logistics Limited","MONEYPLANT GOLD & JEWELLERY TRADING L.L.C","SELL","2,08,000","90.25","-"
"13-JUN-2025","SCI","Shipping Corp of India","GRAVITON RESEARCH CAPITAL LLP","SELL","28,61,775","226.07","-"
"13-JUN-2025","SCI","Shipping Corp of India","GRAVITON RESEARCH CAPITAL LLP","BUY","28,61,775","225.87","-"
"13-JUN-2025","SCI","Shipping Corp of India","HRTI PRIVATE LIMITED","SELL","24,53,004","225.90","-"
"13-JUN-2025","SCI","Shipping Corp of India","HRTI PRIVATE LIMITED","BUY","27,02,875","225.72","-"
"13-JUN-2025","SCI","Shipping Corp of India","QE SECURITIES LLP","SELL","26,80,791","229.77","-"
"13-JUN-2025","SCI","Shipping Corp of India","QE SECURITIES LLP","BUY","26,95,919","229.17","-"
"13-JUN-2025","SCODATUBES","Scoda Tubes Limited","MORGAN STANLEY ASIA SINGAPORE PTE","SELL","4,20,000","181.42","-"
"13-JUN-2025","SEPC-RE3","SEPC Ltd","AAR FIN BROKERS PVT LTD","BUY","25,00,000","1.15","-"
"13-JUN-2025","SEPC-RE3","SEPC Ltd","BANK OF INDIA","SELL","59,74,702","1.21","-"
"13-JUN-2025","SEPC-RE3","SEPC Ltd","DEVI TRADERS LLP","SELL","8,00,000","1.32","-"
"13-JUN-2025","SEPC-RE3","SEPC Ltd","DEVI TRADERS LLP","BUY","20,00,000","1.20","-"
"13-JUN-2025","SEPC-RE3","SEPC Ltd","MARK AB WELFARE TRUST","SELL","1,84,78,670","1.22","-"
"13-JUN-2025","SHALBY","Shalby Limited","FIRST WATER FUND","BUY","7,00,000","180.00","-"
"13-JUN-2025","SHALBY","Shalby Limited","HARESH TIKAMDAS KASWANI","SELL","7,00,000","180.00","-"
"13-JUN-2025","SRPL","Shree Ram Proteins Ltd.","HARBIR SINGH CHADHA","SELL","16,54,907","0.54","-"
"13-JUN-2025","TGL","Teerth Gopicon Limited","DEVI TRADERS LLP","SELL","60,400","152.72","-"
"13-JUN-2025","TGL","Teerth Gopicon Limited","DEVI TRADERS LLP","BUY","75,000","154.76","-"
"13-JUN-2025","TGL","Teerth Gopicon Limited","ISHAAN TRADEFIN LLP","BUY","41,400","155.50","-"
"13-JUN-2025","TGL","Teerth Gopicon Limited","ISHAAN TRADEFIN LLP","SELL","79,000","145.10","-"
"13-JUN-2025","TGL","Teerth Gopicon Limited","NEO APEX VENTURE LLP","BUY","39,800","140.85","-"
"13-JUN-2025","TGL","Teerth Gopicon Limited","NEO APEX VENTURE LLP","SELL","1,42,000","151.46","-"
"13-JUN-2025","UGRO-RE","Ugro Capital Ltd","ABHYANT CONSTRUCTION PRIVATE LIMITED","SELL","1,89,607","7.45","-"
"13-JUN-2025","UGRO-RE","Ugro Capital Ltd","ZODIAC WEALTH ADVISORS LLP","BUY","1,44,127","7.46","-"
"13-JUN-2025","VALIANTLAB","Valiant Laboratories Ltd","TRADE CORNER","SELL","2,35,200","120.29","-"
"13-JUN-2025","ZENITHSTL","Zenith Steel Pip Ind Ltd","IRAGE BROKING SERVICES LLP","BUY","5,95,704","9.25","-"
"13-JUN-2025","ZENITHSTL","Zenith Steel Pip Ind Ltd","IRAGE BROKING SERVICES LLP","SELL","8,37,832","9.07","-"