﻿"Date ","Symbol ","Security Name ","Client Name ","Buy / Sell ","Quantity Traded ","Trade Price / Wght. Avg. Price ","Remarks "
"19-JUN-2025","AEROFLEX","Aeroflex Industries Ltd","AAKRAYA RESEARCH LLP","SELL","11,89,731","197.55","-"
"19-JUN-2025","AEROFLEX","Aeroflex Industries Ltd","AAKRAYA RESEARCH LLP","BUY","11,89,731","197.41","-"
"19-JUN-2025","AEROFLEX","Aeroflex Industries Ltd","ELIXIR WEALTH MANAGEMENT PRIVATE LIMITED","SELL","14,75,452","199.02","-"
"19-JUN-2025","AEROFLEX","Aeroflex Industries Ltd","ELIXIR WEALTH MANAGEMENT PRIVATE LIMITED","BUY","14,98,452","198.44","-"
"19-JUN-2025","AEROFLEX","Aeroflex Industries Ltd","GRAVITON RESEARCH CAPITAL LLP","SELL","29,88,203","196.25","-"
"19-JUN-2025","AEROFLEX","Aeroflex Industries Ltd","GRAVITON RESEARCH CAPITAL LLP","BUY","29,88,203","196.08","-"
"19-JUN-2025","AEROFLEX","Aeroflex Industries Ltd","HRTI PRIVATE LIMITED","BUY","10,22,952","195.99","-"
"19-JUN-2025","AEROFLEX","Aeroflex Industries Ltd","HRTI PRIVATE LIMITED","SELL","10,25,112","195.78","-"
"19-JUN-2025","AEROFLEX","Aeroflex Industries Ltd","IRAGE BROKING SERVICES LLP","SELL","4,14,400","198.17","-"
"19-JUN-2025","AEROFLEX","Aeroflex Industries Ltd","IRAGE BROKING SERVICES LLP","BUY","7,51,257","200.38","-"
"19-JUN-2025","AEROFLEX","Aeroflex Industries Ltd","MICROCURVES TRADING PRIVATE LIMITED","BUY","9,39,679","197.08","-"
"19-JUN-2025","AEROFLEX","Aeroflex Industries Ltd","MICROCURVES TRADING PRIVATE LIMITED","SELL","9,39,679","197.19","-"
"19-JUN-2025","AEROFLEX","Aeroflex Industries Ltd","MUSIGMA SECURITIES","BUY","24,69,396","198.49","-"
"19-JUN-2025","AEROFLEX","Aeroflex Industries Ltd","MUSIGMA SECURITIES","SELL","24,69,396","198.56","-"
"19-JUN-2025","AEROFLEX","Aeroflex Industries Ltd","NK SECURITIES RESEARCH PRIVATE LIMITED","BUY","21,13,791","198.88","-"
"19-JUN-2025","AEROFLEX","Aeroflex Industries Ltd","NK SECURITIES RESEARCH PRIVATE LIMITED","SELL","21,13,791","198.96","-"
"19-JUN-2025","AEROFLEX","Aeroflex Industries Ltd","QE SECURITIES LLP","BUY","18,16,985","197.76","-"
"19-JUN-2025","AEROFLEX","Aeroflex Industries Ltd","QE SECURITIES LLP","SELL","18,21,531","197.79","-"
"19-JUN-2025","AHLADA","Ahlada Engineers Limited","ZALA SHAILENDRASINH C","BUY","70,100","78.04","-"
"19-JUN-2025","AHLADA","Ahlada Engineers Limited","ZALA SHAILENDRASINH C","SELL","75,417","77.28","-"
"19-JUN-2025","ARIHANTACA","Arihant Academy Limited","RUPAL NILESH SHAH","SELL","30,400","275.00","-"
"19-JUN-2025","BTML","Bodhi Tree Multimedia Ltd","FAST TRACK FINSEC PRIVATE LIMITED","SELL","9,07,586","8.50","-"
"19-JUN-2025","DIACABS","Diamond Power Infra Ltd","UNICON SUPPLIERS PRIVATE LIMITED","SELL","48,00,000","100.09","-"
"19-JUN-2025","ETHOSLTD","Ethos Limited","GOLDMAN SACHS FUNDS - GOLDMAN SACHS INDIA EQUITY PORTFOLIO","SELL","1,77,943","2,700.67","-"
"19-JUN-2025","GILLANDERS","Gillanders Arbuthnot Ltd","JATESH JAIN","SELL","1,39,186","143.60","-"
"19-JUN-2025","GILLANDERS","Gillanders Arbuthnot Ltd","JATESH JAIN","BUY","1,43,286","143.93","-"
"19-JUN-2025","HILTON","Hilton Metal Forging Limi","YUVRAJ HIRALAL MALHOTRA","SELL","1,91,682","71.34","-"
"19-JUN-2025","KBCGLOBAL","KBC Global Limited","ACHINTYA SECURITIES PRIVATE LIMITED","SELL","4,48,20,123","0.51","-"
"19-JUN-2025","KBCGLOBAL","KBC Global Limited","ACHINTYA SECURITIES PRIVATE LIMITED","BUY","4,65,58,618","0.51","-"
"19-JUN-2025","KBCGLOBAL","KBC Global Limited","ANKITA VISHAL SHAH","SELL","18,62,000","0.50","-"
"19-JUN-2025","KBCGLOBAL","KBC Global Limited","ANKITA VISHAL SHAH","BUY","3,75,00,000","0.49","-"
"19-JUN-2025","KBCGLOBAL","KBC Global Limited","DEVI TRADERS LLP","SELL","2,85,32,848","0.51","-"
"19-JUN-2025","KBCGLOBAL","KBC Global Limited","DEVI TRADERS LLP","BUY","2,91,35,036","0.51","-"
"19-JUN-2025","KBCGLOBAL","KBC Global Limited","RAMA KRISHNA VARMA PENMETSA","SELL","6,17,62,197","0.50","-"
"19-JUN-2025","KRIDHANINF","Kridhan Infra Limited","THE INDIAMAN FUND MAURITIUS LIMITED","SELL","8,66,924","4.68","-"
"19-JUN-2025","KRN","KRN Heat Exchange N Ref L","SARAVANA SECURITIES  D.SATHYAMOORTHI","BUY","3,30,000","807.62","-"
"19-JUN-2025","MAGSON","Magson Retail And Dist L","CHINTANKUMAR DASHRATBHAI PATEL","SELL","1,58,000","140.00","-"
"19-JUN-2025","MAGSON","Magson Retail And Dist L","KHODEEAR ENTERPRISE LLP LLP","BUY","1,79,000","140.00","-"
"19-JUN-2025","MONOLITH","Monolithisch India Ltd","FINAVENUE GROWTH FUND","BUY","2,00,000","231.55","-"
"19-JUN-2025","MONOLITH","Monolithisch India Ltd","JAIN SANJAY POPATLAL","BUY","1,80,000","231.55","-"
"19-JUN-2025","PRIVISCL","Privi Speciality Che Ltd","BHAKTAVATSALA RAO  DOPPALAPUDI","SELL","7,00,000","2,055.00","-"
"19-JUN-2025","PRIVISCL","Privi Speciality Che Ltd","SBI FUNDS MANAGEMENT LIMITED","BUY","2,80,000","2,055.00","-"
"19-JUN-2025","PRIVISCL","Privi Speciality Che Ltd","SBI MUTUAL FUND","BUY","12,22,721","2,055.00","-"
"19-JUN-2025","PRIVISCL","Privi Speciality Che Ltd","VIJAY KUMAR  DOPPALAPUDI","SELL","3,20,000","2,055.00","-"
"19-JUN-2025","PRIVISCL","Privi Speciality Che Ltd","VINAYKUMAR DOPPALAPUDI RAO","SELL","3,30,000","2,087.70","-"
"19-JUN-2025","PRIVISCL","Privi Speciality Che Ltd","VIVIRA INVESTMENT AND TRADING PVT LTD","SELL","2,50,000","2,055.00","-"
"19-JUN-2025","SBC","SBC Exports Limited","ASHU KUMAR AGGARWAL","SELL","2,00,000","14.48","-"
"19-JUN-2025","SBC","SBC Exports Limited","ASHU KUMAR AGGARWAL","BUY","25,00,000","14.53","-"
"19-JUN-2025","SBC","SBC Exports Limited","HRTI PRIVATE LIMITED","BUY","24,44,784","15.21","-"
"19-JUN-2025","SBC","SBC Exports Limited","HRTI PRIVATE LIMITED","SELL","25,49,500","15.16","-"
"19-JUN-2025","SILLYMONKS","Silly Monks Entertain Ltd","MITTAL PUNEET","BUY","71,180","18.20","-"
"19-JUN-2025","SILLYMONKS","Silly Monks Entertain Ltd","MITTAL PUNEET","SELL","99,919","17.86","-"
"19-JUN-2025","STLTECH","Sterlite Technologies Ltd","AAKRAYA RESEARCH LLP","BUY","25,15,145","110.46","-"
"19-JUN-2025","STLTECH","Sterlite Technologies Ltd","AAKRAYA RESEARCH LLP","SELL","25,15,145","110.51","-"
"19-JUN-2025","SUMEETINDS","Sumeet Ind Limited","SANDHYA TAYAL","SELL","40,100","55.96","-"
"19-JUN-2025","SUMEETINDS","Sumeet Ind Limited","THUNDERSTRIKE QUANT RESEARCH LLP","BUY","50,000","55.96","-"
"19-JUN-2025","ZEEMEDIA","Zee News Limited","AUV INNOVATIONS LLP","BUY","1,11,00,000","13.55","-"
"19-JUN-2025","ZEEMEDIA","Zee News Limited","MILOEUX MEDIA & ENTERTAINMENT PRIVATE LIMITED","SELL","87,21,157","13.57","-"