﻿"Date ","Symbol ","Security Name ","Client Name ","Buy / Sell ","Quantity Traded ","Trade Price / Wght. Avg. Price ","Remarks "
"19-AUG-2025","AMCL","ANB Metal Cast Limited","KOMALAY INVESTRADE PRIVATE LIMITED","BUY","800","172.00","-"
"19-AUG-2025","AMCL","ANB Metal Cast Limited","KOMALAY INVESTRADE PRIVATE LIMITED","SELL","60,000","164.74","-"
"19-AUG-2025","AXITA","Axita Cotton Limited","DHARAM PAL AGGARWAL","SELL","1,73,925","8.81","-"
"19-AUG-2025","AXITA","Axita Cotton Limited","DHARAM PAL AGGARWAL","BUY","21,23,583","8.81","-"
"19-AUG-2025","BHARATGEAR","Bharat Gears Ltd","ANKITA VISHAL SHAH","BUY","98,650","100.36","-"
"19-AUG-2025","BHARATGEAR","Bharat Gears Ltd","ANKITA VISHAL SHAH","SELL","1,02,650","103.06","-"
"19-AUG-2025","CONNPLEX","Connplex Cinemas Limited","NEO APEX VENTURE LLP","SELL","1,10,400","181.14","-"
"19-AUG-2025","DENTA","Denta Water N Infra Sol L","HRTI PRIVATE LIMITED","SELL","4,09,998","386.22","-"
"19-AUG-2025","DENTA","Denta Water N Infra Sol L","HRTI PRIVATE LIMITED","BUY","4,44,303","384.84","-"
"19-AUG-2025","DENTA","Denta Water N Infra Sol L","JUNOMONETA FINSOL PRIVATE LIMITED","BUY","3,28,133","384.71","-"
"19-AUG-2025","DENTA","Denta Water N Infra Sol L","JUNOMONETA FINSOL PRIVATE LIMITED","SELL","3,28,133","385.20","-"
"19-AUG-2025","DENTA","Denta Water N Infra Sol L","MATHISYS ADVISORS LLP","BUY","3,53,291","385.87","-"
"19-AUG-2025","DENTA","Denta Water N Infra Sol L","MATHISYS ADVISORS LLP","SELL","3,53,545","385.92","-"
"19-AUG-2025","DENTA","Denta Water N Infra Sol L","MICROCURVES TRADING PRIVATE LIMITED","BUY","1,67,594","386.59","-"
"19-AUG-2025","DENTA","Denta Water N Infra Sol L","MICROCURVES TRADING PRIVATE LIMITED","SELL","1,67,594","386.90","-"
"19-AUG-2025","DENTA","Denta Water N Infra Sol L","NK SECURITIES RESEARCH PRIVATE LIMITED","SELL","1,38,378","388.91","-"
"19-AUG-2025","DENTA","Denta Water N Infra Sol L","NK SECURITIES RESEARCH PRIVATE LIMITED","BUY","1,38,378","388.73","-"
"19-AUG-2025","DENTA","Denta Water N Infra Sol L","QE SECURITIES LLP","BUY","2,66,611","384.86","-"
"19-AUG-2025","DENTA","Denta Water N Infra Sol L","QE SECURITIES LLP","SELL","2,70,545","385.28","-"
"19-AUG-2025","GEPIL","GE Power India Limited","GRAVITON RESEARCH CAPITAL LLP","SELL","3,93,923","379.80","-"
"19-AUG-2025","GEPIL","GE Power India Limited","GRAVITON RESEARCH CAPITAL LLP","BUY","3,93,923","379.30","-"
"19-AUG-2025","HLEGLAS","HLE Glascoat Limited","GRAVITON RESEARCH CAPITAL LLP","BUY","3,56,218","479.92","-"
"19-AUG-2025","HLEGLAS","HLE Glascoat Limited","GRAVITON RESEARCH CAPITAL LLP","SELL","3,56,218","480.87","-"
"19-AUG-2025","HLEGLAS","HLE Glascoat Limited","NEO APEX VENTURE LLP","BUY","4,60,608","497.48","-"
"19-AUG-2025","HLEGLAS","HLE Glascoat Limited","NEO APEX VENTURE LLP","SELL","4,60,608","498.64","-"
"19-AUG-2025","HVAX","HVAX Technologies Limited","FIVEX CAPITAL VCC - FIVEX EMERGING STAR FUND","BUY","18,900","799.90","-"
"19-AUG-2025","HVAX","HVAX Technologies Limited","RADIANT GLOBAL FUND-CLASS B PARTICIPATING SHARES","SELL","18,900","799.90","-"
"19-AUG-2025","JAMNAAUTO","Jamna Auto Ind Ltd","MUSIGMA SECURITIES","BUY","29,75,947","104.29","-"
"19-AUG-2025","JAMNAAUTO","Jamna Auto Ind Ltd","MUSIGMA SECURITIES","SELL","29,75,947","104.37","-"
"19-AUG-2025","JAMNAAUTO","Jamna Auto Ind Ltd","NK SECURITIES RESEARCH PRIVATE LIMITED","SELL","28,87,164","104.66","-"
"19-AUG-2025","JAMNAAUTO","Jamna Auto Ind Ltd","NK SECURITIES RESEARCH PRIVATE LIMITED","BUY","28,87,164","104.60","-"
"19-AUG-2025","KAMOPAINTS","Kamdhenu Ventures Limited","GROWTH SECURITIES PRIVATE LIMITED","BUY","22,24,727","10.06","-"
"19-AUG-2025","KAMOPAINTS","Kamdhenu Ventures Limited","GROWTH SECURITIES PRIVATE LIMITED","SELL","22,24,727","10.07","-"
"19-AUG-2025","KAMOPAINTS","Kamdhenu Ventures Limited","SW CAPITAL PRIVATE LIMITED","BUY","31,03,322","10.02","-"
"19-AUG-2025","KAMOPAINTS","Kamdhenu Ventures Limited","SW CAPITAL PRIVATE LIMITED","SELL","31,39,687","10.09","-"
"19-AUG-2025","KANDARP","Kandarp Dg Smart Bpo Ltd","HEMENDRA RATILAL MEHTA","SELL","8,000","90.26","-"
"19-AUG-2025","KANDARP","Kandarp Dg Smart Bpo Ltd","HEMENDRA RATILAL MEHTA","BUY","46,000","86.00","-"
"19-AUG-2025","KANDARP","Kandarp Dg Smart Bpo Ltd","PASHUPATI CAPITA SER PVT LTD","BUY","76,000","96.57","-"
"19-AUG-2025","KANDARP","Kandarp Dg Smart Bpo Ltd","PASHUPATI CAPITA SER PVT LTD","SELL","78,000","85.69","-"
"19-AUG-2025","KEL","Kundan Edifice Limited","VIJAY MOHAN KARNANI","SELL","85,200","98.05","-"
"19-AUG-2025","LOVABLE","Lovable Lingerie Ltd","F3 ADVISORS PRIVATE LIMITED","BUY","94,000","94.45","-"
"19-AUG-2025","LOVABLE","Lovable Lingerie Ltd","SETU SECURITIES PRIVATE LIMITED","SELL","94,000","94.45","-"
"19-AUG-2025","LXCHEM","Laxmi Organic Indus Ltd","GRAVITON RESEARCH CAPITAL LLP","SELL","16,66,022","229.07","-"
"19-AUG-2025","LXCHEM","Laxmi Organic Indus Ltd","GRAVITON RESEARCH CAPITAL LLP","BUY","16,66,022","228.96","-"
"19-AUG-2025","MASTER","Master Components Limited","AURUM SME TRUST I","BUY","90,000","360.00","-"
"19-AUG-2025","MASTER","Master Components Limited","EMRALD COMMERCIAL LIMITED","BUY","21,500","360.00","-"
"19-AUG-2025","MASTER","Master Components Limited","PAYMENTZ FINTECH PRIVATE LIMITED","SELL","62,000","360.00","-"
"19-AUG-2025","MASTER","Master Components Limited","RAKESH MULCHAND GOSALIA","SELL","31,000","360.00","-"
"19-AUG-2025","OLAELEC","Ola Electric Mobility Ltd","GRAVITON RESEARCH CAPITAL LLP","SELL","3,20,38,456","44.16","-"
"19-AUG-2025","OLAELEC","Ola Electric Mobility Ltd","GRAVITON RESEARCH CAPITAL LLP","BUY","3,20,44,542","44.13","-"
"19-AUG-2025","OLAELEC","Ola Electric Mobility Ltd","HRTI PRIVATE LIMITED","SELL","2,77,29,731","44.15","-"
"19-AUG-2025","OLAELEC","Ola Electric Mobility Ltd","HRTI PRIVATE LIMITED","BUY","3,56,98,031","44.26","-"
"19-AUG-2025","RATNAVEER","Ratnaveer Precision Eng L","WEALTH 4 U HOSPITALITY CONSULTANCY PRIVATE LIMITED","BUY","2,80,499","148.69","-"
"19-AUG-2025","RATNAVEER","Ratnaveer Precision Eng L","WEALTH 4 U HOSPITALITY CONSULTANCY PRIVATE LIMITED","SELL","2,80,499","148.20","-"
"19-AUG-2025","RICOAUTO","Rico Auto Industries Ltd","HRTI PRIVATE LIMITED","BUY","8,47,006","99.29","-"
"19-AUG-2025","RICOAUTO","Rico Auto Industries Ltd","HRTI PRIVATE LIMITED","SELL","10,00,695","100.38","-"
"19-AUG-2025","RICOAUTO","Rico Auto Industries Ltd","IRAGE BROKING SERVICES LLP","BUY","9,11,706","99.26","-"
"19-AUG-2025","RICOAUTO","Rico Auto Industries Ltd","IRAGE BROKING SERVICES LLP","SELL","12,18,193","100.02","-"
"19-AUG-2025","RICOAUTO","Rico Auto Industries Ltd","JUNOMONETA FINSOL PRIVATE LIMITED","BUY","24,23,034","99.44","-"
"19-AUG-2025","RICOAUTO","Rico Auto Industries Ltd","JUNOMONETA FINSOL PRIVATE LIMITED","SELL","24,23,034","99.50","-"
"19-AUG-2025","RICOAUTO","Rico Auto Industries Ltd","MUSIGMA SECURITIES","BUY","13,33,617","99.14","-"
"19-AUG-2025","RICOAUTO","Rico Auto Industries Ltd","MUSIGMA SECURITIES","SELL","13,33,617","99.14","-"
"19-AUG-2025","RICOAUTO","Rico Auto Industries Ltd","NK SECURITIES RESEARCH PRIVATE LIMITED","SELL","9,35,921","100.36","-"
"19-AUG-2025","RICOAUTO","Rico Auto Industries Ltd","NK SECURITIES RESEARCH PRIVATE LIMITED","BUY","9,35,921","100.28","-"
"19-AUG-2025","RICOAUTO","Rico Auto Industries Ltd","QE SECURITIES LLP","SELL","12,93,856","100.05","-"
"19-AUG-2025","RICOAUTO","Rico Auto Industries Ltd","QE SECURITIES LLP","BUY","13,01,083","100.03","-"
"19-AUG-2025","SAROJA","Saroja Pharma Indus Ind L","SAMDARIA  SOURABH","BUY","17,600","55.83","-"
"19-AUG-2025","SAROJA","Saroja Pharma Indus Ind L","SAMDARIA  SOURABH","SELL","33,600","56.15","-"
"19-AUG-2025","SELLOWRAP","Sellowrap Industries Ltd","GRETEX SHARE BROKING LIMITED","BUY","1,16,800","89.91","-"
"19-AUG-2025","SELLOWRAP","Sellowrap Industries Ltd","GRETEX SHARE BROKING LIMITED","SELL","1,16,800","90.61","-"
"19-AUG-2025","SELLOWRAP","Sellowrap Industries Ltd","PIYUSH  JALAN","SELL","91,200","88.60","-"
"19-AUG-2025","SELLOWRAP","Sellowrap Industries Ltd","PODDAR KHUSH","BUY","96,000","89.99","-"
"19-AUG-2025","SHANTI","Shanti Overseas (Ind) Ltd","AYUSH  KACHOLIA","SELL","72,477","9.85","-"
"19-AUG-2025","SILKY","Silky Overseas Limited","INVESTI GLOBAL OPPORTUNITY FUND PCC - CELL 1","SELL","58,400","139.90","-"
"19-AUG-2025","SILKY","Silky Overseas Limited","VINCENT COMMERCIAL COMPANY LIMITED","BUY","59,200","139.90","-"
"19-AUG-2025","SMLT","Sarthak Metals Limited","BANSAL SIMMI","SELL","1,08,000","107.38","-"
"19-AUG-2025","SMLT","Sarthak Metals Limited","SHALINI SANJAY SHAH","BUY","1,07,658","107.37","-"
"19-AUG-2025","SPIC","Southern Petro Ind Corp","GRAVITON RESEARCH CAPITAL LLP","BUY","10,34,824","104.66","-"
"19-AUG-2025","SPIC","Southern Petro Ind Corp","GRAVITON RESEARCH CAPITAL LLP","SELL","10,34,824","104.67","-"
"19-AUG-2025","SUNREST","Sunrest Lifescience Ltd","BHARATKUMAR VARDHILAL THAKKAR","SELL","32,000","52.95","-"
"19-AUG-2025","UNIVASTU","Univastu India Limited","TIRULEKHA BIOSCIENCES PRIVATE LIMITED","SELL","77,000","262.00","-"
"19-AUG-2025","VAISHALI","Vaishali Pharma Limited","SHAH  NISHANT","BUY","7,00,000","12.39","-"