﻿"Date ","Symbol ","Security Name ","Client Name ","Buy / Sell ","Quantity Traded ","Trade Price / Wght. Avg. Price ","Remarks "
"03-OCT-2025","ATALREAL","Atal Realtech Limited","BHAVIN S KAMANI","BUY","6,37,000","22.89","-"
"03-OCT-2025","AVANTEL","Avantel Limited","HRTI PRIVATE LIMITED","SELL","11,76,190","201.04","-"
"03-OCT-2025","AVANTEL","Avantel Limited","HRTI PRIVATE LIMITED","BUY","17,49,437","200.76","-"
"03-OCT-2025","CUBEINVIT","Cube Highways Trust","360 ONE PRIME LIMITED","BUY","67,25,000","134.00","-"
"03-OCT-2025","CUBEINVIT","Cube Highways Trust","360 ONE REAL ASSETS ADVANTAGE FUND","BUY","74,75,000","134.00","-"
"03-OCT-2025","CYBERTECH","Cybertech Systems & Softw","ALPHAGREP SECURITIES PRIVATE LIMITED","SELL","2,73,471","259.38","-"
"03-OCT-2025","CYBERTECH","Cybertech Systems & Softw","ALPHAGREP SECURITIES PRIVATE LIMITED","BUY","2,73,471","259.21","-"
"03-OCT-2025","CYBERTECH","Cybertech Systems & Softw","HRTI PRIVATE LIMITED","SELL","4,84,340","260.59","-"
"03-OCT-2025","CYBERTECH","Cybertech Systems & Softw","HRTI PRIVATE LIMITED","BUY","4,90,617","258.62","-"
"03-OCT-2025","CYBERTECH","Cybertech Systems & Softw","IRAGE BROKING SERVICES LLP","SELL","1,74,710","263.05","-"
"03-OCT-2025","CYBERTECH","Cybertech Systems & Softw","IRAGE BROKING SERVICES LLP","BUY","2,09,720","261.07","-"
"03-OCT-2025","CYBERTECH","Cybertech Systems & Softw","JASVANTIBEN VELJI BABRIYA","BUY","2,41,594","266.58","-"
"03-OCT-2025","CYBERTECH","Cybertech Systems & Softw","JASVANTIBEN VELJI BABRIYA","SELL","2,41,594","265.52","-"
"03-OCT-2025","CYBERTECH","Cybertech Systems & Softw","JUNOMONETA FINSOL PRIVATE LIMITED","SELL","1,87,378","261.82","-"
"03-OCT-2025","CYBERTECH","Cybertech Systems & Softw","JUNOMONETA FINSOL PRIVATE LIMITED","BUY","1,87,378","261.66","-"
"03-OCT-2025","CYBERTECH","Cybertech Systems & Softw","KALPNA HETAN BABRIYA","BUY","2,45,800","265.88","-"
"03-OCT-2025","CYBERTECH","Cybertech Systems & Softw","KALPNA HETAN BABRIYA","SELL","2,45,800","264.41","-"
"03-OCT-2025","CYBERTECH","Cybertech Systems & Softw","NK SECURITIES RESEARCH PRIVATE LIMITED","SELL","3,64,274","260.71","-"
"03-OCT-2025","CYBERTECH","Cybertech Systems & Softw","NK SECURITIES RESEARCH PRIVATE LIMITED","BUY","3,64,274","260.49","-"
"03-OCT-2025","CYBERTECH","Cybertech Systems & Softw","QE SECURITIES LLP","BUY","5,30,845","259.34","-"
"03-OCT-2025","CYBERTECH","Cybertech Systems & Softw","QE SECURITIES LLP","SELL","5,37,483","260.10","-"
"03-OCT-2025","ECOLINE","Ecoline Exim Limited","JAIN SANJAY POPATLAL","SELL","2,59,000","141.50","-"
"03-OCT-2025","ECOLINE","Ecoline Exim Limited","MANISH KIRITKUMAR SHAH (HUF)","BUY","2,80,000","141.23","-"
"03-OCT-2025","GML","Galaxy Medicare Limited","AJAY PURSHOTTAMDAS GUPTA","SELL","1,00,000","26.47","-"
"03-OCT-2025","GML","Galaxy Medicare Limited","ANMOL KESHAO HINGE","BUY","1,00,000","26.84","-"
"03-OCT-2025","HILTON","Hilton Metal Forging Limi","RIKHAV SECURITIES LIMITED","SELL","1,21,383","45.54","-"
"03-OCT-2025","JAINREC","Jain Resource Recycling L","GRAVITON RESEARCH CAPITAL LLP","SELL","27,09,489","326.65","-"
"03-OCT-2025","JAINREC","Jain Resource Recycling L","GRAVITON RESEARCH CAPITAL LLP","BUY","27,17,286","326.63","-"
"03-OCT-2025","JKIPL","Jinkushal Industries Ltd","AGARWAL NIKITA","BUY","3,60,000","125.00","-"
"03-OCT-2025","JKIPL","Jinkushal Industries Ltd","SWYOM INDIA ALPHA FUND","BUY","4,00,000","125.00","-"
"03-OCT-2025","JKIPL","Jinkushal Industries Ltd","TAKHT FINANCIAL PRIVATE LIMITED","BUY","3,86,862","124.97","-"
"03-OCT-2025","JKIPL","Jinkushal Industries Ltd","WELLKNOWN VINIMAY PRIVATE LIMITED","BUY","2,20,647","124.67","-"
"03-OCT-2025","KALAMANDIR","Sai Silks (Kalamandir) L","GRAVITON RESEARCH CAPITAL LLP","BUY","24,77,355","176.97","-"
"03-OCT-2025","KALAMANDIR","Sai Silks (Kalamandir) L","GRAVITON RESEARCH CAPITAL LLP","SELL","24,77,355","177.16","-"
"03-OCT-2025","KALAMANDIR","Sai Silks (Kalamandir) L","LIESHA CORPORATION PRIVATE LIMITED .","SELL","8,78,082","185.82","-"
"03-OCT-2025","KALAMANDIR","Sai Silks (Kalamandir) L","LIESHA CORPORATION PRIVATE LIMITED .","BUY","8,78,083","186.44","-"
"03-OCT-2025","MOBIKWIK","One Mobikwik Systems Ltd","GRAVITON RESEARCH CAPITAL LLP","BUY","6,97,910","280.86","-"
"03-OCT-2025","MOBIKWIK","One Mobikwik Systems Ltd","GRAVITON RESEARCH CAPITAL LLP","SELL","6,97,910","281.01","-"
"03-OCT-2025","MOBIKWIK","One Mobikwik Systems Ltd","HRTI PRIVATE LIMITED","SELL","6,79,029","278.53","-"
"03-OCT-2025","MOBIKWIK","One Mobikwik Systems Ltd","HRTI PRIVATE LIMITED","BUY","6,87,600","281.15","-"
"03-OCT-2025","MOBIKWIK","One Mobikwik Systems Ltd","JUNOMONETA FINSOL PRIVATE LIMITED","SELL","6,21,408","281.00","-"
"03-OCT-2025","MOBIKWIK","One Mobikwik Systems Ltd","JUNOMONETA FINSOL PRIVATE LIMITED","BUY","6,21,408","281.00","-"
"03-OCT-2025","MOBIKWIK","One Mobikwik Systems Ltd","MATHISYS ADVISORS LLP","SELL","6,06,680","279.69","-"
"03-OCT-2025","MOBIKWIK","One Mobikwik Systems Ltd","MATHISYS ADVISORS LLP","BUY","6,06,912","280.75","-"
"03-OCT-2025","MOBIKWIK","One Mobikwik Systems Ltd","QE SECURITIES LLP","BUY","5,15,481","281.53","-"
"03-OCT-2025","MOBIKWIK","One Mobikwik Systems Ltd","QE SECURITIES LLP","SELL","5,40,267","279.39","-"
"03-OCT-2025","NETWEB","Netweb Tech India Ltd","GRAVITON RESEARCH CAPITAL LLP","SELL","5,76,351","4,242.50","-"
"03-OCT-2025","NETWEB","Netweb Tech India Ltd","GRAVITON RESEARCH CAPITAL LLP","BUY","5,77,047","4,239.99","-"
"03-OCT-2025","NETWEB","Netweb Tech India Ltd","HRTI PRIVATE LIMITED","BUY","4,41,189","4,243.88","-"
"03-OCT-2025","NETWEB","Netweb Tech India Ltd","HRTI PRIVATE LIMITED","SELL","4,48,711","4,249.15","-"
"03-OCT-2025","NETWEB","Netweb Tech India Ltd","JUNOMONETA FINSOL PRIVATE LIMITED","BUY","4,51,341","4,244.34","-"
"03-OCT-2025","NETWEB","Netweb Tech India Ltd","JUNOMONETA FINSOL PRIVATE LIMITED","SELL","4,51,341","4,246.35","-"
"03-OCT-2025","NIKITA","Nikita Papers Limited","ALACRITY SECURITIES LTD","BUY","6,000","112.20","-"
"03-OCT-2025","NIKITA","Nikita Papers Limited","ALACRITY SECURITIES LTD","SELL","2,05,200","114.94","-"
"03-OCT-2025","ORIENTTECH","Orient Technologies Ltd","GRAVITON RESEARCH CAPITAL LLP","BUY","2,26,903","393.89","-"
"03-OCT-2025","ORIENTTECH","Orient Technologies Ltd","GRAVITON RESEARCH CAPITAL LLP","SELL","2,26,914","394.86","-"
"03-OCT-2025","ORIENTTECH","Orient Technologies Ltd","JUNOMONETA FINSOL PRIVATE LIMITED","BUY","2,10,852","402.63","-"
"03-OCT-2025","ORIENTTECH","Orient Technologies Ltd","JUNOMONETA FINSOL PRIVATE LIMITED","SELL","2,12,460","403.06","-"
"03-OCT-2025","PROZONER","Prozone Realty Limited","HRTI PRIVATE LIMITED","BUY","15,86,132","63.07","-"
"03-OCT-2025","PROZONER","Prozone Realty Limited","HRTI PRIVATE LIMITED","SELL","15,97,902","62.96","-"
"03-OCT-2025","PROZONER","Prozone Realty Limited","JUNOMONETA FINSOL PRIVATE LIMITED","BUY","30,56,699","64.09","-"
"03-OCT-2025","PROZONER","Prozone Realty Limited","JUNOMONETA FINSOL PRIVATE LIMITED","SELL","30,56,699","64.17","-"
"03-OCT-2025","PROZONER","Prozone Realty Limited","QE SECURITIES LLP","SELL","14,88,247","63.25","-"
"03-OCT-2025","PROZONER","Prozone Realty Limited","QE SECURITIES LLP","BUY","14,88,446","63.22","-"
"03-OCT-2025","SAMMAANCAP","Sammaan Capital Limited","BNP PARIBAS FINANCIAL MARKETS","BUY","58,97,961","164.42","-"
"03-OCT-2025","SAMMAANCAP","Sammaan Capital Limited","GRAVITON RESEARCH CAPITAL LLP","BUY","1,16,07,425","163.99","-"
"03-OCT-2025","SAMMAANCAP","Sammaan Capital Limited","GRAVITON RESEARCH CAPITAL LLP","SELL","1,16,07,425","163.99","-"
"03-OCT-2025","SAMMAANCAP","Sammaan Capital Limited","HRTI PRIVATE LIMITED","SELL","58,45,521","164.25","-"
"03-OCT-2025","SAMMAANCAP","Sammaan Capital Limited","HRTI PRIVATE LIMITED","BUY","59,11,552","164.41","-"
"03-OCT-2025","SIGMA","Sigma Solve Limited","ALPESH FATEHSINGH PUROHIT","SELL","1,30,876","577.31","-"
"03-OCT-2025","SIGMA","Sigma Solve Limited","ALPESH FATEHSINGH PUROHIT","BUY","1,30,876","556.41","-"
"03-OCT-2025","STALLION","Stallion Ind Fluorochem L","GRAVITON RESEARCH CAPITAL LLP","SELL","4,68,599","280.18","-"
"03-OCT-2025","STALLION","Stallion Ind Fluorochem L","GRAVITON RESEARCH CAPITAL LLP","BUY","4,68,599","279.78","-"
"03-OCT-2025","TATAINVEST","Tata Inv. Corpn Ltd.","HRTI PRIVATE LIMITED","SELL","3,48,244","10,763.76","-"
"03-OCT-2025","TATAINVEST","Tata Inv. Corpn Ltd.","HRTI PRIVATE LIMITED","BUY","3,66,179","10,699.37","-"
"03-OCT-2025","TATAINVEST","Tata Inv. Corpn Ltd.","JUNOMONETA FINSOL PRIVATE LIMITED","BUY","5,32,020","10,842.00","-"
"03-OCT-2025","TATAINVEST","Tata Inv. Corpn Ltd.","JUNOMONETA FINSOL PRIVATE LIMITED","SELL","5,32,020","10,847.35","-"
"03-OCT-2025","TECHERA","TechEra Engineer (Ind) L","MANSI SHARE AND STOCK BROKING PRIVATE LIMITED","BUY","98,400","236.15","-"
"03-OCT-2025","TRUALT","TruAlt Bioenergy Limited","L7 HITECH PRIVATE LIMITED","SELL","1,85,000","535.50","-"
"03-OCT-2025","TRUALT","TruAlt Bioenergy Limited","L7 HITECH PRIVATE LIMITED","BUY","7,21,916","538.83","-"
"03-OCT-2025","TRUALT","TruAlt Bioenergy Limited","L7 SECURITIES PRIVATE LIMITED","BUY","7,85,000","532.62","-"
"03-OCT-2025","TRUALT","TruAlt Bioenergy Limited","SINGULARITY EQUITY FUND I","BUY","4,75,000","533.80","-"
"03-OCT-2025","VASCONEQ","Vascon Engineers Ltd","HRTI PRIVATE LIMITED","BUY","11,00,507","69.12","-"
"03-OCT-2025","VASCONEQ","Vascon Engineers Ltd","HRTI PRIVATE LIMITED","SELL","13,76,712","68.85","-"
"03-OCT-2025","VMART","Vmart Retail Ltd","GRAVITON RESEARCH CAPITAL LLP","SELL","5,72,983","802.34","-"
"03-OCT-2025","VMART","Vmart Retail Ltd","GRAVITON RESEARCH CAPITAL LLP","BUY","5,72,983","801.41","-"