﻿"Date ","Symbol ","Security Name ","Client Name ","Buy / Sell ","Quantity Traded ","Trade Price / Wght. Avg. Price ","Remarks "
"22-AUG-2025","ABFRL","Aditya Birla Fas & Rt Ltd","GRAVITON RESEARCH CAPITAL LLP","SELL","1,03,50,908","80.07","-"
"22-AUG-2025","ABFRL","Aditya Birla Fas & Rt Ltd","GRAVITON RESEARCH CAPITAL LLP","BUY","1,03,50,908","80.06","-"
"22-AUG-2025","AGROPHOS","Agro Phos India Limited","MAHENDRA GIRDHARILAL WADHWANI","BUY","1,20,488","44.90","-"
"22-AUG-2025","ALLTIME","All Time Plastics Limited","GRAVITON RESEARCH CAPITAL LLP","BUY","3,51,153","316.41","-"
"22-AUG-2025","ALLTIME","All Time Plastics Limited","GRAVITON RESEARCH CAPITAL LLP","SELL","3,51,153","316.44","-"
"22-AUG-2025","APOLLO","Apollo Micro Systems Ltd","GRAVITON RESEARCH CAPITAL LLP","BUY","69,02,930","230.83","-"
"22-AUG-2025","APOLLO","Apollo Micro Systems Ltd","GRAVITON RESEARCH CAPITAL LLP","SELL","69,02,930","230.93","-"
"22-AUG-2025","APOLLO","Apollo Micro Systems Ltd","HRTI PRIVATE LIMITED","SELL","22,64,255","231.54","-"
"22-AUG-2025","APOLLO","Apollo Micro Systems Ltd","HRTI PRIVATE LIMITED","BUY","32,80,141","228.69","-"
"22-AUG-2025","APOLLO","Apollo Micro Systems Ltd","JUNOMONETA FINSOL PRIVATE LIMITED","SELL","24,43,730","231.29","-"
"22-AUG-2025","APOLLO","Apollo Micro Systems Ltd","JUNOMONETA FINSOL PRIVATE LIMITED","BUY","24,43,730","231.17","-"
"22-AUG-2025","APOLLO","Apollo Micro Systems Ltd","NK SECURITIES RESEARCH PRIVATE LIMITED","BUY","18,68,047","232.48","-"
"22-AUG-2025","APOLLO","Apollo Micro Systems Ltd","NK SECURITIES RESEARCH PRIVATE LIMITED","SELL","18,68,047","232.57","-"
"22-AUG-2025","APOLLO","Apollo Micro Systems Ltd","QE SECURITIES LLP","BUY","22,98,661","229.02","-"
"22-AUG-2025","APOLLO","Apollo Micro Systems Ltd","QE SECURITIES LLP","SELL","24,36,466","231.07","-"
"22-AUG-2025","APOLLOHOSP","Apollo Hospitals Ltd","SUNEETHA REDDY","SELL","18,97,239","7,850.00","-"
"22-AUG-2025","ARIES","Aries Agro Limited","GRT STRATEGIC VENTURES LLP","BUY","85,135","438.61","-"
"22-AUG-2025","ARIES","Aries Agro Limited","GRT STRATEGIC VENTURES LLP","SELL","85,135","439.09","-"
"22-AUG-2025","ARIES","Aries Agro Limited","HRTI PRIVATE LIMITED","SELL","1,37,694","432.69","-"
"22-AUG-2025","ARIES","Aries Agro Limited","HRTI PRIVATE LIMITED","BUY","1,43,363","431.89","-"
"22-AUG-2025","ARIES","Aries Agro Limited","JUNOMONETA FINSOL PRIVATE LIMITED","SELL","1,08,927","434.61","-"
"22-AUG-2025","ARIES","Aries Agro Limited","JUNOMONETA FINSOL PRIVATE LIMITED","BUY","1,08,927","434.05","-"
"22-AUG-2025","ARIES","Aries Agro Limited","MUSIGMA SECURITIES","SELL","81,628","435.63","-"
"22-AUG-2025","ARIES","Aries Agro Limited","MUSIGMA SECURITIES","BUY","81,628","435.40","-"
"22-AUG-2025","ARIES","Aries Agro Limited","NK SECURITIES RESEARCH PRIVATE LIMITED","SELL","1,01,946","437.98","-"
"22-AUG-2025","ARIES","Aries Agro Limited","NK SECURITIES RESEARCH PRIVATE LIMITED","BUY","1,01,946","437.63","-"
"22-AUG-2025","ARIES","Aries Agro Limited","QE SECURITIES LLP","BUY","76,184","430.83","-"
"22-AUG-2025","ARIES","Aries Agro Limited","QE SECURITIES LLP","SELL","80,607","433.13","-"
"22-AUG-2025","ATALREAL","Atal Realtech Limited","OM PARKASH","BUY","6,00,000","19.00","-"
"22-AUG-2025","BARFLEX","Barflex Polyfilms Limited","AADARSH FINMAN ADVISORS PRIVATE LIMITED","BUY","1,38,000","75.56","-"
"22-AUG-2025","BLBLIMITED","BLB Limited","ACN FINANCIAL SERVICES LTD","SELL","2,93,422","15.98","-"
"22-AUG-2025","CCCL","Consolidated Construction","BANYAN CAPITAL ADVISORS LLP - YIELD PLUS","BUY","53,45,630","14.00","-"
"22-AUG-2025","CCCL","Consolidated Construction","EIF-COINVEST III","SELL","55,60,000","14.05","-"
"22-AUG-2025","DCXINDIA","DCX Systems Limited","GRAVITON RESEARCH CAPITAL LLP","BUY","18,68,054","275.05","-"
"22-AUG-2025","DCXINDIA","DCX Systems Limited","GRAVITON RESEARCH CAPITAL LLP","SELL","18,68,054","275.22","-"
"22-AUG-2025","DCXINDIA","DCX Systems Limited","QE SECURITIES LLP","SELL","5,61,995","275.89","-"
"22-AUG-2025","DCXINDIA","DCX Systems Limited","QE SECURITIES LLP","BUY","5,82,072","275.20","-"
"22-AUG-2025","DENTA","Denta Water N Infra Sol L","HRTI PRIVATE LIMITED","SELL","1,29,605","419.10","-"
"22-AUG-2025","DENTA","Denta Water N Infra Sol L","HRTI PRIVATE LIMITED","BUY","1,34,633","417.72","-"
"22-AUG-2025","DENTA","Denta Water N Infra Sol L","JUNOMONETA FINSOL PRIVATE LIMITED","BUY","1,39,624","418.78","-"
"22-AUG-2025","DENTA","Denta Water N Infra Sol L","JUNOMONETA FINSOL PRIVATE LIMITED","SELL","1,39,624","418.59","-"
"22-AUG-2025","DYNAMIC","Dynamic Srvcs & Sec Ltd","NIGHTINGALE GROWTH","SELL","39,500","146.85","-"
"22-AUG-2025","DYNAMIC","Dynamic Srvcs & Sec Ltd","NIGHTINGALE GROWTH","BUY","86,000","133.81","-"
"22-AUG-2025","GOCLCORP","Gulf Oil Corp. Ltd.","HINDUJA CAPITAL LIMITED","SELL","8,00,000","389.58","-"
"22-AUG-2025","GRMOVER","GRM Overseas Limited","PASHUPATI CAPITA SER PVT LTD","SELL","3,61,537","373.74","-"
"22-AUG-2025","GRMOVER","GRM Overseas Limited","PASHUPATI CAPITA SER PVT LTD","BUY","4,77,872","374.73","-"
"22-AUG-2025","IDEAFORGE","Ideaforge Techno Ltd","GRAVITON RESEARCH CAPITAL LLP","BUY","3,09,639","511.93","-"
"22-AUG-2025","IDEAFORGE","Ideaforge Techno Ltd","GRAVITON RESEARCH CAPITAL LLP","SELL","3,09,639","512.40","-"
"22-AUG-2025","IDEAFORGE","Ideaforge Techno Ltd","MATHISYS ADVISORS LLP","BUY","2,23,013","511.88","-"
"22-AUG-2025","IDEAFORGE","Ideaforge Techno Ltd","MATHISYS ADVISORS LLP","SELL","2,23,079","511.25","-"
"22-AUG-2025","INTEGRITY","Integrity Infrabuild De L","ARYAMAN CAPITAL MARKETS LIMITED","SELL","24,000","102.00","-"
"22-AUG-2025","INTEGRITY","Integrity Infrabuild De L","EMRALD COMMERCIAL LIMITED","BUY","24,000","102.00","-"
"22-AUG-2025","IZMO","IZMO Limited","RITU BAPNA","BUY","1,26,000","552.54","-"
"22-AUG-2025","IZMO","IZMO Limited","YUGA STOCKS AND COMMODITIES PRIVATE LIMITED","BUY","1,62,040","577.64","-"
"22-AUG-2025","IZMO","IZMO Limited","YUGA STOCKS AND COMMODITIES PRIVATE LIMITED","SELL","1,63,918","556.90","-"
"22-AUG-2025","KAMOPAINTS","Kamdhenu Ventures Limited","GROWTH SECURITIES PRIVATE LIMITED","BUY","10,00,513","10.25","-"
"22-AUG-2025","KAMOPAINTS","Kamdhenu Ventures Limited","GROWTH SECURITIES PRIVATE LIMITED","SELL","16,47,742","10.32","-"
"22-AUG-2025","KANDARP","Kandarp Dg Smart Bpo Ltd","OM PARKASH","BUY","2,50,000","119.99","-"
"22-AUG-2025","KANDARP","Kandarp Dg Smart Bpo Ltd","PASHUPATI CAPITA SER PVT LTD","BUY","2,000","116.00","-"
"22-AUG-2025","KANDARP","Kandarp Dg Smart Bpo Ltd","PASHUPATI CAPITA SER PVT LTD","SELL","2,54,000","119.84","-"
"22-AUG-2025","KROSS","Kross Limited","IRAGE BROKING SERVICES LLP","SELL","3,32,161","191.27","-"
"22-AUG-2025","KROSS","Kross Limited","IRAGE BROKING SERVICES LLP","BUY","3,57,996","192.43","-"
"22-AUG-2025","KROSS","Kross Limited","JUNOMONETA FINSOL PRIVATE LIMITED","SELL","4,07,056","192.27","-"
"22-AUG-2025","KROSS","Kross Limited","JUNOMONETA FINSOL PRIVATE LIMITED","BUY","4,07,056","192.07","-"
"22-AUG-2025","KROSS","Kross Limited","MUSIGMA SECURITIES","BUY","7,70,558","192.22","-"
"22-AUG-2025","KROSS","Kross Limited","MUSIGMA SECURITIES","SELL","7,70,558","192.25","-"
"22-AUG-2025","KROSS","Kross Limited","NK SECURITIES RESEARCH PRIVATE LIMITED","BUY","7,67,608","192.25","-"
"22-AUG-2025","KROSS","Kross Limited","NK SECURITIES RESEARCH PRIVATE LIMITED","SELL","7,67,608","192.43","-"
"22-AUG-2025","KROSS","Kross Limited","PACE STOCK BROKING SERVICES PVT LTD","SELL","4,85,964","191.58","-"
"22-AUG-2025","KROSS","Kross Limited","PACE STOCK BROKING SERVICES PVT LTD","BUY","4,85,964","191.34","-"
"22-AUG-2025","MANAKALUCO","Manak Aluminium Co. Ltd.","ANIRUDHA AGRAWAL","BUY","3,30,000","29.45","-"
"22-AUG-2025","MANAKALUCO","Manak Aluminium Co. Ltd.","KAMLESH AGRAWAL","SELL","3,30,000","29.45","-"
"22-AUG-2025","MBEL","M and B Engineering Ltd","GRAVITON RESEARCH CAPITAL LLP","SELL","4,36,476","478.33","-"
"22-AUG-2025","MBEL","M and B Engineering Ltd","GRAVITON RESEARCH CAPITAL LLP","BUY","4,36,476","478.33","-"
"22-AUG-2025","NEPHROCARE","Nephro Care India Limited","KAMAL KUMAR DUGAR & CO  (PROP) KAMAL KUM","BUY","83,200","171.32","-"
"22-AUG-2025","NETWEB","Netweb Tech India Ltd","GRAVITON RESEARCH CAPITAL LLP","SELL","3,79,692","2,250.51","-"
"22-AUG-2025","NETWEB","Netweb Tech India Ltd","GRAVITON RESEARCH CAPITAL LLP","BUY","3,79,692","2,248.61","-"
"22-AUG-2025","OBCL","Orissa Bengal Carrier Ltd","ORION STOCKS LTD","BUY","38,434","59.43","-"
"22-AUG-2025","OBCL","Orissa Bengal Carrier Ltd","ORION STOCKS LTD","SELL","1,29,505","58.96","-"
"22-AUG-2025","OLAELEC","Ola Electric Mobility Ltd","HRTI PRIVATE LIMITED","BUY","1,92,78,142","48.29","-"
"22-AUG-2025","OLAELEC","Ola Electric Mobility Ltd","HRTI PRIVATE LIMITED","SELL","2,60,46,777","48.43","-"
"22-AUG-2025","PARTH","Parth Elec & Eng Ltd","BIJAL PRITESH VORA","SELL","96,000","269.65","-"
"22-AUG-2025","PARTH","Parth Elec & Eng Ltd","ISHAAN TRADEFIN LLP","BUY","1,51,200","267.39","-"
"22-AUG-2025","PARTH","Parth Elec & Eng Ltd","NIKHIL RAMESH JAISINGHANI","BUY","1,10,400","269.65","-"
"22-AUG-2025","ROHLTD","Royal Orchid Hotels Limit","DIPAN MEHTA COMMODITIES PRIVATE LIMITED","SELL","1,71,457","484.11","-"
"22-AUG-2025","ROHLTD","Royal Orchid Hotels Limit","DIPAN MEHTA COMMODITIES PRIVATE LIMITED","BUY","1,75,957","482.46","-"
"22-AUG-2025","ROHLTD","Royal Orchid Hotels Limit","ELIXIR WEALTH MANAGEMENT PRIVATE LIMITED","SELL","2,69,596","483.97","-"
"22-AUG-2025","ROHLTD","Royal Orchid Hotels Limit","ELIXIR WEALTH MANAGEMENT PRIVATE LIMITED","BUY","2,78,057","482.90","-"
"22-AUG-2025","ROHLTD","Royal Orchid Hotels Limit","GRAVITON RESEARCH CAPITAL LLP","SELL","4,99,409","480.33","-"
"22-AUG-2025","ROHLTD","Royal Orchid Hotels Limit","GRAVITON RESEARCH CAPITAL LLP","BUY","4,99,409","479.61","-"
"22-AUG-2025","ROHLTD","Royal Orchid Hotels Limit","IRAGE BROKING SERVICES LLP","SELL","1,37,446","480.92","-"
"22-AUG-2025","ROHLTD","Royal Orchid Hotels Limit","IRAGE BROKING SERVICES LLP","BUY","1,75,360","484.36","-"
"22-AUG-2025","ROHLTD","Royal Orchid Hotels Limit","JUNOMONETA FINSOL PRIVATE LIMITED","BUY","2,18,809","481.99","-"
"22-AUG-2025","ROHLTD","Royal Orchid Hotels Limit","JUNOMONETA FINSOL PRIVATE LIMITED","SELL","2,18,809","482.54","-"
"22-AUG-2025","ROHLTD","Royal Orchid Hotels Limit","MUSIGMA SECURITIES","SELL","4,60,345","482.75","-"
"22-AUG-2025","ROHLTD","Royal Orchid Hotels Limit","MUSIGMA SECURITIES","BUY","4,60,345","482.32","-"
"22-AUG-2025","ROHLTD","Royal Orchid Hotels Limit","NK SECURITIES RESEARCH PRIVATE LIMITED","BUY","5,68,913","483.20","-"
"22-AUG-2025","ROHLTD","Royal Orchid Hotels Limit","NK SECURITIES RESEARCH PRIVATE LIMITED","SELL","5,68,913","483.53","-"
"22-AUG-2025","ROHLTD","Royal Orchid Hotels Limit","PACE STOCK BROKING SERVICES PVT LTD","SELL","1,58,161","481.59","-"
"22-AUG-2025","ROHLTD","Royal Orchid Hotels Limit","PACE STOCK BROKING SERVICES PVT LTD","BUY","1,58,161","482.09","-"
"22-AUG-2025","ROHLTD","Royal Orchid Hotels Limit","QE SECURITIES LLP","BUY","2,58,108","481.17","-"
"22-AUG-2025","ROHLTD","Royal Orchid Hotels Limit","QE SECURITIES LLP","SELL","2,58,215","481.53","-"
"22-AUG-2025","RSYSTEMS","R Systems International L","GRAVITON RESEARCH CAPITAL LLP","SELL","16,39,611","473.88","-"
"22-AUG-2025","RSYSTEMS","R Systems International L","GRAVITON RESEARCH CAPITAL LLP","BUY","16,39,611","473.52","-"
"22-AUG-2025","TITAGARH","TITAGARH RAIL SYSTEMS LTD","GRAVITON RESEARCH CAPITAL LLP","SELL","7,61,990","860.13","-"
"22-AUG-2025","TITAGARH","TITAGARH RAIL SYSTEMS LTD","GRAVITON RESEARCH CAPITAL LLP","BUY","7,61,990","859.58","-"