﻿"Date ","Symbol ","Security Name ","Client Name ","Buy / Sell ","Quantity Traded ","Trade Price / Wght. Avg. Price ","Remarks "
"30-JUN-2025","ANZEN","Anzen Ind Ene Yld Plu Tru","CHRYSEUM ADVISORS LLP","BUY","16,00,000","112.56","-"
"30-JUN-2025","ANZEN","Anzen Ind Ene Yld Plu Tru","EDELWEISS INFRASTRUCTURE YIELD PLUS","SELL","66,00,000","112.56","-"
"30-JUN-2025","ANZEN","Anzen Ind Ene Yld Plu Tru","FAMY STERI PRIVATE LIMITED","BUY","25,75,000","112.56","-"
"30-JUN-2025","BEARDSELL","Beardsell Limited","SURE POWER TECHNOLOGIES PRIVATE LIMITED","SELL","2,39,621","27.33","-"
"30-JUN-2025","CAPTRU-RE","Capital Trust Ltd","N L RUNGTA (HUF)","BUY","1,11,264","0.05","-"
"30-JUN-2025","CAPTRU-RE","Capital Trust Ltd","NITIN RUNGTA","BUY","1,08,725","0.05","-"
"30-JUN-2025","CAPTRU-RE","Capital Trust Ltd","NITIN RUNGTA HUF","BUY","2,00,000","0.05","-"
"30-JUN-2025","CAPTRU-RE","Capital Trust Ltd","YOGEN  KHOSLA","SELL","3,97,401","0.05","-"
"30-JUN-2025","CUBEINVIT","Cube Highways Trust","ASK FINANCIAL HOLDINGS PRIVATE LIMITED","BUY","70,00,000","127.50","-"
"30-JUN-2025","CUBEINVIT","Cube Highways Trust","CUBE MOBILITY INVESTMENTS PTE.LTD.","SELL","1,24,50,000","127.50","-"
"30-JUN-2025","DCCL","Dar Credit & Capital Ltd","DEVI TRADERS LLP","SELL","58,000","61.05","-"
"30-JUN-2025","DCCL","Dar Credit & Capital Ltd","DEVI TRADERS LLP","BUY","1,76,000","61.40","-"
"30-JUN-2025","DCCL","Dar Credit & Capital Ltd","PARADISE MOON INVESTMENT FUND-I","SELL","1,58,000","61.40","-"
"30-JUN-2025","DCCL","Dar Credit & Capital Ltd","PIYUSH SECURITIES PRIVATE LIMITED","BUY","1,18,000","59.02","-"
"30-JUN-2025","DIACABS","Diamond Power Infra Ltd","PARTH INFIN BROKERS PVT LTD","SELL","42,45,736","140.34","-"
"30-JUN-2025","DIACABS","Diamond Power Infra Ltd","PARTH INFIN BROKERS PVT LTD","BUY","46,92,700","139.97","-"
"30-JUN-2025","GATECHDVR","GACM Technologies Limited","GA TRADING COMPANY","BUY","16,00,000","0.81","-"
"30-JUN-2025","GATECHDVR","GACM Technologies Limited","HARPREET SINGH GREWAL","SELL","3,124","0.81","-"
"30-JUN-2025","GATECHDVR","GACM Technologies Limited","HARPREET SINGH GREWAL","BUY","9,99,990","0.81","-"
"30-JUN-2025","GATECHDVR","GACM Technologies Limited","NEO APEX VENTURE LLP","SELL","64,60,977","0.81","-"
"30-JUN-2025","GATECHDVR","GACM Technologies Limited","SHRI MUKTA SHARES","SELL","11,00,000","0.81","-"
"30-JUN-2025","GATECHDVR","GACM Technologies Limited","SHRI MUKTA SHARES","BUY","16,00,000","0.81","-"
"30-JUN-2025","GENSOL","Gensol Engineering Ltd","KEYA VIMAL SALOT","SELL","3,00,000","42.32","-"
"30-JUN-2025","GPECO","GP Eco Solutions India L","LAROIA MONA","BUY","66,600","438.82","-"
"30-JUN-2025","HBSL","HB Stockholdings Limited","KRISHNA AWTAR KABRA","SELL","1,57,318","117.78","-"
"30-JUN-2025","HBSL","HB Stockholdings Limited","KRISHNA AWTAR KABRA","BUY","1,58,920","118.70","-"
"30-JUN-2025","HBSL","HB Stockholdings Limited","PANKAJ DHANJI CHHEDA HUF","SELL","65,418","115.63","-"
"30-JUN-2025","JYOTICNC","Jyoti CNC Automation Ltd","KOTAK FUNDS - INDIA MIDCAP FUND","BUY","37,92,500","1,087.00","-"
"30-JUN-2025","JYOTICNC","Jyoti CNC Automation Ltd","PARESH MOHANLAL PAREKH","SELL","68,50,000","1,087.01","-"
"30-JUN-2025","JYOTICNC","Jyoti CNC Automation Ltd","VIJAY MOHANLAL PAREKH","SELL","68,50,000","1,087.45","-"
"30-JUN-2025","KCK","Kck Industries Limited","PRO FIN CAPITAL SERVICES LIMITED","SELL","3,82,500","42.92","-"
"30-JUN-2025","MARATHON","Marathon Nxtgen Realt Ltd","RAMDOOT REALTORS PVT LTD","BUY","2,02,416","657.86","-"
"30-JUN-2025","MARATHON","Marathon Nxtgen Realt Ltd","RAMDOOT REALTORS PVT LTD","SELL","2,64,583","650.99","-"
"30-JUN-2025","MOBIKWIK","One Mobikwik Systems Ltd","CITIGROUP GLOBAL MARKETS MAURITIUS PVT LTD","SELL","4,43,634","246.23","-"
"30-JUN-2025","MOBIKWIK","One Mobikwik Systems Ltd","HRTI PRIVATE LIMITED","BUY","3,39,429","247.78","-"
"30-JUN-2025","MOBIKWIK","One Mobikwik Systems Ltd","HRTI PRIVATE LIMITED","SELL","4,41,197","248.64","-"
"30-JUN-2025","PROSTARM","Prostarm Info Systems Ltd","HRTI PRIVATE LIMITED","SELL","5,55,022","149.13","-"
"30-JUN-2025","PROSTARM","Prostarm Info Systems Ltd","HRTI PRIVATE LIMITED","BUY","5,63,584","148.61","-"
"30-JUN-2025","PROSTARM","Prostarm Info Systems Ltd","MATHISYS ADVISORS LLP","BUY","3,20,244","148.79","-"
"30-JUN-2025","PROSTARM","Prostarm Info Systems Ltd","MATHISYS ADVISORS LLP","SELL","3,21,638","148.52","-"
"30-JUN-2025","PROSTARM","Prostarm Info Systems Ltd","QE SECURITIES LLP","SELL","2,99,051","148.48","-"
"30-JUN-2025","PROSTARM","Prostarm Info Systems Ltd","QE SECURITIES LLP","BUY","2,99,939","147.64","-"
"30-JUN-2025","RAYMOND","Raymond Ltd.","AAKRAYA RESEARCH LLP","SELL","3,33,292","699.97","-"
"30-JUN-2025","RAYMOND","Raymond Ltd.","AAKRAYA RESEARCH LLP","BUY","3,33,292","699.57","-"
"30-JUN-2025","RAYMOND","Raymond Ltd.","ALPHAGREP SECURITIES PRIVATE LIMITED","BUY","3,68,722","704.15","-"
"30-JUN-2025","RAYMOND","Raymond Ltd.","ALPHAGREP SECURITIES PRIVATE LIMITED","SELL","3,68,722","702.81","-"
"30-JUN-2025","RAYMOND","Raymond Ltd.","GRAVITON RESEARCH CAPITAL LLP","BUY","4,20,260","692.16","-"
"30-JUN-2025","RAYMOND","Raymond Ltd.","GRAVITON RESEARCH CAPITAL LLP","SELL","4,20,260","692.88","-"
"30-JUN-2025","RAYMOND","Raymond Ltd.","HRTI PRIVATE LIMITED","SELL","4,95,485","695.90","-"
"30-JUN-2025","RAYMOND","Raymond Ltd.","HRTI PRIVATE LIMITED","BUY","5,70,530","693.71","-"
"30-JUN-2025","RAYMOND","Raymond Ltd.","MICROCURVES TRADING PRIVATE LIMITED","SELL","3,97,960","704.21","-"
"30-JUN-2025","RAYMOND","Raymond Ltd.","MICROCURVES TRADING PRIVATE LIMITED","BUY","3,97,960","703.93","-"
"30-JUN-2025","RAYMOND","Raymond Ltd.","MUSIGMA SECURITIES","SELL","5,02,799","707.03","-"
"30-JUN-2025","RAYMOND","Raymond Ltd.","MUSIGMA SECURITIES","BUY","5,02,799","706.74","-"
"30-JUN-2025","RAYMOND","Raymond Ltd.","NK SECURITIES RESEARCH PRIVATE LIMITED","SELL","6,94,868","705.24","-"
"30-JUN-2025","RAYMOND","Raymond Ltd.","NK SECURITIES RESEARCH PRIVATE LIMITED","BUY","6,94,868","704.93","-"
"30-JUN-2025","RAYMOND","Raymond Ltd.","QE SECURITIES LLP","SELL","6,19,316","698.61","-"
"30-JUN-2025","RAYMOND","Raymond Ltd.","QE SECURITIES LLP","BUY","6,25,188","698.09","-"
"30-JUN-2025","REMSONSIND","Remsons Industries Ltd","BANSRAJ GOND","BUY","5,90,460","145.58","-"
"30-JUN-2025","REMSONSIND","Remsons Industries Ltd","BANSRAJ GOND","SELL","5,90,460","146.16","-"
"30-JUN-2025","REMSONSIND","Remsons Industries Ltd","KESAR TRACOM INDIA LLP","BUY","82,872","137.63","-"
"30-JUN-2025","REMSONSIND","Remsons Industries Ltd","KESAR TRACOM INDIA LLP","SELL","2,58,779","144.68","-"
"30-JUN-2025","REMSONSIND","Remsons Industries Ltd","MSB E TRADE SECURITIES LIMITED","BUY","3,59,958","143.39","-"
"30-JUN-2025","REMSONSIND","Remsons Industries Ltd","MSB E TRADE SECURITIES LIMITED","SELL","3,59,958","144.29","-"
"30-JUN-2025","SIGACHI","Sigachi Industries Ltd","GRAVITON RESEARCH CAPITAL LLP","BUY","19,36,844","50.00","-"
"30-JUN-2025","SIGACHI","Sigachi Industries Ltd","GRAVITON RESEARCH CAPITAL LLP","SELL","19,36,844","49.90","-"
"30-JUN-2025","SIGACHI","Sigachi Industries Ltd","HRTI PRIVATE LIMITED","SELL","24,03,516","49.48","-"
"30-JUN-2025","SIGACHI","Sigachi Industries Ltd","HRTI PRIVATE LIMITED","BUY","26,99,555","49.50","-"
"30-JUN-2025","SIGNPOST","Signpost India Limited","AISHWARYA SHRIPAD ASHTEKAR","BUY","9,97,271","200.13","-"
"30-JUN-2025","SIGNPOST","Signpost India Limited","DIPANKAR CHATTERJEE","BUY","3,00,758","199.44","-"
"30-JUN-2025","SIGNPOST","Signpost India Limited","NIREN CHAND SUCHANTI","SELL","54,87,188","202.58","-"
"30-JUN-2025","SIGNPOST","Signpost India Limited","PELORUS TECHNOLOGIES PRIVATE LIMITED","BUY","5,00,000","198.02","-"
"30-JUN-2025","SIGNPOST","Signpost India Limited","SHRIPAD PRALHAD ASHTEKAR","BUY","4,65,000","212.84","-"
"30-JUN-2025","SIGNPOST","Signpost India Limited","SHYAM S","BUY","5,00,000","200.00","-"
"30-JUN-2025","SIGNPOST","Signpost India Limited","VINITHRA SEKHAR","BUY","5,00,000","200.00","-"
"30-JUN-2025","SUNREST","Sunrest Lifescience Ltd","BHAGYESH KIRITBHAI PAREKH","SELL","48,000","50.47","-"
"30-JUN-2025","TFCILTD","Tourism Finance Corp","MANSI SHARE AND STOCK BROKING PRIVATE LIMITED","SELL","4,56,070","237.36","-"
"30-JUN-2025","TFCILTD","Tourism Finance Corp","MANSI SHARE AND STOCK BROKING PRIVATE LIMITED","BUY","4,64,070","237.24","-"
"30-JUN-2025","VISAMAN","Visaman Global Sales Ltd","AJAY DHANUKA HUF","BUY","1,05,000","48.95","-"
"30-JUN-2025","VISAMAN","Visaman Global Sales Ltd","SANGEETA SHETALBHAI SHAH","SELL","1,98,000","48.95","-"
"30-JUN-2025","WENDT","Wendt (India) Ltd.","SHRIPAL V VORA (HUF)","SELL","295","8,975.46","-"
"30-JUN-2025","WENDT","Wendt (India) Ltd.","SHRIPAL V VORA (HUF)","BUY","10,195","9,093.54","-"