﻿"Date ","Symbol ","Security Name ","Client Name ","Buy / Sell ","Quantity Traded ","Trade Price / Wght. Avg. Price ","Remarks "
"16-OCT-2025","ANGELONE","Angel One Limited","GRAVITON RESEARCH CAPITAL LLP","BUY","4,92,471","2,485.65","-"
"16-OCT-2025","ANGELONE","Angel One Limited","GRAVITON RESEARCH CAPITAL LLP","SELL","4,92,471","2,487.29","-"
"16-OCT-2025","ATALREAL","Atal Realtech Limited","HILL TOP IMPEX PVT LTD .","BUY","7,00,000","24.06","-"
"16-OCT-2025","ATALREAL","Atal Realtech Limited","SAURABH  JAIN","SELL","8,00,000","24.05","-"
"16-OCT-2025","BAGDIGITAL","B.A.G.Convergence Limited","RAMAN  TALWAR","BUY","2,01,600","98.06","-"
"16-OCT-2025","BAGDIGITAL","B.A.G.Convergence Limited","VIKASA INDIA EIF I FUND-INCUBE GLOBAL OPPORTUNITIES","SELL","3,00,800","98.18","-"
"16-OCT-2025","BIRDYS","Grill Splendour Ser Ltd","PRREETI JAIIN NAINUTIA","SELL","1,05,600","123.30","-"
"16-OCT-2025","BIRDYS","Grill Splendour Ser Ltd","RESONANCE OPPORTUNITIES FUND","BUY","1,05,600","123.35","-"
"16-OCT-2025","BLS","BLS Intl Servs Ltd","GRAVITON RESEARCH CAPITAL LLP","BUY","21,15,304","304.49","-"
"16-OCT-2025","BLS","BLS Intl Servs Ltd","GRAVITON RESEARCH CAPITAL LLP","SELL","21,15,304","304.77","-"
"16-OCT-2025","BLS","BLS Intl Servs Ltd","HRTI PRIVATE LIMITED","SELL","20,94,071","310.60","-"
"16-OCT-2025","BLS","BLS Intl Servs Ltd","HRTI PRIVATE LIMITED","BUY","23,32,690","310.52","-"
"16-OCT-2025","BLS","BLS Intl Servs Ltd","JUNOMONETA FINSOL PRIVATE LIMITED","SELL","32,22,359","314.70","-"
"16-OCT-2025","BLS","BLS Intl Servs Ltd","JUNOMONETA FINSOL PRIVATE LIMITED","BUY","32,22,359","314.54","-"
"16-OCT-2025","CARTRADE","Cartrade Tech Limited","OXBOW MASTER FUND LIMITED","SELL","2,84,186","2,445.08","-"
"16-OCT-2025","CARTRADE","Cartrade Tech Limited","PLUTUS WEALTH MANAGEMENT LLP","BUY","3,75,000","2,454.98","-"
"16-OCT-2025","CMSINFO","CMS Info Systems Limited","PPFAS MUTUAL FUND","BUY","20,00,000","358.00","-"
"16-OCT-2025","CMSINFO","CMS Info Systems Limited","WF ASIAN RECONNAISSANCE FUND LIMITED","SELL","26,90,000","358.01","-"
"16-OCT-2025","COOLCAP-RE","Cool Caps Industries Ltd","LIFEWOOD SHOPPERS PRIVATE LIMITED","BUY","2,00,000","2.15","-"
"16-OCT-2025","CRAMC","Canara Robeco AMC Limited","IRAGE BROKING SERVICES LLP","SELL","9,72,124","300.26","-"
"16-OCT-2025","CRAMC","Canara Robeco AMC Limited","IRAGE BROKING SERVICES LLP","BUY","12,74,188","296.96","-"
"16-OCT-2025","CRAMC","Canara Robeco AMC Limited","JUNOMONETA FINSOL PRIVATE LIMITED","BUY","11,73,035","301.37","-"
"16-OCT-2025","CRAMC","Canara Robeco AMC Limited","JUNOMONETA FINSOL PRIVATE LIMITED","SELL","11,73,525","301.51","-"
"16-OCT-2025","CRAMC","Canara Robeco AMC Limited","NEGEN CAPITAL SERVICES PRIVATE LIMITED","BUY","10,90,526","281.79","-"
"16-OCT-2025","EXXARO","Exxaro Tiles Limited","BHAVISHYA ECOMMERCE PRIVATE LIMITED","SELL","38,75,107","7.63","-"
"16-OCT-2025","EXXARO","Exxaro Tiles Limited","DEEP DIAMOND INDIA LIMITED","BUY","61,00,000","7.34","-"
"16-OCT-2025","GMBREW","GM Breweries Ltd.","HRTI PRIVATE LIMITED","BUY","3,54,435","1,089.83","-"
"16-OCT-2025","GMBREW","GM Breweries Ltd.","HRTI PRIVATE LIMITED","SELL","3,88,963","1,096.07","-"
"16-OCT-2025","GMBREW","GM Breweries Ltd.","IRAGE BROKING SERVICES LLP","BUY","64,210","1,097.55","-"
"16-OCT-2025","GMBREW","GM Breweries Ltd.","IRAGE BROKING SERVICES LLP","SELL","1,15,660","1,087.00","-"
"16-OCT-2025","GMBREW","GM Breweries Ltd.","JUNOMONETA FINSOL PRIVATE LIMITED","BUY","2,92,683","1,098.20","-"
"16-OCT-2025","GMBREW","GM Breweries Ltd.","JUNOMONETA FINSOL PRIVATE LIMITED","SELL","2,92,686","1,099.34","-"
"16-OCT-2025","GMBREW","GM Breweries Ltd.","QE SECURITIES LLP","SELL","1,51,816","1,095.81","-"
"16-OCT-2025","GMBREW","GM Breweries Ltd.","QE SECURITIES LLP","BUY","1,52,087","1,095.98","-"
"16-OCT-2025","HUHTAMAKI","Huhtamaki India Limited","GRAVITON RESEARCH CAPITAL LLP","BUY","6,42,789","258.05","-"
"16-OCT-2025","HUHTAMAKI","Huhtamaki India Limited","GRAVITON RESEARCH CAPITAL LLP","SELL","6,42,789","258.51","-"
"16-OCT-2025","HUHTAMAKI","Huhtamaki India Limited","NK SECURITIES RESEARCH PRIVATE LIMITED","SELL","8,19,075","259.06","-"
"16-OCT-2025","HUHTAMAKI","Huhtamaki India Limited","NK SECURITIES RESEARCH PRIVATE LIMITED","BUY","8,19,075","258.90","-"
"16-OCT-2025","HUHTAMAKI","Huhtamaki India Limited","QE SECURITIES LLP","BUY","4,08,866","259.29","-"
"16-OCT-2025","HUHTAMAKI","Huhtamaki India Limited","QE SECURITIES LLP","SELL","4,10,005","259.90","-"
"16-OCT-2025","HUHTAMAKI","Huhtamaki India Limited","SILVERLEAF CAPITAL SERVICES PRIVATE LIMITED","BUY","5,32,128","257.60","-"
"16-OCT-2025","HUHTAMAKI","Huhtamaki India Limited","SILVERLEAF CAPITAL SERVICES PRIVATE LIMITED","SELL","5,32,128","257.65","-"
"16-OCT-2025","IRBINVIT","IRB InvIT Fund","ALPHA ALTERNATIVES MSAR LLP","SELL","2,16,66,667","60.24","-"
"16-OCT-2025","IRBINVIT","IRB InvIT Fund","ATHENA ENHANCED EQUITY FUND","SELL","1,25,00,000","60.24","-"
"16-OCT-2025","IRBINVIT","IRB InvIT Fund","KOTAK MAHINDRA BANK LIMITED","SELL","61,36,014","62.85","-"
"16-OCT-2025","IRBINVIT","IRB InvIT Fund","L & T TECHNOLOGY SERVICES LIMITED","BUY","72,37,160","60.40","-"
"16-OCT-2025","IRBINVIT","IRB InvIT Fund","LARSEN & TOUBRO LIMITED","BUY","4,41,89,672","60.24","-"
"16-OCT-2025","IRBINVIT","IRB InvIT Fund","TRUST INVESTMENT ADVISORS PRIVATE LIMITED","SELL","1,58,33,333","60.40","-"
"16-OCT-2025","MASTERTR","Master Trust Limited","SRESTHA FINVEST LIMITED","BUY","25,000","138.79","-"
"16-OCT-2025","MASTERTR","Master Trust Limited","SRESTHA FINVEST LIMITED","SELL","6,32,398","132.07","-"
"16-OCT-2025","MASTERTR","Master Trust Limited","SYLPH TECHNOLOGIES LIMITED","BUY","5,99,698","135.83","-"
"16-OCT-2025","MASTERTR","Master Trust Limited","SYLPH TECHNOLOGIES LIMITED","SELL","6,08,648","135.98","-"
"16-OCT-2025","MPEL","Manas Polymer N Energie L","CRAFT EMERGING MARKET FUND PCC- ELITE CAPITAL FUND","SELL","1,71,200","105.55","-"
"16-OCT-2025","MPEL","Manas Polymer N Energie L","FALGUNI AGRAWAL","BUY","40,000","105.55","-"
"16-OCT-2025","MPEL","Manas Polymer N Energie L","GALA PARUL PADAMSEE","BUY","94,400","105.55","-"
"16-OCT-2025","MPEL","Manas Polymer N Energie L","NEO APEX VENTURE LLP","BUY","1,600","105.55","-"
"16-OCT-2025","MPEL","Manas Polymer N Energie L","NEO APEX VENTURE LLP","SELL","1,45,600","105.55","-"
"16-OCT-2025","MPEL","Manas Polymer N Energie L","POOJA ANKIT GALA","BUY","94,400","105.55","-"
"16-OCT-2025","ORIENTTECH","Orient Technologies Ltd","HRTI PRIVATE LIMITED","BUY","2,10,466","481.20","-"
"16-OCT-2025","ORIENTTECH","Orient Technologies Ltd","HRTI PRIVATE LIMITED","SELL","2,14,975","476.80","-"
"16-OCT-2025","POLYSIL","Polysil Irrigation Syst L","NIKESH AGRO FARMS AND INFRASTRUCTURE PRIVATE LIMITED","BUY","1,80,000","277.75","-"
"16-OCT-2025","POLYSIL","Polysil Irrigation Syst L","YAGNIK BHARATKUMAR TANK","BUY","14,000","288.50","-"
"16-OCT-2025","POLYSIL","Polysil Irrigation Syst L","YAGNIK BHARATKUMAR TANK","SELL","4,00,000","277.75","-"
"16-OCT-2025","QUICKHEAL","Quick Heal Tech Ltd","GRAVITON RESEARCH CAPITAL LLP","SELL","3,66,344","357.85","-"
"16-OCT-2025","QUICKHEAL","Quick Heal Tech Ltd","GRAVITON RESEARCH CAPITAL LLP","BUY","3,66,344","357.46","-"
"16-OCT-2025","QUICKHEAL","Quick Heal Tech Ltd","JUNOMONETA FINSOL PRIVATE LIMITED","SELL","3,26,769","357.56","-"
"16-OCT-2025","QUICKHEAL","Quick Heal Tech Ltd","JUNOMONETA FINSOL PRIVATE LIMITED","BUY","3,26,769","357.38","-"
"16-OCT-2025","RBLBANK","RBL Bank Limited","GRAVITON RESEARCH CAPITAL LLP","BUY","38,79,204","300.80","-"
"16-OCT-2025","RBLBANK","RBL Bank Limited","GRAVITON RESEARCH CAPITAL LLP","SELL","38,79,204","300.83","-"
"16-OCT-2025","RELIABLE","Reliable Data Service Ltd","AJAY KUMAR PANESAR","SELL","93,590","123.80","-"
"16-OCT-2025","RUBICON","Rubicon Research Limited","JUNOMONETA FINSOL PRIVATE LIMITED","SELL","11,86,643","615.52","-"
"16-OCT-2025","RUBICON","Rubicon Research Limited","JUNOMONETA FINSOL PRIVATE LIMITED","BUY","11,86,787","615.34","-"
"16-OCT-2025","RUBICON","Rubicon Research Limited","NOMURA FUNDS IRELAND PLC NOMURA FUNDS IRELAND INDIA EQUITY FUND","BUY","16,50,000","616.31","-"
"16-OCT-2025","SBC","SBC Exports Limited","PRONTO SECURITIES PRIVATE LIMITED","SELL","24,50,325","22.77","-"
"16-OCT-2025","STALLION","Stallion Ind Fluorochem L","JUNOMONETA FINSOL PRIVATE LIMITED","BUY","5,07,140","401.68","-"
"16-OCT-2025","STALLION","Stallion Ind Fluorochem L","JUNOMONETA FINSOL PRIVATE LIMITED","SELL","5,09,901","402.24","-"
"16-OCT-2025","UNILEX","Unilex Colours and Chem L","AMRUT BHARAT OPPORTUNITIES FUND - SERIES I","SELL","94,400","40.59","-"
"16-OCT-2025","VERANDA","Veranda Learning Sol Ltd","GOLDMAN SACHS (SINGAPORE) PTE.- ODI","SELL","7,60,870","230.50","-"
"16-OCT-2025","VERANDA","Veranda Learning Sol Ltd","GOLDMAN SACHS BANK EUROPESE - ODI","BUY","7,60,870","230.50","-"
"16-OCT-2025","WAAREERTL","Waaree Renewable Tech Ltd","GRAVITON RESEARCH CAPITAL LLP","BUY","6,97,775","1,271.71","-"
"16-OCT-2025","WAAREERTL","Waaree Renewable Tech Ltd","GRAVITON RESEARCH CAPITAL LLP","SELL","6,98,076","1,272.81","-"
"16-OCT-2025","WAAREERTL","Waaree Renewable Tech Ltd","HRTI PRIVATE LIMITED","BUY","7,91,969","1,283.27","-"
"16-OCT-2025","WAAREERTL","Waaree Renewable Tech Ltd","HRTI PRIVATE LIMITED","SELL","8,26,218","1,283.49","-"
"16-OCT-2025","WAAREERTL","Waaree Renewable Tech Ltd","JUNOMONETA FINSOL PRIVATE LIMITED","BUY","9,19,673","1,287.13","-"
"16-OCT-2025","WAAREERTL","Waaree Renewable Tech Ltd","JUNOMONETA FINSOL PRIVATE LIMITED","SELL","9,19,685","1,287.76","-"