﻿"Date ","Symbol ","Security Name ","Client Name ","Buy / Sell ","Quantity Traded ","Trade Price / Wght. Avg. Price ","Remarks "
"12-JUN-2025","AARTECH","Aartech Solonics Limited","VARUN KRISHNAVTAR KABRA","SELL","5,05,142","74.47","-"
"12-JUN-2025","AARTECH","Aartech Solonics Limited","VARUN KRISHNAVTAR KABRA","BUY","5,12,675","76.20","-"
"12-JUN-2025","ASIANPAINT","Asian Paints Limited","SBI MUTUAL FUND","BUY","3,50,00,000","2,201.00","-"
"12-JUN-2025","ASIANPAINT","Asian Paints Limited","SIDDHANT COMMERCIALS PRIVATE LIMITED","SELL","3,50,00,000","2,201.00","-"
"12-JUN-2025","BIRDYS","Grill Splendour Ser Ltd","RIKHAV SECURITIES LIMITED","BUY","1,200","112.00","-"
"12-JUN-2025","BIRDYS","Grill Splendour Ser Ltd","RIKHAV SECURITIES LIMITED","SELL","32,400","112.41","-"
"12-JUN-2025","DIGITIDE","Digitide Solutions Ltd","INDIA CAPITAL MANAGEMENT LIMITED A/C INDIA CAPITAL FUND LIMITED","SELL","8,57,393","222.46","-"
"12-JUN-2025","DIGITIDE","Digitide Solutions Ltd","ISHARES CORE MSCI EMERGING MARKETS ETF","SELL","9,22,734","223.13","-"
"12-JUN-2025","FORCAS","Forcas Studio Limited","PROGNOSIS SECURITIES PVT. LTD","BUY","36,800","116.23","-"
"12-JUN-2025","FORCAS","Forcas Studio Limited","PROGNOSIS SECURITIES PVT. LTD","SELL","1,98,400","112.01","-"
"12-JUN-2025","FORCAS","Forcas Studio Limited","UPADHYAYA AJAY","BUY","1,02,400","112.00","-"
"12-JUN-2025","GODHA","Godha Cabcon Insulat Ltd","ABDUL AZEES","SELL","1,00,00,000","0.48","-"
"12-JUN-2025","GTL","GTL Limited","AAKRAYA RESEARCH LLP","BUY","11,09,014","12.28","-"
"12-JUN-2025","GTL","GTL Limited","AAKRAYA RESEARCH LLP","SELL","11,09,014","12.30","-"
"12-JUN-2025","GTLINFRA","GTL Infrastructure Limite","ACHINTYA SECURITIES PRIVATE LIMITED","SELL","13,88,88,601","2.05","-"
"12-JUN-2025","GTLINFRA","GTL Infrastructure Limite","ACHINTYA SECURITIES PRIVATE LIMITED","BUY","14,00,06,701","2.05","-"
"12-JUN-2025","GTLINFRA","GTL Infrastructure Limite","SHARE INDIA SECURITIES LIMITED","BUY","12,82,72,464","2.07","-"
"12-JUN-2025","GTLINFRA","GTL Infrastructure Limite","SHARE INDIA SECURITIES LIMITED","SELL","13,37,24,681","2.07","-"
"12-JUN-2025","KARMAENG","Karma Energy Limited","NEO APEX VENTURE LLP","BUY","70,647","83.12","-"
"12-JUN-2025","KARMAENG","Karma Energy Limited","NEO APEX VENTURE LLP","SELL","87,448","83.31","-"
"12-JUN-2025","KBCGLOBAL","KBC Global Limited","ACHINTYA SECURITIES PRIVATE LIMITED","SELL","2,98,01,154","0.43","-"
"12-JUN-2025","KBCGLOBAL","KBC Global Limited","ACHINTYA SECURITIES PRIVATE LIMITED","BUY","3,08,19,485","0.43","-"
"12-JUN-2025","KBCGLOBAL","KBC Global Limited","ANKITA VISHAL SHAH","SELL","4,74,61,745","0.45","-"
"12-JUN-2025","KBCGLOBAL","KBC Global Limited","ANKITA VISHAL SHAH","BUY","6,58,49,745","0.44","-"
"12-JUN-2025","LFIC","Lakshmi Fin Ind Corp Ltd","ZALA SHAILENDRASINH C","BUY","19,692","244.23","-"
"12-JUN-2025","LFIC","Lakshmi Fin Ind Corp Ltd","ZALA SHAILENDRASINH C","SELL","24,336","235.47","-"
"12-JUN-2025","MAXVOLT","Maxvolt Energy Indus L","SATYA VIBHU MUPPANA","BUY","58,400","220.70","-"
"12-JUN-2025","MTNL","Maha Tel Nigam Ltd.","GRAVITON RESEARCH CAPITAL LLP","SELL","18,48,419","54.39","-"
"12-JUN-2025","MTNL","Maha Tel Nigam Ltd.","GRAVITON RESEARCH CAPITAL LLP","BUY","18,48,419","54.36","-"
"12-JUN-2025","MTNL","Maha Tel Nigam Ltd.","HRTI PRIVATE LIMITED","BUY","21,78,582","54.29","-"
"12-JUN-2025","MTNL","Maha Tel Nigam Ltd.","HRTI PRIVATE LIMITED","SELL","24,50,883","54.21","-"
"12-JUN-2025","MVKAGRO","M.V.K. Agro Food Prod Ltd","MULTIPLIER SHARE & STOCK ADVISORS PRIVATE LIMITED","SELL","91,200","122.05","-"
"12-JUN-2025","ORIENTALTL","Oriental Trimex Limited","SANKALP  FINANCE","SELL","6,82,719","15.75","-"
"12-JUN-2025","ORIENTALTL","Oriental Trimex Limited","SANKALP  FINANCE","BUY","11,50,707","16.05","-"
"12-JUN-2025","PARAGON","PARAGON FINE S.C. LTD.","GYMKHANA PARTNERS L.P.","SELL","1,02,000","61.97","-"
"12-JUN-2025","PATTECH","Pattech Fitwell Tub Com L","CAPNEXT ADVISORY PRIVATE LIMITED","SELL","40,500","76.05","-"
"12-JUN-2025","PATTECH","Pattech Fitwell Tub Com L","LAKHANI JIGNESH JASMATBHAI(HUF)","BUY","40,500","76.05","-"
"12-JUN-2025","PRANIK","Pranik Logistics Limited","ALLINA  QURESHI","SELL","27,200","91.22","-"
"12-JUN-2025","PRANIK","Pranik Logistics Limited","ALLINA  QURESHI","BUY","2,59,200","91.44","-"
"12-JUN-2025","PRANIK","Pranik Logistics Limited","INDUS COSMECEUTICALS PRIVATE LIMITED","SELL","72,000","88.04","-"
"12-JUN-2025","PRANIK","Pranik Logistics Limited","MONEYPLANT GOLD & JEWELLERY TRADING L.L.C","BUY","83,200","88.00","-"
"12-JUN-2025","ROUTE","ROUTE MOBILE LIMITED","GRAVITON RESEARCH CAPITAL LLP","BUY","3,78,085","1,114.32","-"
"12-JUN-2025","ROUTE","ROUTE MOBILE LIMITED","GRAVITON RESEARCH CAPITAL LLP","SELL","3,78,085","1,115.24","-"
"12-JUN-2025","ROUTE","ROUTE MOBILE LIMITED","NK SECURITIES RESEARCH PRIVATE LIMITED","SELL","3,32,428","1,119.88","-"
"12-JUN-2025","ROUTE","ROUTE MOBILE LIMITED","NK SECURITIES RESEARCH PRIVATE LIMITED","BUY","3,32,428","1,119.34","-"
"12-JUN-2025","ROUTE","ROUTE MOBILE LIMITED","QE SECURITIES LLP","SELL","3,46,471","1,112.07","-"
"12-JUN-2025","ROUTE","ROUTE MOBILE LIMITED","QE SECURITIES LLP","BUY","3,49,612","1,113.67","-"
"12-JUN-2025","SEPC-RE3","SEPC Ltd","DEVI TRADERS LLP","BUY","8,00,000","1.49","-"
"12-JUN-2025","SEPC-RE3","SEPC Ltd","DEVI TRADERS LLP","SELL","20,00,000","1.93","-"
"12-JUN-2025","SEPC-RE3","SEPC Ltd","ISHAAN TRADEFIN LLP","BUY","5,00,000","1.40","-"
"12-JUN-2025","SEPC-RE3","SEPC Ltd","ISHAAN TRADEFIN LLP","SELL","49,55,050","1.76","-"
"12-JUN-2025","SEPC-RE3","SEPC Ltd","JITEN P SHETH HUF","BUY","22,00,000","1.79","-"
"12-JUN-2025","SEPC-RE3","SEPC Ltd","MARK AB WELFARE TRUST","SELL","2,53,72,839","1.55","-"
"12-JUN-2025","SHANKARA","Shankara Bldg Product Ltd","RAJASTHAN GLOBAL SECURITIES PRIVATE LIMITED","SELL","1,53,449","1,034.62","-"
"12-JUN-2025","SHANKARA","Shankara Bldg Product Ltd","WTCNAM COMMON TRUST FUNDS TRUST EMERGING MARKETS OPPORTUNITIES PORTFOLIO","BUY","1,36,467","1,021.68","-"
"12-JUN-2025","SRPL","Shree Ram Proteins Ltd.","HARBIR SINGH CHADHA","SELL","32,67,181","0.59","-"
"12-JUN-2025","TANLA","Tanla Platforms Limited","GRAVITON RESEARCH CAPITAL LLP","BUY","9,91,563","686.16","-"
"12-JUN-2025","TANLA","Tanla Platforms Limited","GRAVITON RESEARCH CAPITAL LLP","SELL","9,91,563","686.54","-"
"12-JUN-2025","TGL","Teerth Gopicon Limited","NEO APEX VENTURE LLP","SELL","1,70,200","148.25","-"
"12-JUN-2025","USHAFIN","Usha Financial Services L","EPOCH SYNTHETICS PRIVATE LIMITED","SELL","1,48,000","71.50","-"
"12-JUN-2025","USHAFIN","Usha Financial Services L","NAVIN TEXTILE MARKETING PRIVATE LIMITED","SELL","1,59,200","71.50","-"
"12-JUN-2025","USHAFIN","Usha Financial Services L","YASHIKA CAPITAL FINVEST PRIVATE LIMITED","BUY","4,32,800","71.99","-"
"12-JUN-2025","VILINBIO","Vilin Bio Med Limited","KASHINATH SAHU","SELL","72,000","27.85","-"