﻿"Date ","Symbol ","Security Name ","Client Name ","Buy / Sell ","Quantity Traded ","Trade Price / Wght. Avg. Price ","Remarks "
"25-JUN-2025","AARTECH","Aartech Solonics Limited","KRISHNA AWTAR KABRA","SELL","1,71,753","72.47","-"
"25-JUN-2025","AARTECH","Aartech Solonics Limited","KRISHNA AWTAR KABRA","BUY","1,71,753","71.74","-"
"25-JUN-2025","ANZEN","Anzen Ind Ene Yld Plu Tru","CHRYSEUM ADVISORS LLP","SELL","3,00,000","115.35","-"
"25-JUN-2025","ANZEN","Anzen Ind Ene Yld Plu Tru","CHRYSEUM ADVISORS LLP","BUY","33,00,000","112.56","-"
"25-JUN-2025","ANZEN","Anzen Ind Ene Yld Plu Tru","EDELWEISS INFRASTRUCTURE YIELD PLUS","SELL","42,25,000","112.56","-"
"25-JUN-2025","ARISINFRA","Arisinfra Solutions Ltd","AAKRAYA RESEARCH LLP","BUY","8,32,673","192.26","-"
"25-JUN-2025","ARISINFRA","Arisinfra Solutions Ltd","AAKRAYA RESEARCH LLP","SELL","8,32,673","192.21","-"
"25-JUN-2025","ARISINFRA","Arisinfra Solutions Ltd","CITIGROUP GLOBAL MARKETS MAURITIUS PVT LTD","SELL","5,40,674","183.73","-"
"25-JUN-2025","ARISINFRA","Arisinfra Solutions Ltd","GRAVITON RESEARCH CAPITAL LLP","BUY","4,43,278","190.93","-"
"25-JUN-2025","ARISINFRA","Arisinfra Solutions Ltd","GRAVITON RESEARCH CAPITAL LLP","SELL","4,43,278","190.81","-"
"25-JUN-2025","ARISINFRA","Arisinfra Solutions Ltd","NEOMILE CORPORATE ADVISORY LIMITED","SELL","2,27,826","199.27","-"
"25-JUN-2025","ARISINFRA","Arisinfra Solutions Ltd","NEOMILE CORPORATE ADVISORY LIMITED","BUY","6,13,487","191.44","-"
"25-JUN-2025","ARISINFRA","Arisinfra Solutions Ltd","NOVA GLOBAL OPPORTUNITIES FUND PCC - TOUCHSTONE","SELL","5,22,354","205.00","-"
"25-JUN-2025","ARISINFRA","Arisinfra Solutions Ltd","SOCIETE GENERALE","SELL","10,22,030","184.81","-"
"25-JUN-2025","AWFIS","Awfis Space Solutions Ltd","VBAP HOLDINGS PRIVATE LIMITED","SELL","10,00,000","650.01","-"
"25-JUN-2025","BAJAJCON","Bajaj Corp Limited","GRAVITON RESEARCH CAPITAL LLP","SELL","8,16,526","208.14","-"
"25-JUN-2025","BAJAJCON","Bajaj Corp Limited","GRAVITON RESEARCH CAPITAL LLP","BUY","8,16,526","208.01","-"
"25-JUN-2025","BALAMINES","Balaji Amines Limited","GRAVITON RESEARCH CAPITAL LLP","SELL","1,78,511","1,648.74","-"
"25-JUN-2025","BALAMINES","Balaji Amines Limited","GRAVITON RESEARCH CAPITAL LLP","BUY","1,78,511","1,647.51","-"
"25-JUN-2025","CAPTRUST","Capital Trust Limited","YOGEN  KHOSLA","SELL","1,02,857","75.76","-"
"25-JUN-2025","CELLECOR","Cellecor Gadgets Limited","RAVI AGARWAL","SELL","23,91,000","40.00","-"
"25-JUN-2025","EEPL","Eppeltone Engineers Ltd","CINCO STOCK VISION LLP","SELL","2,65,000","260.68","-"
"25-JUN-2025","EEPL","Eppeltone Engineers Ltd","ISHAAN TRADEFIN LLP","BUY","18,000","248.73","-"
"25-JUN-2025","EEPL","Eppeltone Engineers Ltd","ISHAAN TRADEFIN LLP","SELL","1,32,000","258.00","-"
"25-JUN-2025","EEPL","Eppeltone Engineers Ltd","JAYSUKHBHAI  THATHAGAR","BUY","80,000","258.75","-"
"25-JUN-2025","EEPL","Eppeltone Engineers Ltd","NEO APEX VENTURE LLP","SELL","2,00,000","262.78","-"
"25-JUN-2025","EEPL","Eppeltone Engineers Ltd","STATSOL RESEARCH LLP","SELL","1,68,000","256.58","-"
"25-JUN-2025","EEPL","Eppeltone Engineers Ltd","VINOD KUMAR","BUY","1,34,000","257.97","-"
"25-JUN-2025","EEPL","Eppeltone Engineers Ltd","YUGA STOCKS AND COMMODITIES PRIVATE LIMITED","BUY","80,000","257.75","-"
"25-JUN-2025","EIEL","Enviro Infra Engineers L","AAKRAYA RESEARCH LLP","SELL","12,66,949","246.80","-"
"25-JUN-2025","EIEL","Enviro Infra Engineers L","AAKRAYA RESEARCH LLP","BUY","12,66,949","246.61","-"
"25-JUN-2025","EIEL","Enviro Infra Engineers L","GRAVITON RESEARCH CAPITAL LLP","BUY","12,53,101","246.56","-"
"25-JUN-2025","EIEL","Enviro Infra Engineers L","GRAVITON RESEARCH CAPITAL LLP","SELL","12,53,101","246.80","-"
"25-JUN-2025","EIEL","Enviro Infra Engineers L","HRTI PRIVATE LIMITED","BUY","9,92,210","245.60","-"
"25-JUN-2025","EIEL","Enviro Infra Engineers L","HRTI PRIVATE LIMITED","SELL","10,83,931","246.12","-"
"25-JUN-2025","EIEL","Enviro Infra Engineers L","QE SECURITIES LLP","BUY","14,74,634","246.43","-"
"25-JUN-2025","EIEL","Enviro Infra Engineers L","QE SECURITIES LLP","SELL","15,11,716","246.87","-"
"25-JUN-2025","FINOPB","Fino Payments Bank Ltd","CRONY VYAPAR PVT LTD","SELL","17,24,325","303.10","-"
"25-JUN-2025","FINOPB","Fino Payments Bank Ltd","CRONY VYAPAR PVT LTD","BUY","20,01,305","300.68","-"
"25-JUN-2025","FINOPB","Fino Payments Bank Ltd","HRTI PRIVATE LIMITED","SELL","5,84,878","301.51","-"
"25-JUN-2025","FINOPB","Fino Payments Bank Ltd","HRTI PRIVATE LIMITED","BUY","5,99,198","301.08","-"
"25-JUN-2025","FINOPB","Fino Payments Bank Ltd","PARTH INFIN BROKERS PVT LTD","SELL","4,77,345","297.03","-"
"25-JUN-2025","FINOPB","Fino Payments Bank Ltd","PARTH INFIN BROKERS PVT LTD","BUY","6,20,238","298.35","-"
"25-JUN-2025","INFLUX","Influx Healthtech Limited","ISHAAN TRADEFIN LLP","BUY","1,17,600","131.48","-"
"25-JUN-2025","INFLUX","Influx Healthtech Limited","JAGDISHPRASHADSHARMA","BUY","1,26,000","132.92","-"
"25-JUN-2025","INFLUX","Influx Healthtech Limited","MANSI SHARE AND STOCK BROKING PRIVATE LIMITED","BUY","1,20,000","127.21","-"
"25-JUN-2025","INFLUX","Influx Healthtech Limited","ROHAN GUPTA","BUY","2,89,200","131.80","-"
"25-JUN-2025","JTEKTINDIA","JTEKT India Ltd","NIPPON INDIA MUTUAL FUND A/C NIPPON INDIA SMALL CAP FUND","BUY","19,98,630","138.84","-"
"25-JUN-2025","MCX","Multi Commodity Exchange","GRAVITON RESEARCH CAPITAL LLP","BUY","2,89,011","8,626.09","-"
"25-JUN-2025","MCX","Multi Commodity Exchange","GRAVITON RESEARCH CAPITAL LLP","SELL","2,89,011","8,630.30","-"
"25-JUN-2025","MTNL","Maha Tel Nigam Ltd.","AAKRAYA RESEARCH LLP","BUY","17,34,842","55.06","-"
"25-JUN-2025","MTNL","Maha Tel Nigam Ltd.","AAKRAYA RESEARCH LLP","SELL","17,34,842","55.12","-"
"25-JUN-2025","MTNL","Maha Tel Nigam Ltd.","GRAVITON RESEARCH CAPITAL LLP","BUY","51,89,902","54.80","-"
"25-JUN-2025","MTNL","Maha Tel Nigam Ltd.","GRAVITON RESEARCH CAPITAL LLP","SELL","51,89,902","54.84","-"
"25-JUN-2025","MTNL","Maha Tel Nigam Ltd.","HRTI PRIVATE LIMITED","SELL","45,95,407","55.39","-"
"25-JUN-2025","MTNL","Maha Tel Nigam Ltd.","HRTI PRIVATE LIMITED","BUY","50,35,520","55.19","-"
"25-JUN-2025","MTNL","Maha Tel Nigam Ltd.","IRAGE BROKING SERVICES LLP","SELL","16,03,314","55.62","-"
"25-JUN-2025","MTNL","Maha Tel Nigam Ltd.","IRAGE BROKING SERVICES LLP","BUY","16,74,044","56.26","-"
"25-JUN-2025","MTNL","Maha Tel Nigam Ltd.","MATHISYS ADVISORS LLP","SELL","13,84,117","55.54","-"
"25-JUN-2025","MTNL","Maha Tel Nigam Ltd.","MATHISYS ADVISORS LLP","BUY","13,98,907","55.82","-"
"25-JUN-2025","MTNL","Maha Tel Nigam Ltd.","MICROCURVES TRADING PRIVATE LIMITED","SELL","18,49,875","55.39","-"
"25-JUN-2025","MTNL","Maha Tel Nigam Ltd.","MICROCURVES TRADING PRIVATE LIMITED","BUY","18,49,875","55.38","-"
"25-JUN-2025","MTNL","Maha Tel Nigam Ltd.","OM TRADING","SELL","37,43,049","57.09","-"
"25-JUN-2025","MTNL","Maha Tel Nigam Ltd.","OM TRADING","BUY","37,43,049","55.61","-"
"25-JUN-2025","MTNL","Maha Tel Nigam Ltd.","QE SECURITIES LLP","BUY","30,79,728","55.62","-"
"25-JUN-2025","MTNL","Maha Tel Nigam Ltd.","QE SECURITIES LLP","SELL","36,98,134","55.68","-"
"25-JUN-2025","MTNL","Maha Tel Nigam Ltd.","SHARE INDIA SECURITIES LIMITED","BUY","24,96,000","56.38","-"
"25-JUN-2025","MTNL","Maha Tel Nigam Ltd.","SHARE INDIA SECURITIES LIMITED","SELL","24,99,000","56.35","-"
"25-JUN-2025","OLIL","Oneclick Logistics Ind L","JYOTI AJAY KUMAR GUPTA","BUY","4,800","196.50","-"
"25-JUN-2025","OLIL","Oneclick Logistics Ind L","JYOTI AJAY KUMAR GUPTA","SELL","24,000","191.05","-"
"25-JUN-2025","PATILAUTOM","Patil Automation Limited","DARSHANA MITESH CHOTHANI","BUY","1,24,800","178.90","-"
"25-JUN-2025","PATILAUTOM","Patil Automation Limited","ISHAAN TRADEFIN LLP","BUY","8,400","179.35","-"
"25-JUN-2025","PATILAUTOM","Patil Automation Limited","ISHAAN TRADEFIN LLP","SELL","1,17,600","176.22","-"
"25-JUN-2025","PATTECH","Pattech Fitwell Tub Com L","VIRAL PRAFUL JHAVERI","BUY","42,000","77.62","-"
"25-JUN-2025","PRAXIS","Praxis Home Retail Ltd","2015 GROVER FAMILY TRUST","SELL","7,00,000","11.85","-"
"25-JUN-2025","PRAXIS","Praxis Home Retail Ltd","CMS COMPUTERS LIMITED","BUY","7,00,000","11.86","-"
"25-JUN-2025","SABAR","Sabar Flex India Limited","PRAVINBHAI VANMALI MANDALIYA","SELL","1,05,000","4.00","-"
"25-JUN-2025","SBC","SBC Exports Limited","SHARE INDIA SECURITIES LIMITED","BUY","4,20,887","14.73","-"
"25-JUN-2025","SBC","SBC Exports Limited","SHARE INDIA SECURITIES LIMITED","SELL","27,27,331","14.75","-"
"25-JUN-2025","STARHEALTH","Star Health & Al Ins Co L","SBI MUTUAL FUND","BUY","1,64,22,758","420.00","-"
"25-JUN-2025","STARHEALTH","Star Health & Al Ins Co L","WF ASIAN SMALLER COMPANIES FUND LIMITED","SELL","1,66,85,900","420.03","-"
"25-JUN-2025","TROM","Trom Industries Limited","SHIVARJUN BYRAPANENI RAO","SELL","64,800","104.79","-"
"25-JUN-2025","VINEETLAB","Vineet Laboratories Ltd","SATYANARAYANA RAJU BHUPATHIRAJU","SELL","50,000","30.05","-"
"25-JUN-2025","VINEETLAB","Vineet Laboratories Ltd","SUREKHA NAGA LAKSHMI PENDELA","BUY","1,10,000","30.05","-"