﻿"Date ","Symbol ","Security Name ","Client Name ","Buy / Sell ","Quantity Traded ","Trade Price / Wght. Avg. Price ","Remarks "
"08-AUG-2025","BHARTIARTL","Bharti Airtel Limited","INDIAN CONTINENT INVESTMENT LIMITED","SELL","3,00,00,000","1,870.40","-"
"08-AUG-2025","BHARTIARTL","Bharti Airtel Limited","INDIAN CONTINENT INVESTMENT LIMITED","SELL","3,00,00,000","1,871.95","-"
"08-AUG-2025","BLACKBUCK","Zinka Logistics Sol Ltd","SANDS CAPITAL PRIVATE GROWTH II LIMITED","SELL","10,67,913","520.47","-"
"08-AUG-2025","FLYSBS","FlySBS Aviation Limited","BIJAL PRITESH VORA","BUY","3,99,600","427.50","-"
"08-AUG-2025","FLYSBS","FlySBS Aviation Limited","MANSI SHARE AND STOCK BROKING PRIVATE LIMITED","BUY","3,00,000","448.85","-"
"08-AUG-2025","FLYSBS","FlySBS Aviation Limited","NEO APEX VENTURE LLP","BUY","2,20,200","448.85","-"
"08-AUG-2025","FLYSBS","FlySBS Aviation Limited","PACE STOCK BROKING SERVICES PVT LTD","BUY","1,18,800","448.85","-"
"08-AUG-2025","IPL","India Pesticides Limited","GRAVITON RESEARCH CAPITAL LLP","SELL","5,92,477","235.64","-"
"08-AUG-2025","IPL","India Pesticides Limited","GRAVITON RESEARCH CAPITAL LLP","BUY","5,92,477","235.41","-"
"08-AUG-2025","LAXMIINDIA","Laxmi India Finance Ltd","AAKRAYA RESEARCH LLP","BUY","14,48,542","165.46","-"
"08-AUG-2025","LAXMIINDIA","Laxmi India Finance Ltd","AAKRAYA RESEARCH LLP","SELL","14,48,542","165.49","-"
"08-AUG-2025","LAXMIINDIA","Laxmi India Finance Ltd","ALPHAGREP SECURITIES PRIVATE LIMITED","SELL","7,18,798","167.20","-"
"08-AUG-2025","LAXMIINDIA","Laxmi India Finance Ltd","ALPHAGREP SECURITIES PRIVATE LIMITED","BUY","7,18,798","167.29","-"
"08-AUG-2025","LAXMIINDIA","Laxmi India Finance Ltd","DEVANSHU  SHARMA","SELL","2,63,000","167.87","-"
"08-AUG-2025","LAXMIINDIA","Laxmi India Finance Ltd","DEVANSHU  SHARMA","BUY","2,94,000","168.83","-"
"08-AUG-2025","LAXMIINDIA","Laxmi India Finance Ltd","DIPAN MEHTA COMMODITIES PRIVATE LIMITED","SELL","4,12,499","168.50","-"
"08-AUG-2025","LAXMIINDIA","Laxmi India Finance Ltd","DIPAN MEHTA COMMODITIES PRIVATE LIMITED","BUY","4,21,199","167.31","-"
"08-AUG-2025","LAXMIINDIA","Laxmi India Finance Ltd","ELIXIR WEALTH MANAGEMENT PRIVATE LIMITED","SELL","5,42,351","168.52","-"
"08-AUG-2025","LAXMIINDIA","Laxmi India Finance Ltd","ELIXIR WEALTH MANAGEMENT PRIVATE LIMITED","BUY","5,66,451","167.47","-"
"08-AUG-2025","LAXMIINDIA","Laxmi India Finance Ltd","GOLDMINE STOCKS PRIVATE LIMITED","SELL","4,72,808","167.64","-"
"08-AUG-2025","LAXMIINDIA","Laxmi India Finance Ltd","GOLDMINE STOCKS PRIVATE LIMITED","BUY","4,72,808","167.24","-"
"08-AUG-2025","LAXMIINDIA","Laxmi India Finance Ltd","GROWTH SECURITIES PRIVATE LIMITED","SELL","7,66,132","163.34","-"
"08-AUG-2025","LAXMIINDIA","Laxmi India Finance Ltd","GROWTH SECURITIES PRIVATE LIMITED","BUY","7,66,132","163.33","-"
"08-AUG-2025","LAXMIINDIA","Laxmi India Finance Ltd","HUTOXY KERSI BHADHA","BUY","4,20,000","161.88","-"
"08-AUG-2025","LAXMIINDIA","Laxmi India Finance Ltd","IRAGE BROKING SERVICES LLP","BUY","8,35,367","165.03","-"
"08-AUG-2025","LAXMIINDIA","Laxmi India Finance Ltd","IRAGE BROKING SERVICES LLP","SELL","8,44,179","165.58","-"
"08-AUG-2025","LAXMIINDIA","Laxmi India Finance Ltd","MANSUKH SECURITIES & FINANCE LIMITED","SELL","4,23,577","165.82","-"
"08-AUG-2025","LAXMIINDIA","Laxmi India Finance Ltd","MANSUKH SECURITIES & FINANCE LIMITED","BUY","4,23,577","165.33","-"
"08-AUG-2025","LAXMIINDIA","Laxmi India Finance Ltd","MATHISYS ADVISORS LLP","BUY","34,36,475","165.04","-"
"08-AUG-2025","LAXMIINDIA","Laxmi India Finance Ltd","MATHISYS ADVISORS LLP","SELL","34,65,563","164.83","-"
"08-AUG-2025","LAXMIINDIA","Laxmi India Finance Ltd","MICROCURVES TRADING PRIVATE LIMITED","BUY","7,81,022","164.94","-"
"08-AUG-2025","LAXMIINDIA","Laxmi India Finance Ltd","MICROCURVES TRADING PRIVATE LIMITED","SELL","7,81,022","164.90","-"
"08-AUG-2025","LAXMIINDIA","Laxmi India Finance Ltd","MUSIGMA SECURITIES","BUY","9,64,410","166.31","-"
"08-AUG-2025","LAXMIINDIA","Laxmi India Finance Ltd","MUSIGMA SECURITIES","SELL","9,64,410","166.31","-"
"08-AUG-2025","LAXMIINDIA","Laxmi India Finance Ltd","NK SECURITIES RESEARCH PRIVATE LIMITED","SELL","20,29,942","165.36","-"
"08-AUG-2025","LAXMIINDIA","Laxmi India Finance Ltd","NK SECURITIES RESEARCH PRIVATE LIMITED","BUY","20,29,942","165.22","-"
"08-AUG-2025","LAXMIINDIA","Laxmi India Finance Ltd","PACE STOCK BROKING SERVICES PVT LTD","BUY","2,48,883","162.66","-"
"08-AUG-2025","LAXMIINDIA","Laxmi India Finance Ltd","PACE STOCK BROKING SERVICES PVT LTD","SELL","2,66,383","162.19","-"
"08-AUG-2025","LAXMIINDIA","Laxmi India Finance Ltd","PATRONUS TRADETECH LLP","SELL","3,54,247","161.67","-"
"08-AUG-2025","LAXMIINDIA","Laxmi India Finance Ltd","PATRONUS TRADETECH LLP","BUY","4,35,398","158.80","-"
"08-AUG-2025","LAXMIINDIA","Laxmi India Finance Ltd","PEER GLOBAL TRADE PRIVATE LIMITED","SELL","2,55,547","161.70","-"
"08-AUG-2025","LAXMIINDIA","Laxmi India Finance Ltd","PEER GLOBAL TRADE PRIVATE LIMITED","BUY","2,70,547","161.08","-"
"08-AUG-2025","LAXMIINDIA","Laxmi India Finance Ltd","PURE BROKING PVT LTD","SELL","4,02,178","166.40","-"
"08-AUG-2025","LAXMIINDIA","Laxmi India Finance Ltd","PURE BROKING PVT LTD","BUY","4,09,029","166.07","-"
"08-AUG-2025","LAXMIINDIA","Laxmi India Finance Ltd","QE SECURITIES LLP","BUY","9,95,770","166.12","-"
"08-AUG-2025","LAXMIINDIA","Laxmi India Finance Ltd","QE SECURITIES LLP","SELL","10,60,349","164.57","-"
"08-AUG-2025","LAXMIINDIA","Laxmi India Finance Ltd","SHREE NAMAN SECURITIES & FINANCE PRIVATE LIMITED","SELL","6,04,201","166.10","-"
"08-AUG-2025","LAXMIINDIA","Laxmi India Finance Ltd","SHREE NAMAN SECURITIES & FINANCE PRIVATE LIMITED","BUY","6,05,501","165.61","-"
"08-AUG-2025","LAXMIINDIA","Laxmi India Finance Ltd","SILVERLEAF CAPITAL SERVICES PRIVATE LIMITED","BUY","3,21,609","163.49","-"
"08-AUG-2025","LAXMIINDIA","Laxmi India Finance Ltd","SILVERLEAF CAPITAL SERVICES PRIVATE LIMITED","SELL","3,21,609","164.17","-"
"08-AUG-2025","LOTUSDEV","Sri Lotus Devlprs N Rty L","SW CAPITAL PRIVATE LIMITED","BUY","19,15,745","211.48","-"
"08-AUG-2025","LOTUSDEV","Sri Lotus Devlprs N Rty L","SW CAPITAL PRIVATE LIMITED","SELL","30,33,601","213.06","-"
"08-AUG-2025","MBEL","M and B Engineering Ltd","AAKRAYA RESEARCH LLP","SELL","4,72,424","462.60","-"
"08-AUG-2025","MBEL","M and B Engineering Ltd","AAKRAYA RESEARCH LLP","BUY","4,72,424","462.40","-"
"08-AUG-2025","MBEL","M and B Engineering Ltd","ALPHAGREP SECURITIES PRIVATE LIMITED","SELL","2,99,835","458.54","-"
"08-AUG-2025","MBEL","M and B Engineering Ltd","ALPHAGREP SECURITIES PRIVATE LIMITED","BUY","2,99,835","458.47","-"
"08-AUG-2025","MBEL","M and B Engineering Ltd","DIPAN MEHTA COMMODITIES PRIVATE LIMITED","SELL","2,85,679","469.30","-"
"08-AUG-2025","MBEL","M and B Engineering Ltd","DIPAN MEHTA COMMODITIES PRIVATE LIMITED","BUY","2,88,679","466.90","-"
"08-AUG-2025","MBEL","M and B Engineering Ltd","ELIXIR WEALTH MANAGEMENT PRIVATE LIMITED","SELL","5,03,301","473.30","-"
"08-AUG-2025","MBEL","M and B Engineering Ltd","ELIXIR WEALTH MANAGEMENT PRIVATE LIMITED","BUY","5,06,962","471.58","-"
"08-AUG-2025","MBEL","M and B Engineering Ltd","GRAVITON RESEARCH CAPITAL LLP","SELL","17,25,373","459.80","-"
"08-AUG-2025","MBEL","M and B Engineering Ltd","GRAVITON RESEARCH CAPITAL LLP","BUY","17,25,373","459.66","-"
"08-AUG-2025","MBEL","M and B Engineering Ltd","IRAGE BROKING SERVICES LLP","SELL","2,85,448","457.79","-"
"08-AUG-2025","MBEL","M and B Engineering Ltd","IRAGE BROKING SERVICES LLP","BUY","2,92,356","463.05","-"
"08-AUG-2025","MBEL","M and B Engineering Ltd","MATHISYS ADVISORS LLP","BUY","5,63,318","462.67","-"
"08-AUG-2025","MBEL","M and B Engineering Ltd","MATHISYS ADVISORS LLP","SELL","5,73,887","461.05","-"
"08-AUG-2025","MBEL","M and B Engineering Ltd","MICROCURVES TRADING PRIVATE LIMITED","SELL","3,24,498","460.66","-"
"08-AUG-2025","MBEL","M and B Engineering Ltd","MICROCURVES TRADING PRIVATE LIMITED","BUY","3,24,498","460.74","-"
"08-AUG-2025","MBEL","M and B Engineering Ltd","NK SECURITIES RESEARCH PRIVATE LIMITED","SELL","4,58,901","460.60","-"
"08-AUG-2025","MBEL","M and B Engineering Ltd","NK SECURITIES RESEARCH PRIVATE LIMITED","BUY","4,58,901","460.37","-"
"08-AUG-2025","OLIL","Oneclick Logistics Ind L","MALA KAPOOR","BUY","18,000","230.76","-"
"08-AUG-2025","OLIL","Oneclick Logistics Ind L","MALA KAPOOR","SELL","27,600","230.44","-"
"08-AUG-2025","ONYX","Onyx Biotec Limited","INCREMENTUM CAPITAL ADVISORS LLP","SELL","4,000","48.80","-"
"08-AUG-2025","ONYX","Onyx Biotec Limited","INCREMENTUM CAPITAL ADVISORS LLP","BUY","94,000","50.00","-"
"08-AUG-2025","ONYX","Onyx Biotec Limited","MARWADI SHARES AND FINANCE LTD.","SELL","1,86,000","50.01","-"
"08-AUG-2025","ORTINGLOBE","ORTIN GLOBAL LIMITED","PRABHA RAMESHKUMAR GUPTA","SELL","50,000","17.00","-"
"08-AUG-2025","ORTINGLOBE","ORTIN GLOBAL LIMITED","SUBHASH LALITPRASAD YADAV","BUY","1,00,000","17.00","-"
"08-AUG-2025","PEARLPOLY","Pearl Polymers Ltd","AVIRAT ENTERPRISE","BUY","1,05,000","33.99","-"
"08-AUG-2025","PGEL","PG Electroplast Ltd","GRAVITON RESEARCH CAPITAL LLP","SELL","16,87,592","642.83","-"
"08-AUG-2025","PGEL","PG Electroplast Ltd","GRAVITON RESEARCH CAPITAL LLP","BUY","16,87,592","642.38","-"
"08-AUG-2025","SHANTIGOLD","Shanti Gold Internation L","MATHISYS ADVISORS LLP","SELL","4,17,155","241.01","-"
"08-AUG-2025","SHANTIGOLD","Shanti Gold Internation L","MATHISYS ADVISORS LLP","BUY","4,20,267","241.48","-"
"08-AUG-2025","SHANTIGOLD","Shanti Gold Internation L","QE SECURITIES LLP","BUY","3,36,574","240.05","-"
"08-AUG-2025","SHANTIGOLD","Shanti Gold Internation L","QE SECURITIES LLP","SELL","3,81,254","240.00","-"
"08-AUG-2025","SILKY","Silky Overseas Limited","ATIVEER FINANCE CONSULTANTS LIMITED","SELL","77,600","129.63","-"
"08-AUG-2025","SILKY","Silky Overseas Limited","GRETEX SHARE BROKING LIMITED","SELL","800","129.00","-"
"08-AUG-2025","SILKY","Silky Overseas Limited","GRETEX SHARE BROKING LIMITED","BUY","93,600","129.63","-"
"08-AUG-2025","VIMTALABS","Vimta Labs Limited","AAKRAYA RESEARCH LLP","BUY","2,54,156","644.63","-"
"08-AUG-2025","VIMTALABS","Vimta Labs Limited","AAKRAYA RESEARCH LLP","SELL","2,54,156","644.84","-"
"08-AUG-2025","VIMTALABS","Vimta Labs Limited","HRTI PRIVATE LIMITED","BUY","3,47,335","643.40","-"
"08-AUG-2025","VIMTALABS","Vimta Labs Limited","HRTI PRIVATE LIMITED","SELL","3,76,589","645.67","-"
"08-AUG-2025","VOLERCAR","Voler Car Limited","KAMAL KUMAR DUGAR & CO  (PROP) KAMAL KUM","BUY","1,18,400","139.60","-"
"08-AUG-2025","VOLERCAR","Voler Car Limited","SHARE INDIA SECURITIES LIMITED","BUY","16,000","138.10","-"
"08-AUG-2025","VOLERCAR","Voler Car Limited","SHARE INDIA SECURITIES LIMITED","SELL","62,400","141.05","-"
"08-AUG-2025","VOLERCAR","Voler Car Limited","T K DUGAR AND CO (PROP: TULSI  KUMAR DUG","BUY","1,00,800","138.00","-"