﻿"Date ","Symbol ","Security Name ","Client Name ","Buy / Sell ","Quantity Traded ","Trade Price / Wght. Avg. Price ","Remarks "
"10-JUN-2025","AARTECH","Aartech Solonics Limited","VARUN KRISHNAVTAR KABRA","BUY","3,05,771","65.43","-"
"10-JUN-2025","AARTECH","Aartech Solonics Limited","VARUN KRISHNAVTAR KABRA","SELL","3,05,771","66.65","-"
"10-JUN-2025","ATALREAL","Atal Realtech Limited","PASHUPATI CAPITA SER PVT LTD","BUY","9,34,331","17.87","-"
"10-JUN-2025","ATALREAL","Atal Realtech Limited","PASHUPATI CAPITA SER PVT LTD","SELL","18,27,068","17.51","-"
"10-JUN-2025","ATALREAL","Atal Realtech Limited","ROMAN INDUSTRIES LLP","SELL","8,00,000","17.59","-"
"10-JUN-2025","ATAM","Atam Valves Limited","AMIT KUMAR JAIN","BUY","82,892","121.57","-"
"10-JUN-2025","ATAM","Atam Valves Limited","AMIT KUMAR JAIN","SELL","82,892","121.79","-"
"10-JUN-2025","EXXARO","Exxaro Tiles Limited","TILAK VENTURES LIMITED","BUY","29,88,746","9.45","-"
"10-JUN-2025","GATECH","GACM Technologies Limited","JSI INVESTMENTS PRIVATE LIMITED","SELL","54,12,803","1.09","-"
"10-JUN-2025","GATECH","GACM Technologies Limited","JSI INVESTMENTS PRIVATE LIMITED","BUY","57,61,812","1.11","-"
"10-JUN-2025","GATECH","GACM Technologies Limited","LATIN MANHARLAL SECURITIES PVT. LTD.","BUY","40,10,622","1.10","-"
"10-JUN-2025","GATECH","GACM Technologies Limited","LATIN MANHARLAL SECURITIES PVT. LTD.","SELL","55,61,258","1.10","-"
"10-JUN-2025","GATECH","GACM Technologies Limited","RAKESH KUMAR UPPAL AND SONS HUF","SELL","53,29,368","1.14","-"
"10-JUN-2025","GATECH","GACM Technologies Limited","RAKESH KUMAR UPPAL AND SONS HUF","BUY","57,92,331","1.11","-"
"10-JUN-2025","GATECH","GACM Technologies Limited","SHARE INDIA SECURITIES LIMITED","BUY","28,71,172","1.08","-"
"10-JUN-2025","GATECH","GACM Technologies Limited","SHARE INDIA SECURITIES LIMITED","SELL","42,73,206","1.11","-"
"10-JUN-2025","GATECH","GACM Technologies Limited","TEUDDY TECHNOLOGY PRIVATE LIMITED","BUY","45,00,000","1.13","-"
"10-JUN-2025","GATECH","GACM Technologies Limited","TEUDDY TECHNOLOGY PRIVATE LIMITED","SELL","45,00,000","1.16","-"
"10-JUN-2025","GATECHDVR","GACM Technologies Limited","DHAVAL SHANKARBHAI RABARI","SELL","7,62,698","1.01","-"
"10-JUN-2025","GATECHDVR","GACM Technologies Limited","KALARATRI TRADEWING LLP","SELL","17,08,884","0.97","-"
"10-JUN-2025","GATECHDVR","GACM Technologies Limited","KULDEEP RANVIRSINGH TOMAR","BUY","14,36,213","0.97","-"
"10-JUN-2025","GATECHDVR","GACM Technologies Limited","KULDEEP RANVIRSINGH TOMAR","SELL","14,36,213","0.99","-"
"10-JUN-2025","GENCON","Generic Eng Cons Proj Ltd","ASCENT WEALTH","BUY","3,21,100","46.61","-"
"10-JUN-2025","GSLSU","Global Surfaces Limited","L7 HITECH PRIVATE LIMITED","BUY","2,01,900","137.72","-"
"10-JUN-2025","GSLSU","Global Surfaces Limited","L7 HITECH PRIVATE LIMITED","SELL","2,16,000","135.05","-"
"10-JUN-2025","GSLSU","Global Surfaces Limited","SW CAPITAL PRIVATE LIMITED","BUY","8,46,710","136.21","-"
"10-JUN-2025","GSLSU","Global Surfaces Limited","SW CAPITAL PRIVATE LIMITED","SELL","8,46,710","136.00","-"
"10-JUN-2025","IITL","Industrial Inv Trust Ltd","SARVESHWAR BHAWAN EDGE LLP","BUY","1,75,000","175.00","-"
"10-JUN-2025","MCON","Mcon Rasayan India Ltd","EUROPLUS ONE REALTY PRIVATE LIMITED","BUY","41,000","112.26","-"
"10-JUN-2025","MHLXMIRU","Mahalaxmi Rubtech Limited","NISHANT PITTI","SELL","77,904","233.77","-"
"10-JUN-2025","MTNL","Maha Tel Nigam Ltd.","HRTI PRIVATE LIMITED","BUY","12,48,980","51.08","-"
"10-JUN-2025","MTNL","Maha Tel Nigam Ltd.","HRTI PRIVATE LIMITED","SELL","15,73,444","51.13","-"
"10-JUN-2025","OCCL","Oriental Carbn & Chem Ltd","BOFA SECURITIES EUROPE SA","BUY","53,428","289.53","-"
"10-JUN-2025","ONEPOINT","One Point One Sol Ltd","GKK CAPITAL MARKETS PRIVATE LIMITED","BUY","15,00,000","66.00","-"
"10-JUN-2025","PREMIERENE","Premier Energies Limited","PI OPPORTUNITIES AIF V LLP","BUY","33,28,578","1,051.60","-"
"10-JUN-2025","PREMIERENE","Premier Energies Limited","QUANT MUTUAL FUND","BUY","43,55,111","1,051.60","-"
"10-JUN-2025","PREMIERENE","Premier Energies Limited","SOUTH ASIA GROWTH FUND II HOLDINGS LLC","SELL","2,50,00,000","1,051.60","-"
"10-JUN-2025","QUADPRO","Quadpro ITeS Limited","KRUPA JAIMIN BHATT","BUY","6,12,000","3.01","-"
"10-JUN-2025","QUADPRO","Quadpro ITeS Limited","NANDIRA BIDDAPPA THIMMAIAH","SELL","6,24,000","3.00","-"
"10-JUN-2025","RPOWER","Reliance Power Limited","AAKRAYA RESEARCH LLP","BUY","2,59,49,347","69.75","-"
"10-JUN-2025","RPOWER","Reliance Power Limited","AAKRAYA RESEARCH LLP","SELL","2,59,49,347","69.79","-"
"10-JUN-2025","RPOWER","Reliance Power Limited","HRTI PRIVATE LIMITED","SELL","2,39,79,092","69.69","-"
"10-JUN-2025","RPOWER","Reliance Power Limited","HRTI PRIVATE LIMITED","BUY","2,62,69,802","69.44","-"
"10-JUN-2025","SCODATUBES","Scoda Tubes Limited","MANSI SHARE AND STOCK ADVISORS PVT LTD","BUY","10","168.45","-"
"10-JUN-2025","SCODATUBES","Scoda Tubes Limited","MANSI SHARE AND STOCK ADVISORS PVT LTD","SELL","3,60,016","166.43","-"
"10-JUN-2025","SCODATUBES","Scoda Tubes Limited","SARAVANA SECURITIES  D.SATHYAMOORTHI","BUY","3,78,259","166.91","-"
"10-JUN-2025","SEPC-RE3","SEPC Ltd","BANK OF BARODA","SELL","20,00,000","1.62","-"
"10-JUN-2025","SEPC-RE3","SEPC Ltd","CENTRAL BANK OF INDIA","SELL","40,00,000","1.62","-"
"10-JUN-2025","SEPC-RE3","SEPC Ltd","CENTRAL BANK OF INDIA","SELL","50,00,000","1.62","-"
"10-JUN-2025","SHANKARA","Shankara Bldg Product Ltd","DHARAMPAL SATYAPAL LIMITED","SELL","2,25,183","1,005.00","-"
"10-JUN-2025","SHANKARA","Shankara Bldg Product Ltd","NEGEN CAPITAL SERVICES PRIVATE LIMITED","SELL","1,89,505","1,003.24","-"
"10-JUN-2025","SRPL","Shree Ram Proteins Ltd.","HARBIR SINGH CHADHA","SELL","22,32,672","0.66","-"
"10-JUN-2025","SUYOG","Suyog Telematics Limited","FORTUNE SMART LIFESTYLE PRIVATE LIMITED","SELL","2,42,662","941.75","-"
"10-JUN-2025","SUYOG","Suyog Telematics Limited","NARANTAK DEALCOMM LIMITED","BUY","2,00,000","941.75","-"
"10-JUN-2025","TGBHOTELS","Bhagwati Banquets And Hot","AMIT KUMAR JAIN","SELL","69,866","13.74","-"
"10-JUN-2025","TGBHOTELS","Bhagwati Banquets And Hot","AMIT KUMAR JAIN","BUY","1,52,369","13.92","-"