﻿"Date ","Symbol ","Security Name ","Client Name ","Buy / Sell ","Quantity Traded ","Trade Price / Wght. Avg. Price ","Remarks "
"29-AUG-2025","ADVENZYMES","Advanced Enzyme Tech Ltd","GRAVITON RESEARCH CAPITAL LLP","BUY","10,07,488","352.13","-"
"29-AUG-2025","ADVENZYMES","Advanced Enzyme Tech Ltd","GRAVITON RESEARCH CAPITAL LLP","SELL","10,07,488","352.61","-"
"29-AUG-2025","ADVENZYMES","Advanced Enzyme Tech Ltd","POLUNIN EMERGING MARKETS SMALL CAP FUND LLC","BUY","12,50,938","353.50","-"
"29-AUG-2025","APOLLO","Apollo Micro Systems Ltd","HRTI PRIVATE LIMITED","BUY","26,07,150","260.95","-"
"29-AUG-2025","APOLLO","Apollo Micro Systems Ltd","HRTI PRIVATE LIMITED","SELL","27,89,959","261.73","-"
"29-AUG-2025","APOLLO","Apollo Micro Systems Ltd","JUNOMONETA FINSOL PRIVATE LIMITED","BUY","26,76,539","262.41","-"
"29-AUG-2025","APOLLO","Apollo Micro Systems Ltd","JUNOMONETA FINSOL PRIVATE LIMITED","SELL","26,76,539","262.61","-"
"29-AUG-2025","APOLLO","Apollo Micro Systems Ltd","MUSIGMA SECURITIES","SELL","18,14,924","263.38","-"
"29-AUG-2025","APOLLO","Apollo Micro Systems Ltd","MUSIGMA SECURITIES","BUY","18,14,924","263.26","-"
"29-AUG-2025","ARCIIL","ARC Insulation & Insu Ltd","CRAFT EMERGING MARKET FUND PCC- CITADEL CAPITAL FUND","SELL","53,000","145.00","-"
"29-AUG-2025","ARCIIL","ARC Insulation & Insu Ltd","MANGAL KESHAV CAPITAL LIMITED","BUY","2,25,000","145.00","-"
"29-AUG-2025","ARCIIL","ARC Insulation & Insu Ltd","MANSI SHARE AND STOCK BROKING PRIVATE LIMITED","BUY","80,000","145.00","-"
"29-AUG-2025","ARCIIL","ARC Insulation & Insu Ltd","MONEYWISE FINANCIAL SERVICES PRIVATE LTD","BUY","2,55,000","145.00","-"
"29-AUG-2025","ARCIIL","ARC Insulation & Insu Ltd","NEO APEX VENTURE LLP","BUY","1,90,000","138.53","-"
"29-AUG-2025","ARCIIL","ARC Insulation & Insu Ltd","STRATEGIC SIXTH SENSE CAPITAL FUND","SELL","1,46,000","138.26","-"
"29-AUG-2025","ARCIIL","ARC Insulation & Insu Ltd","VINEY GROWTH FUND","SELL","81,000","137.78","-"
"29-AUG-2025","BALKRISHNA","Balkrshna Paper Mills Ltd","RIMPY MITTAL","SELL","1,81,091","22.48","-"
"29-AUG-2025","BALKRISHNA","Balkrshna Paper Mills Ltd","RIMPY MITTAL","BUY","2,50,838","22.70","-"
"29-AUG-2025","COFFEEDAY","Coffee Day Enterprise Ltd","HRTI PRIVATE LIMITED","SELL","10,32,230","47.55","-"
"29-AUG-2025","COFFEEDAY","Coffee Day Enterprise Ltd","HRTI PRIVATE LIMITED","BUY","11,08,893","47.39","-"
"29-AUG-2025","DHANI","Dhani Services Limited","GOLDMAN SACHS (SINGAPORE) PTE - ODI","SELL","38,14,898","62.70","-"
"29-AUG-2025","DHANI","Dhani Services Limited","GOLDMAN SACHS BANK EUROPE SE - ODI","BUY","38,14,898","62.70","-"
"29-AUG-2025","ELGIRUBCO","Elgi Rubber Co. Ltd","SWARNA  KODI","BUY","2,73,189","81.96","-"
"29-AUG-2025","ELGIRUBCO","Elgi Rubber Co. Ltd","SWARNA  KODI","SELL","2,73,189","81.68","-"
"29-AUG-2025","ETML","Emerald Tyre Manuf Ltd","BHAVESH H SHAH","BUY","1,23,600","144.68","-"
"29-AUG-2025","GARUDA","Garuda Construct N Eng L","HRTI PRIVATE LIMITED","BUY","4,98,851","215.90","-"
"29-AUG-2025","GARUDA","Garuda Construct N Eng L","HRTI PRIVATE LIMITED","SELL","5,41,222","216.25","-"
"29-AUG-2025","JINDALPOLY","Jindal Poly Films Limited","MUSIGMA SECURITIES","SELL","2,29,192","598.39","-"
"29-AUG-2025","JINDALPOLY","Jindal Poly Films Limited","MUSIGMA SECURITIES","BUY","2,29,192","597.92","-"
"29-AUG-2025","KANDARP","Kandarp Dg Smart Bpo Ltd","INARAA FINANCIAL SERVICES PRIVATE LIMITED","BUY","76,000","100.83","-"
"29-AUG-2025","KANDARP","Kandarp Dg Smart Bpo Ltd","PASHUPATI CAPITA SER PVT LTD","BUY","50,000","100.25","-"
"29-AUG-2025","KANDARP","Kandarp Dg Smart Bpo Ltd","PASHUPATI CAPITA SER PVT LTD","SELL","92,000","100.49","-"
"29-AUG-2025","KOLTEPATIL","Kolte - Patil Developers","GOLDMAN SACHS (SINGAPORE) PTE - ODI","SELL","5,07,534","469.70","-"
"29-AUG-2025","KOLTEPATIL","Kolte - Patil Developers","GOLDMAN SACHS BANK EUROPE SE - ODI","BUY","5,07,534","469.70","-"
"29-AUG-2025","KORE","Jay Jalaram Techno Ltd","ANKUSH  KEDIA","SELL","92,500","119.91","-"
"29-AUG-2025","LLOYDSE-RE","Lloyds Enterprises Ltd","AGARWAL KIRAN BABULAL","SELL","35,35,000","29.15","-"
"29-AUG-2025","LLOYDSE-RE","Lloyds Enterprises Ltd","AGARWAL POOJA RAVI","SELL","45,31,720","28.03","-"
"29-AUG-2025","LLOYDSE-RE","Lloyds Enterprises Ltd","BLOSSOMTRADE & INTERCHANGE LLP","SELL","66,00,000","29.86","-"
"29-AUG-2025","LLOYDSE-RE","Lloyds Enterprises Ltd","JAYAJIT","BUY","25,00,000","29.45","-"
"29-AUG-2025","LLOYDSE-RE","Lloyds Enterprises Ltd","LEISURE ENTERPRISES LLP","BUY","66,00,000","29.86","-"
"29-AUG-2025","LLOYDSE-RE","Lloyds Enterprises Ltd","LUNAR COMMERCIALS PVT LTD","BUY","22,00,000","27.78","-"
"29-AUG-2025","LLOYDSE-RE","Lloyds Enterprises Ltd","MAANAV GAJANAND MUNDHRA","BUY","17,50,000","29.22","-"
"29-AUG-2025","LLOYDSE-RE","Lloyds Enterprises Ltd","TEAMWORK PROPERITIES DEVELOPMENTS LLP","SELL","66,72,500","29.80","-"
"29-AUG-2025","MACOBSTECH","Macobs Technologies Ltd","ACME CAPITAL MARKET LIMITED","BUY","85,600","175.01","-"
"29-AUG-2025","MACOBSTECH","Macobs Technologies Ltd","DALMIA FAMILY OFFICE TRUST","SELL","55,200","165.38","-"
"29-AUG-2025","OLAELEC","Ola Electric Mobility Ltd","HRTI PRIVATE LIMITED","BUY","3,57,70,973","55.35","-"
"29-AUG-2025","OLAELEC","Ola Electric Mobility Ltd","HRTI PRIVATE LIMITED","SELL","3,58,27,854","55.72","-"
"29-AUG-2025","OLAELEC","Ola Electric Mobility Ltd","JUMP TRADING FINANCIAL INDIA PRIVATE LIMITED","SELL","2,54,42,287","55.80","-"
"29-AUG-2025","OLAELEC","Ola Electric Mobility Ltd","JUMP TRADING FINANCIAL INDIA PRIVATE LIMITED","BUY","2,54,42,287","55.73","-"
"29-AUG-2025","PATELRMART","Patel Retail Limited","DEVI TRADERS LLP","SELL","24,452","264.79","-"
"29-AUG-2025","PATELRMART","Patel Retail Limited","DEVI TRADERS LLP","BUY","1,77,100","261.34","-"
"29-AUG-2025","PATELRMART","Patel Retail Limited","ISHAAN TRADEFIN LLP","BUY","2,56,974","259.70","-"
"29-AUG-2025","RBLBANK","RBL Bank Limited","GRAVITON RESEARCH CAPITAL LLP","SELL","52,56,216","260.79","-"
"29-AUG-2025","RBLBANK","RBL Bank Limited","GRAVITON RESEARCH CAPITAL LLP","BUY","52,62,566","260.66","-"
"29-AUG-2025","RELIABLE","Reliable Data Service Ltd","D3 STOCK VISION LLP","SELL","1,51,411","163.63","-"
"29-AUG-2025","RELIABLE","Reliable Data Service Ltd","D3 STOCK VISION LLP","BUY","1,52,003","163.79","-"
"29-AUG-2025","RELIABLE","Reliable Data Service Ltd","MANSI SHARE AND STOCK BROKING PRIVATE LIMITED","BUY","20,002","163.91","-"
"29-AUG-2025","RELIABLE","Reliable Data Service Ltd","MANSI SHARE AND STOCK BROKING PRIVATE LIMITED","SELL","60,546","161.24","-"
"29-AUG-2025","RELIABLE","Reliable Data Service Ltd","NEO APEX SHARE BROKING SERVICES LLP","BUY","67,950","163.61","-"
"29-AUG-2025","RELIABLE","Reliable Data Service Ltd","NEO APEX SHARE BROKING SERVICES LLP","SELL","67,950","163.83","-"
"29-AUG-2025","RELIABLE","Reliable Data Service Ltd","ROHIT  SHARMA","SELL","53,200","163.91","-"
"29-AUG-2025","SABAR","Sabar Flex India Limited","BONANZA PORTFOLIO LTD","BUY","95,000","7.94","-"
"29-AUG-2025","SAMMAANCAP","Sammaan Capital Limited","GRAVITON RESEARCH CAPITAL LLP","BUY","62,43,549","124.00","-"
"29-AUG-2025","SAMMAANCAP","Sammaan Capital Limited","GRAVITON RESEARCH CAPITAL LLP","SELL","62,46,149","124.01","-"
"29-AUG-2025","TARSONS","Tarsons Products Limited","ANANTNATH SKYCON PRIVATE LIMITED","BUY","4,20,000","315.00","-"
"29-AUG-2025","TARSONS","Tarsons Products Limited","TROO CAPITAL LTD","SELL","4,18,617","315.00","-"
"29-AUG-2025","VINEETLAB","Vineet Laboratories Ltd","ANASUYA GORLA","BUY","1,35,860","33.82","-"
"29-AUG-2025","VINEETLAB","Vineet Laboratories Ltd","SATYANARAYANA RAJU BHUPATHIRAJU","SELL","68,000","33.82","-"
"29-AUG-2025","VINEETLAB","Vineet Laboratories Ltd","VENKATA RAMA GADDAM","SELL","70,000","33.82","-"
"29-AUG-2025","VPRPL","Vishnu Prakash R Pungli L","NEOMILE CORPORATE ADVISORY LIMITED","BUY","4,72,611","129.00","-"
"29-AUG-2025","VPRPL","Vishnu Prakash R Pungli L","NEOMILE CORPORATE ADVISORY LIMITED","SELL","8,89,035","132.39","-"