﻿"Date ","Symbol ","Security Name ","Client Name ","Buy / Sell ","Quantity Traded ","Trade Price / Wght. Avg. Price ","Remarks "
"19-SEP-2025","AARADHYA","Aaradhya Disposal Indus L","NARESH KUMAR BANSAL","BUY","2,78,400","123.99","-"
"19-SEP-2025","AARTIPHARM","Aarti Pharmalabs Limited","BNP PARIBAS FINANCIAL MARKETS","SELL","4,59,438","929.00","-"
"19-SEP-2025","AARTIPHARM","Aarti Pharmalabs Limited","NORGES BANK ON ACCOUNT OF THE GOVERNMENT PENSION FUND GLOBAL","BUY","4,84,643","930.32","-"
"19-SEP-2025","AARTIPHARM","Aarti Pharmalabs Limited","SAFECHEM ENTERPRISES PRIVATE LIMITED","SELL","6,00,000","929.19","-"
"19-SEP-2025","AARTIPHARM","Aarti Pharmalabs Limited","VANGUARD EMERGING MARKETS STOCK INDEX FUND  A SERIES OF VIEIF","BUY","5,21,613","930.34","-"
"19-SEP-2025","AARTIPHARM","Aarti Pharmalabs Limited","VANGUARD TOTAL INTERNATIONAL STOCK INDEX FUND","BUY","5,61,058","930.34","-"
"19-SEP-2025","AFFORDABLE","Afford Robo & Auto Ltd","MILIND MANOHAR PADOLE","SELL","1,40,541","255.41","-"
"19-SEP-2025","AHCL","Anlon Healthcare Limited","HRTI PRIVATE LIMITED","BUY","2,59,174","132.52","-"
"19-SEP-2025","AHCL","Anlon Healthcare Limited","HRTI PRIVATE LIMITED","SELL","2,71,600","132.46","-"
"19-SEP-2025","AHCL","Anlon Healthcare Limited","MATHISYS ADVISORS LLP","SELL","2,62,975","132.85","-"
"19-SEP-2025","AHCL","Anlon Healthcare Limited","MATHISYS ADVISORS LLP","BUY","2,83,873","133.25","-"
"19-SEP-2025","AHCL","Anlon Healthcare Limited","RP FAMILY PRIVATE TRUST","BUY","5,00,000","135.00","-"
"19-SEP-2025","ANUP","The Anup Engineering Ltd","GRAVITON RESEARCH CAPITAL LLP","BUY","1,03,335","2,510.98","-"
"19-SEP-2025","ANUP","The Anup Engineering Ltd","GRAVITON RESEARCH CAPITAL LLP","SELL","1,03,335","2,514.52","-"
"19-SEP-2025","AROGRANITE","Aro Granite Industries Li","RIMPY MITTAL","SELL","4,24,156","44.06","-"
"19-SEP-2025","AROGRANITE","Aro Granite Industries Li","RIMPY MITTAL","BUY","4,39,991","44.09","-"
"19-SEP-2025","ASHOKAMET","Ashoka Metcast Limited","IRAGE BROKING SERVICES LLP","SELL","1,98,911","19.63","-"
"19-SEP-2025","ASHOKAMET","Ashoka Metcast Limited","IRAGE BROKING SERVICES LLP","BUY","2,12,525","20.26","-"
"19-SEP-2025","ASHOKAMET","Ashoka Metcast Limited","RIMPY MITTAL","BUY","7,75,921","19.84","-"
"19-SEP-2025","ASHOKAMET","Ashoka Metcast Limited","RIMPY MITTAL","SELL","8,25,921","19.98","-"
"19-SEP-2025","ATCENERGY","ATC Energies System Ltd","ALACRITY SECURITIES LTD","BUY","2,400","62.63","-"
"19-SEP-2025","ATCENERGY","ATC Energies System Ltd","ALACRITY SECURITIES LTD","SELL","2,11,200","59.34","-"
"19-SEP-2025","BHARATGEAR","Bharat Gears Ltd","MARWADI CHANDARANA INTERMEDIARIES BROKERS PRIVATE LIMITED","SELL","78,817","110.91","-"
"19-SEP-2025","BHARATGEAR","Bharat Gears Ltd","MARWADI CHANDARANA INTERMEDIARIES BROKERS PRIVATE LIMITED","BUY","78,817","114.36","-"
"19-SEP-2025","CARTRADE","Cartrade Tech Limited","NORGES BANK ON ACCOUNT OF THE GOVERNMENT PENSION FUND GLOBAL","BUY","3,88,859","2,522.80","-"
"19-SEP-2025","DAVANGERE","Davangere Sugar Company L","JHAVERI TRADING AND INVESTMENT PVT LTD","SELL","3,22,19,880","3.77","-"
"19-SEP-2025","DENTA","Denta Water N Infra Sol L","HRTI PRIVATE LIMITED","BUY","2,48,388","465.78","-"
"19-SEP-2025","DENTA","Denta Water N Infra Sol L","HRTI PRIVATE LIMITED","SELL","2,68,261","465.43","-"
"19-SEP-2025","DENTA","Denta Water N Infra Sol L","JUNOMONETA FINSOL PRIVATE LIMITED","BUY","2,08,495","467.43","-"
"19-SEP-2025","DENTA","Denta Water N Infra Sol L","JUNOMONETA FINSOL PRIVATE LIMITED","SELL","2,08,495","467.96","-"
"19-SEP-2025","DENTA","Denta Water N Infra Sol L","QE SECURITIES LLP","SELL","1,33,154","465.04","-"
"19-SEP-2025","DENTA","Denta Water N Infra Sol L","QE SECURITIES LLP","BUY","1,35,325","465.78","-"
"19-SEP-2025","DHARIWAL","Dhariwalcorp Limited","EASTERN PETROLEUM PVT LTD","SELL","67,200","194.23","-"
"19-SEP-2025","DHARIWAL","Dhariwalcorp Limited","JAINAM PRAKASHBHAI MEHTA","BUY","69,600","197.33","-"
"19-SEP-2025","DHARIWAL","Dhariwalcorp Limited","MEET SHAH","SELL","1,24,800","192.25","-"
"19-SEP-2025","DHARIWAL","Dhariwalcorp Limited","RS SECURITIES","BUY","64,800","191.22","-"
"19-SEP-2025","DHARIWAL","Dhariwalcorp Limited","RS SECURITIES","SELL","64,800","191.48","-"
"19-SEP-2025","DHARIWAL","Dhariwalcorp Limited","SANJU SHARMA","SELL","58,800","191.48","-"
"19-SEP-2025","DHARIWAL","Dhariwalcorp Limited","SUMICKSHA BANSAL","SELL","72,000","192.43","-"
"19-SEP-2025","DHARIWAL","Dhariwalcorp Limited","SUMICKSHA BANSAL","BUY","72,000","189.98","-"
"19-SEP-2025","DHARIWAL","Dhariwalcorp Limited","TIRUPATI TRADING","SELL","84,000","191.09","-"
"19-SEP-2025","DHARIWAL","Dhariwalcorp Limited","YAGNIK BHARATKUMAR TANK","SELL","1,27,200","197.96","-"
"19-SEP-2025","EEPL","Eppeltone Engineers Ltd","INNOVATIVE VISION FUND","SELL","1,56,000","197.17","-"
"19-SEP-2025","EEPL","Eppeltone Engineers Ltd","VINEY GROWTH FUND","SELL","79,000","197.43","-"
"19-SEP-2025","FORCEMOT","Force Motors Limited","BNP PARIBAS FINANCIAL MARKETS","SELL","65,610","18,581.10","-"
"19-SEP-2025","GATECH","GACM Technologies Limited","RAKESH KUMAR UPPAL AND SONS HUF","BUY","93,53,877","0.73","-"
"19-SEP-2025","GATECH","GACM Technologies Limited","RAKESH KUMAR UPPAL AND SONS HUF","SELL","93,53,877","0.72","-"
"19-SEP-2025","GML","Galaxy Medicare Limited","VINEY GROWTH FUND","SELL","80,000","46.35","-"
"19-SEP-2025","ICDSLTD","ICDS Ltd.","IRAGE BROKING SERVICES LLP","SELL","43,243","49.92","-"
"19-SEP-2025","ICDSLTD","ICDS Ltd.","IRAGE BROKING SERVICES LLP","BUY","80,193","50.86","-"
"19-SEP-2025","ICDSLTD","ICDS Ltd.","ORION STOCKS LTD","BUY","49,419","50.11","-"
"19-SEP-2025","ICDSLTD","ICDS Ltd.","ORION STOCKS LTD","SELL","96,339","50.82","-"
"19-SEP-2025","INDIGRID","India Grid Trust","BNP PARIBAS FINANCIAL MARKETS","SELL","46,13,365","168.17","-"
"19-SEP-2025","INDIGRID","India Grid Trust","LARSEN & TOUBRO LIMITED","SELL","54,60,000","168.78","-"
"19-SEP-2025","INDIGRID","India Grid Trust","VANGUARD EMERGING MARKETS STOCK INDEX FUND  A SERIES OF VIEIF","BUY","78,46,166","169.12","-"
"19-SEP-2025","INDIGRID","India Grid Trust","VANGUARD TOTAL INTERNATIONAL STOCK INDEX FUND","BUY","85,88,002","169.12","-"
"19-SEP-2025","INDIGRID","India Grid Trust","VFTC - INSTITUTIONAL TOTAL INTERNATIONAL STOCK MARKET INDEX TRUST II","BUY","44,58,074","169.12","-"
"19-SEP-2025","INDOTHAI","Indo Thai Sec Ltd","YAGNIK BHARATKUMAR TANK","BUY","4,20,614","209.85","-"
"19-SEP-2025","INDOTHAI","Indo Thai Sec Ltd","YAGNIK BHARATKUMAR TANK","SELL","9,35,596","205.96","-"
"19-SEP-2025","INTENTECH","Intense Technologies Ltd","D3 STOCK VISION LLP","BUY","96,864","126.73","-"
"19-SEP-2025","INTENTECH","Intense Technologies Ltd","D3 STOCK VISION LLP","SELL","1,18,859","126.05","-"
"19-SEP-2025","INTENTECH","Intense Technologies Ltd","IRAGE BROKING SERVICES LLP","BUY","1,20,909","121.70","-"
"19-SEP-2025","INTENTECH","Intense Technologies Ltd","IRAGE BROKING SERVICES LLP","SELL","1,51,927","122.50","-"
"19-SEP-2025","INTENTECH","Intense Technologies Ltd","NK SECURITIES RESEARCH PRIVATE LIMITED","SELL","1,41,103","121.82","-"
"19-SEP-2025","INTENTECH","Intense Technologies Ltd","NK SECURITIES RESEARCH PRIVATE LIMITED","BUY","1,41,151","121.66","-"
"19-SEP-2025","INTENTECH","Intense Technologies Ltd","VISHAL KARWA","BUY","2,00,000","121.20","-"
"19-SEP-2025","LOKESHMACH","Lokesh Machines Limited","VISHAL KARWA","SELL","1,00,000","182.68","-"
"19-SEP-2025","MAHESHWARI","Maheshwari Logistics Limi","MAYA TEXTURISERS PRIVATE LIMITED","SELL","1,65,000","60.27","-"
"19-SEP-2025","MAHESHWARI","Maheshwari Logistics Limi","MLL EMPLOYEE WELFARE TRUST","BUY","1,65,460","60.27","-"
"19-SEP-2025","MAMATA","Mamata Machinery Limited","GRAVITON RESEARCH CAPITAL LLP","BUY","3,27,171","503.05","-"
"19-SEP-2025","MAMATA","Mamata Machinery Limited","GRAVITON RESEARCH CAPITAL LLP","SELL","3,27,171","503.51","-"
"19-SEP-2025","MAMATA","Mamata Machinery Limited","HRTI PRIVATE LIMITED","BUY","3,81,249","502.21","-"
"19-SEP-2025","MAMATA","Mamata Machinery Limited","HRTI PRIVATE LIMITED","SELL","3,88,058","502.31","-"
"19-SEP-2025","MAMATA","Mamata Machinery Limited","JUNOMONETA FINSOL PRIVATE LIMITED","BUY","1,28,272","503.60","-"
"19-SEP-2025","MAMATA","Mamata Machinery Limited","JUNOMONETA FINSOL PRIVATE LIMITED","SELL","1,28,272","503.99","-"
"19-SEP-2025","MAMATA","Mamata Machinery Limited","NK SECURITIES RESEARCH PRIVATE LIMITED","BUY","1,47,809","503.63","-"
"19-SEP-2025","MAMATA","Mamata Machinery Limited","NK SECURITIES RESEARCH PRIVATE LIMITED","SELL","1,47,809","503.89","-"
"19-SEP-2025","MAMATA","Mamata Machinery Limited","QE SECURITIES LLP","SELL","1,18,593","500.81","-"
"19-SEP-2025","MAMATA","Mamata Machinery Limited","QE SECURITIES LLP","BUY","1,29,060","502.34","-"
"19-SEP-2025","NATHBIOGEN","Nath Bio-Genes (I) Ltd","ADITYA BIRLA SUN LIFE MUTUAL FUND","SELL","1,26,830","165.08","-"
"19-SEP-2025","NETWEB","Netweb Tech India Ltd","HRTI PRIVATE LIMITED","BUY","3,32,882","3,201.00","-"
"19-SEP-2025","NETWEB","Netweb Tech India Ltd","HRTI PRIVATE LIMITED","SELL","3,45,515","3,212.63","-"
"19-SEP-2025","NETWEB","Netweb Tech India Ltd","JUNOMONETA FINSOL PRIVATE LIMITED","BUY","2,94,870","3,221.68","-"
"19-SEP-2025","NETWEB","Netweb Tech India Ltd","JUNOMONETA FINSOL PRIVATE LIMITED","SELL","2,94,875","3,223.60","-"
"19-SEP-2025","NIRMAN","Nirman Agri Gentics Ltd","NIRAV DINESHBHAI CHAUDHARI","BUY","48,000","209.50","-"
"19-SEP-2025","NIRMAN","Nirman Agri Gentics Ltd","NIRAV DINESHBHAI CHAUDHARI","SELL","48,000","209.55","-"
"19-SEP-2025","NIRMAN","Nirman Agri Gentics Ltd","PRANAV KAILAS BAGAL","SELL","1,70,400","209.55","-"
"19-SEP-2025","POWERMECH","Power Mech Projects Ltd.","MOTILAL OSWAL ASSET MANAGEMENT CO.LTD. - MOAMCL-MOTILAL OSWAL FOCUSED MIDCAP STRATEGY","SELL","1,68,707","2,990.58","-"
"19-SEP-2025","REDINGTON","Redington Limited","GRAVITON RESEARCH CAPITAL LLP","SELL","74,87,913","306.70","-"
"19-SEP-2025","REDINGTON","Redington Limited","GRAVITON RESEARCH CAPITAL LLP","BUY","74,91,460","306.57","-"
"19-SEP-2025","REDINGTON","Redington Limited","HRTI PRIVATE LIMITED","SELL","40,83,813","306.87","-"
"19-SEP-2025","REDINGTON","Redington Limited","HRTI PRIVATE LIMITED","BUY","42,43,110","306.16","-"
"19-SEP-2025","SAMMAANCAP","Sammaan Capital Limited","GRAVITON RESEARCH CAPITAL LLP","SELL","56,99,511","143.15","-"
"19-SEP-2025","SAMMAANCAP","Sammaan Capital Limited","GRAVITON RESEARCH CAPITAL LLP","BUY","56,99,511","143.16","-"
"19-SEP-2025","SAWALIYA","Sawaliya Food Products L","SKSE SECURITIES LTD","BUY","50,400","241.13","-"
"19-SEP-2025","SECMARK","SecMark Consultancy Ltd","POINT ENTERPRISE","SELL","57,500","120.20","-"
"19-SEP-2025","SIGACHI","Sigachi Industries Ltd","HRTI PRIVATE LIMITED","SELL","24,02,476","43.24","-"
"19-SEP-2025","SIGACHI","Sigachi Industries Ltd","HRTI PRIVATE LIMITED","BUY","24,27,985","43.09","-"
"19-SEP-2025","SIGACHI","Sigachi Industries Ltd","ISHARES CORE MSCI EMERGING MARKETS IMI INDEX ETF","BUY","31,85,477","43.85","-"
"19-SEP-2025","SIGACHI","Sigachi Industries Ltd","JUNOMONETA FINSOL PRIVATE LIMITED","SELL","24,74,328","43.35","-"
"19-SEP-2025","SIGACHI","Sigachi Industries Ltd","JUNOMONETA FINSOL PRIVATE LIMITED","BUY","24,74,328","43.31","-"
"19-SEP-2025","STLNETWORK","STL Networks Limited","MATHISYS ADVISORS LLP","SELL","24,57,893","32.98","-"
"19-SEP-2025","STLNETWORK","STL Networks Limited","MATHISYS ADVISORS LLP","BUY","24,57,893","32.50","-"
"19-SEP-2025","STLNETWORK","STL Networks Limited","PRIYA MILAN SADARIYA","BUY","6,78,189","33.66","-"
"19-SEP-2025","STLNETWORK","STL Networks Limited","PRIYA MILAN SADARIYA","SELL","25,44,407","33.40","-"
"19-SEP-2025","TANLA","Tanla Platforms Limited","NORGES BANK ON ACCOUNT OF THE GOVERNMENT PENSION FUND GLOBAL","BUY","8,79,213","745.10","-"
"19-SEP-2025","TAURIAN","Taurian MPS Limited","GREEN PEAKS ENTERPRISES LLP","BUY","48,000","255.20","-"
"19-SEP-2025","TECHERA","TechEra Engineer (Ind) L","MAHARASHTRA DEFENCE AND AEROSPACE VENTURE FUND","SELL","1,00,000","201.84","-"
"19-SEP-2025","TFCILTD","Tourism Finance Corp","NEO APEX VENTURE LLP","SELL","21,49,084","72.53","-"
"19-SEP-2025","TFCILTD","Tourism Finance Corp","NEO APEX VENTURE LLP","BUY","26,48,926","72.87","-"
"19-SEP-2025","TGL","Teerth Gopicon Limited","NEO APEX VENTURE LLP","SELL","73,600","49.81","-"
"19-SEP-2025","URBANCO","Urban Company Limited","GRAVITON RESEARCH CAPITAL LLP","SELL","1,13,32,299","179.88","-"
"19-SEP-2025","URBANCO","Urban Company Limited","GRAVITON RESEARCH CAPITAL LLP","BUY","1,13,32,299","179.75","-"
"19-SEP-2025","VAKRANGEE","Vakrangee Limited","ISHARES MSCI INDIA SMALL-CAP ETF","SELL","61,08,619","8.96","-"
"19-SEP-2025","VIMTALABS","Vimta Labs Limited","GRAVITON RESEARCH CAPITAL LLP","BUY","2,48,631","821.32","-"
"19-SEP-2025","VIMTALABS","Vimta Labs Limited","GRAVITON RESEARCH CAPITAL LLP","SELL","2,48,631","821.90","-"
"19-SEP-2025","VIMTALABS","Vimta Labs Limited","HRTI PRIVATE LIMITED","BUY","3,76,745","821.31","-"
"19-SEP-2025","VIMTALABS","Vimta Labs Limited","HRTI PRIVATE LIMITED","SELL","3,93,620","822.81","-"
"19-SEP-2025","VIMTALABS","Vimta Labs Limited","SPDR PORTFOLIO EMERGING MARKETS ETF","BUY","3,46,373","824.05","-"