﻿"Date ","Symbol ","Security Name ","Client Name ","Buy / Sell ","Quantity Traded ","Trade Price / Wght. Avg. Price ","Remarks "
"08-OCT-2025","3IINFO-RE","3i Infotech Ltd","BANK OF INDIA","SELL","3,29,763","1.57","-"
"08-OCT-2025","3IINFO-RE","3i Infotech Ltd","SUNIL LADHA","BUY","2,05,000","1.60","-"
"08-OCT-2025","ACTIVEINFR","Active Infrastructures Li","ADCC ACADEMY PRIVATE LIMITED","BUY","7,48,800","186.00","-"
"08-OCT-2025","ACTIVEINFR","Active Infrastructures Li","BADJATE STOCK & SHARES PVT LTD","BUY","600","170.00","-"
"08-OCT-2025","ACTIVEINFR","Active Infrastructures Li","BADJATE STOCK & SHARES PVT LTD","SELL","6,24,000","186.00","-"
"08-OCT-2025","ACTIVEINFR","Active Infrastructures Li","SHILPA MALOO","SELL","90,000","186.00","-"
"08-OCT-2025","ADVANCE","Advance Agrolife Limited","GYAANA RETREAT & SERVICES PRIVATE LIMITED","BUY","4,30,000","114.00","-"
"08-OCT-2025","ADVANCE","Advance Agrolife Limited","JAY JAGANNATH STEEL AND POWER LIMITED","BUY","5,35,000","112.22","-"
"08-OCT-2025","ADVANCE","Advance Agrolife Limited","MARYADA BARTER PVT LTD","BUY","3,75,000","108.81","-"
"08-OCT-2025","ADVANCE","Advance Agrolife Limited","NECTA BLOOM VCC - NECTA BLOOM ONE","SELL","3,38,257","114.00","-"
"08-OCT-2025","ADVANCE","Advance Agrolife Limited","PARIJATA TRADING PRIVATE LIMITED","BUY","5,00,000","111.00","-"
"08-OCT-2025","ADVANCE","Advance Agrolife Limited","PARIJATA TRADING PRIVATE LIMITED","BUY","8,45,000","114.00","-"
"08-OCT-2025","ADVANCE","Advance Agrolife Limited","RADIANT COMPUTECH PRIVATE LIMITED","BUY","15,00,000","114.00","-"
"08-OCT-2025","ADVANCE","Advance Agrolife Limited","THE SOUTH INDIAN BANK LIMITED","SELL","3,75,837","114.00","-"
"08-OCT-2025","ADVANCE","Advance Agrolife Limited","TRADEBULLS SECURITIES PRIVATE LIMITED","BUY","5,09,231","113.70","-"
"08-OCT-2025","ADVANCE","Advance Agrolife Limited","VARADA TRADING PRIVATE LIMITED","BUY","5,00,000","111.00","-"
"08-OCT-2025","BAGDIGITAL","B.A.G.Convergence Limited","ACME CORPORATE ADVISORS PRIVATE LIMITED","BUY","2,22,400","105.82","-"
"08-OCT-2025","BAGDIGITAL","B.A.G.Convergence Limited","ARPNA CAPITAL SERVICES PRIVATE LIMITED","BUY","2,99,200","104.67","-"
"08-OCT-2025","BAGDIGITAL","B.A.G.Convergence Limited","KRUSHNAM NEXUS CAPITAL SCHEME 1","BUY","46,400","106.05","-"
"08-OCT-2025","BAGDIGITAL","B.A.G.Convergence Limited","KRUSHNAM NEXUS CAPITAL SCHEME 1","SELL","2,60,800","101.00","-"
"08-OCT-2025","BAGDIGITAL","B.A.G.Convergence Limited","LOVLESH JAIN","BUY","2,00,000","101.00","-"
"08-OCT-2025","BAGDIGITAL","B.A.G.Convergence Limited","MODEL COMMERCIAL PVT LTD","BUY","1,20,000","101.00","-"
"08-OCT-2025","BLUESTONE","BlueStone Jewel Lfstl Ltd","GRAVITON RESEARCH CAPITAL LLP","BUY","10,23,714","679.08","-"
"08-OCT-2025","BLUESTONE","BlueStone Jewel Lfstl Ltd","GRAVITON RESEARCH CAPITAL LLP","SELL","10,23,714","679.51","-"
"08-OCT-2025","BMWVENTLTD","BMW Ventures Limited","NEO APEX VENTURE LLP","BUY","3,23,911","60.34","-"
"08-OCT-2025","BMWVENTLTD","BMW Ventures Limited","NEO APEX VENTURE LLP","SELL","4,36,632","60.69","-"
"08-OCT-2025","BMWVENTLTD","BMW Ventures Limited","NEOMILE GROWTH FUND - SERIES I","BUY","4,50,000","61.02","-"
"08-OCT-2025","EIMCOELECO","Eimco Elecon (India) Ltd.","AEGIS INVESTMENT FUND","BUY","1,00,000","2,201.95","-"
"08-OCT-2025","EIMCOELECO","Eimco Elecon (India) Ltd.","GRAVITON RESEARCH CAPITAL LLP","BUY","73,978","2,138.32","-"
"08-OCT-2025","EIMCOELECO","Eimco Elecon (India) Ltd.","GRAVITON RESEARCH CAPITAL LLP","SELL","73,978","2,143.66","-"
"08-OCT-2025","EIMCOELECO","Eimco Elecon (India) Ltd.","HRTI PRIVATE LIMITED","SELL","67,068","2,146.09","-"
"08-OCT-2025","EIMCOELECO","Eimco Elecon (India) Ltd.","HRTI PRIVATE LIMITED","BUY","68,888","2,160.48","-"
"08-OCT-2025","EIMCOELECO","Eimco Elecon (India) Ltd.","JUNOMONETA FINSOL PRIVATE LIMITED","BUY","70,721","2,169.10","-"
"08-OCT-2025","EIMCOELECO","Eimco Elecon (India) Ltd.","JUNOMONETA FINSOL PRIVATE LIMITED","SELL","71,531","2,172.14","-"
"08-OCT-2025","EIMCOELECO","Eimco Elecon (India) Ltd.","MUSIGMA SECURITIES","BUY","36,856","2,149.34","-"
"08-OCT-2025","EIMCOELECO","Eimco Elecon (India) Ltd.","MUSIGMA SECURITIES","SELL","37,096","2,150.16","-"
"08-OCT-2025","EIMCOELECO","Eimco Elecon (India) Ltd.","NK SECURITIES RESEARCH PRIVATE LIMITED","BUY","30,990","2,169.35","-"
"08-OCT-2025","EIMCOELECO","Eimco Elecon (India) Ltd.","NK SECURITIES RESEARCH PRIVATE LIMITED","SELL","31,006","2,170.50","-"
"08-OCT-2025","EIMCOELECO","Eimco Elecon (India) Ltd.","QE SECURITIES LLP","SELL","43,919","2,176.31","-"
"08-OCT-2025","EIMCOELECO","Eimco Elecon (India) Ltd.","QE SECURITIES LLP","BUY","44,276","2,176.04","-"
"08-OCT-2025","ESFL","Essen Speciality Films L","YAGNIK BHARATKUMAR TANK","SELL","1,52,640","239.54","-"
"08-OCT-2025","ESFL","Essen Speciality Films L","YAGNIK BHARATKUMAR TANK","BUY","1,68,480","243.95","-"
"08-OCT-2025","FABTECH","Fabtech Technologies Ltd","MANSI SHARE AND STOCK BROKING PRIVATE LIMITED","BUY","27,872","174.44","-"
"08-OCT-2025","FABTECH","Fabtech Technologies Ltd","MANSI SHARE AND STOCK BROKING PRIVATE LIMITED","SELL","2,80,779","175.43","-"
"08-OCT-2025","HBSL","HB Stockholdings Limited","LAKHUBHA SOLANKI","BUY","33,034","98.49","-"
"08-OCT-2025","HBSL","HB Stockholdings Limited","LAKHUBHA SOLANKI","SELL","41,853","96.77","-"
"08-OCT-2025","HBSL","HB Stockholdings Limited","ZALA SHAILENDRASINH C","SELL","37,501","93.31","-"
"08-OCT-2025","HBSL","HB Stockholdings Limited","ZALA SHAILENDRASINH C","BUY","37,501","98.76","-"
"08-OCT-2025","INDRAMEDCO","Indraprastha Med Corp","GRAVITON RESEARCH CAPITAL LLP","SELL","12,32,350","586.98","-"
"08-OCT-2025","INDRAMEDCO","Indraprastha Med Corp","GRAVITON RESEARCH CAPITAL LLP","BUY","12,32,834","587.07","-"
"08-OCT-2025","INFIBEAM","Infibeam Avenues Limited","SAMYAKTVA CONSTRUCTION LLP","BUY","1,49,13,590","19.12","-"
"08-OCT-2025","ITI","ITI Ltd.","GRAVITON RESEARCH CAPITAL LLP","SELL","51,51,735","360.73","-"
"08-OCT-2025","ITI","ITI Ltd.","GRAVITON RESEARCH CAPITAL LLP","BUY","51,52,371","360.48","-"
"08-OCT-2025","JAICORPLTD","Jai Corp Limited","GRAVITON RESEARCH CAPITAL LLP","SELL","47,35,860","162.08","-"
"08-OCT-2025","JAICORPLTD","Jai Corp Limited","GRAVITON RESEARCH CAPITAL LLP","BUY","47,35,860","161.98","-"
"08-OCT-2025","JAICORPLTD","Jai Corp Limited","HRTI PRIVATE LIMITED","SELL","11,92,987","160.53","-"
"08-OCT-2025","JAICORPLTD","Jai Corp Limited","HRTI PRIVATE LIMITED","BUY","12,58,245","162.22","-"
"08-OCT-2025","JAICORPLTD","Jai Corp Limited","JUNOMONETA FINSOL PRIVATE LIMITED","SELL","12,29,340","162.53","-"
"08-OCT-2025","JAICORPLTD","Jai Corp Limited","JUNOMONETA FINSOL PRIVATE LIMITED","BUY","12,29,340","162.48","-"
"08-OCT-2025","JAICORPLTD","Jai Corp Limited","MATHISYS ADVISORS LLP","BUY","10,54,293","160.57","-"
"08-OCT-2025","JAICORPLTD","Jai Corp Limited","MATHISYS ADVISORS LLP","SELL","10,56,092","160.49","-"
"08-OCT-2025","JAICORPLTD","Jai Corp Limited","MUSIGMA SECURITIES","BUY","12,44,174","163.92","-"
"08-OCT-2025","JAICORPLTD","Jai Corp Limited","MUSIGMA SECURITIES","SELL","12,44,174","164.02","-"
"08-OCT-2025","KANDARP","Kandarp Dg Smart Bpo Ltd","HEMENDRA RATILAL MEHTA","SELL","1,00,000","98.82","-"
"08-OCT-2025","MCLEODRUSS","Mcleod Russel India Limit","OM PRAMILA STOCKS PRIVATE LIMITED","BUY","7,50,000","54.51","-"
"08-OCT-2025","MPEL","Manas Polymer N Energie L","AFFLUENCE GEMS PRIVATELIMITED","SELL","1,47,200","143.76","-"
"08-OCT-2025","MPEL","Manas Polymer N Energie L","NEHA ROHAN RAMTEKE","BUY","73,600","143.90","-"
"08-OCT-2025","MPEL","Manas Polymer N Energie L","SUNRISE INVESTMENT OPPORTUNITIES FUND","SELL","99,200","143.73","-"
"08-OCT-2025","MUNISH","Munish Forge Limited","CHAUBARA EATS PRIVATE LIMITED","BUY","1,32,000","105.00","-"
"08-OCT-2025","MUNISH","Munish Forge Limited","FRENZY COMMERCIAL PVT LTD","BUY","2,00,400","105.00","-"
"08-OCT-2025","MUNISH","Munish Forge Limited","MAHALAXMI BROKRAGE INDIA PRIVATE LIMITED","BUY","2,94,000","105.00","-"
"08-OCT-2025","MUNISH","Munish Forge Limited","NNM SECURITIES PVT LTD","BUY","6,96,000","105.00","-"
"08-OCT-2025","MUNISH","Munish Forge Limited","PACE STOCK BROKING SERVICES PVT LTD","BUY","2,00,400","105.00","-"
"08-OCT-2025","MUNISH","Munish Forge Limited","SANDEEP KUMAR HUF","BUY","1,38,000","105.00","-"
"08-OCT-2025","MUNISH","Munish Forge Limited","STRATEGIC SIXTH SENSE CAPITAL FUND","BUY","1,99,200","105.00","-"
"08-OCT-2025","OMFREIGHT","Om Freight Forwarders Ltd","ARIHANT TRADING","BUY","2,41,000","81.50","-"
"08-OCT-2025","OMFREIGHT","Om Freight Forwarders Ltd","C J MANIYAR","BUY","2,41,000","81.50","-"
"08-OCT-2025","OMFREIGHT","Om Freight Forwarders Ltd","H D LAKHANI","BUY","2,07,000","81.50","-"
"08-OCT-2025","OMFREIGHT","Om Freight Forwarders Ltd","M.K.VORA","BUY","2,41,000","81.50","-"
"08-OCT-2025","OMFREIGHT","Om Freight Forwarders Ltd","P S SHETH","BUY","2,41,000","81.50","-"
"08-OCT-2025","ORIENTTECH","Orient Technologies Ltd","HRTI PRIVATE LIMITED","BUY","2,67,854","487.83","-"
"08-OCT-2025","ORIENTTECH","Orient Technologies Ltd","HRTI PRIVATE LIMITED","SELL","3,01,270","488.17","-"
"08-OCT-2025","ORIENTTECH","Orient Technologies Ltd","JUNOMONETA FINSOL PRIVATE LIMITED","BUY","2,53,351","487.99","-"
"08-OCT-2025","ORIENTTECH","Orient Technologies Ltd","JUNOMONETA FINSOL PRIVATE LIMITED","SELL","2,53,351","488.36","-"
"08-OCT-2025","PIGL","Power Instrument (G) Ltd","MUSKAAN SARIN","SELL","1,16,532","173.87","-"
"08-OCT-2025","RBLBANK","RBL Bank Limited","SOCIETE GENERALE","BUY","33,22,631","284.00","-"
"08-OCT-2025","SALZERELEC","Salzer Electronics Ltd.","GRAVITON RESEARCH CAPITAL LLP","BUY","2,16,919","868.56","-"
"08-OCT-2025","SALZERELEC","Salzer Electronics Ltd.","GRAVITON RESEARCH CAPITAL LLP","SELL","2,16,919","870.29","-"
"08-OCT-2025","SALZERELEC","Salzer Electronics Ltd.","IRAGE BROKING SERVICES LLP","SELL","1,03,838","880.13","-"
"08-OCT-2025","SALZERELEC","Salzer Electronics Ltd.","IRAGE BROKING SERVICES LLP","BUY","1,42,155","884.75","-"
"08-OCT-2025","SALZERELEC","Salzer Electronics Ltd.","JUNOMONETA FINSOL PRIVATE LIMITED","BUY","1,24,825","880.48","-"
"08-OCT-2025","SALZERELEC","Salzer Electronics Ltd.","JUNOMONETA FINSOL PRIVATE LIMITED","SELL","1,25,026","881.28","-"
"08-OCT-2025","SALZERELEC","Salzer Electronics Ltd.","MUSIGMA SECURITIES","BUY","2,34,551","884.39","-"
"08-OCT-2025","SALZERELEC","Salzer Electronics Ltd.","MUSIGMA SECURITIES","SELL","2,37,719","884.94","-"
"08-OCT-2025","SALZERELEC","Salzer Electronics Ltd.","NK SECURITIES RESEARCH PRIVATE LIMITED","BUY","2,52,277","877.52","-"
"08-OCT-2025","SALZERELEC","Salzer Electronics Ltd.","NK SECURITIES RESEARCH PRIVATE LIMITED","SELL","2,52,285","878.08","-"
"08-OCT-2025","SALZERELEC","Salzer Electronics Ltd.","OM TRADING","SELL","1,01,054","908.14","-"
"08-OCT-2025","SALZERELEC","Salzer Electronics Ltd.","OM TRADING","BUY","1,01,054","899.40","-"
"08-OCT-2025","SALZERELEC","Salzer Electronics Ltd.","PACE STOCK BROKING SERVICES PVT LTD","SELL","1,03,376","876.18","-"
"08-OCT-2025","SALZERELEC","Salzer Electronics Ltd.","PACE STOCK BROKING SERVICES PVT LTD","BUY","1,04,426","875.45","-"
"08-OCT-2025","SALZERELEC","Salzer Electronics Ltd.","QE SECURITIES LLP","BUY","97,907","875.12","-"
"08-OCT-2025","SALZERELEC","Salzer Electronics Ltd.","QE SECURITIES LLP","SELL","98,004","876.91","-"
"08-OCT-2025","SANGINITA","Sanginita Chemicals Limit","L7 HITECH PRIVATE LIMITED","SELL","1,97,010","10.35","-"
"08-OCT-2025","SBC","SBC Exports Limited","PRONTO SECURITIES PRIVATE LIMITED","SELL","59,005","22.15","-"
"08-OCT-2025","SBC","SBC Exports Limited","PRONTO SECURITIES PRIVATE LIMITED","BUY","26,99,005","22.40","-"
"08-OCT-2025","SHEEL","Sheel Biotech Limited","CRAFT EMERGING MARKET FUND PCC- CITADEL CAPITAL FUND","SELL","1,36,000","91.00","-"
"08-OCT-2025","SHEEL","Sheel Biotech Limited","LONGTHRIVE CAPITAL VCC - GAMMA VIEW FUNDS","SELL","1,06,000","91.23","-"
"08-OCT-2025","SHEEL","Sheel Biotech Limited","MANSI SHARE AND STOCK BROKING PRIVATE LIMITED","BUY","60,000","95.55","-"
"08-OCT-2025","SHEEL","Sheel Biotech Limited","MANSI SHARE AND STOCK BROKING PRIVATE LIMITED","SELL","1,22,000","92.06","-"
"08-OCT-2025","SHEEL","Sheel Biotech Limited","PREETI  BHAUKA","BUY","1,34,000","91.00","-"
"08-OCT-2025","SHEEL","Sheel Biotech Limited","SHUBHAM SANJAY DAMANI","BUY","1,24,000","91.00","-"
"08-OCT-2025","SHEEL","Sheel Biotech Limited","SMP SECURITIES LTD","BUY","1,12,000","91.00","-"
"08-OCT-2025","SHRINGARMS","Shringar Hou of Mangals L","ACME CAPITAL MARKET LIMITED","BUY","4,88,618","208.71","-"
"08-OCT-2025","SHRINGARMS","Shringar Hou of Mangals L","ACME CAPITAL MARKET LIMITED","SELL","4,88,618","207.27","-"
"08-OCT-2025","SHRINGARMS","Shringar Hou of Mangals L","HRTI PRIVATE LIMITED","BUY","4,87,263","207.00","-"
"08-OCT-2025","SHRINGARMS","Shringar Hou of Mangals L","HRTI PRIVATE LIMITED","SELL","5,46,862","207.37","-"
"08-OCT-2025","SHRINGARMS","Shringar Hou of Mangals L","LKP FINANCE LIMITED","SELL","5,04,476","207.75","-"
"08-OCT-2025","SHRINGARMS","Shringar Hou of Mangals L","LKP FINANCE LIMITED","BUY","5,71,795","208.24","-"
"08-OCT-2025","SHRINGARMS","Shringar Hou of Mangals L","NIVESH CONSULTANCY PRIVATE LIMITED","SELL","6,90,222","206.13","-"
"08-OCT-2025","SHRINGARMS","Shringar Hou of Mangals L","NIVESH CONSULTANCY PRIVATE LIMITED","BUY","9,24,289","206.78","-"
"08-OCT-2025","VINEETLAB","Vineet Laboratories Ltd","PRRSAAR COMMODITIES PVT LTD","SELL","56,138","41.90","-"
"08-OCT-2025","VINEETLAB","Vineet Laboratories Ltd","PRRSAAR COMMODITIES PVT LTD","BUY","56,138","41.59","-"
"08-OCT-2025","VINEETLAB","Vineet Laboratories Ltd","SUNIL MAROTIRAO BORGAVE","SELL","24,329","41.40","-"
"08-OCT-2025","VINEETLAB","Vineet Laboratories Ltd","SUNIL MAROTIRAO BORGAVE","BUY","54,357","41.81","-"
"08-OCT-2025","ZUARIIND","Zuari Industries Limited","HRTI PRIVATE LIMITED","BUY","2,15,305","364.43","-"
"08-OCT-2025","ZUARIIND","Zuari Industries Limited","HRTI PRIVATE LIMITED","SELL","2,17,315","366.80","-"