﻿"Date ","Symbol ","Security Name ","Client Name ","Buy / Sell ","Quantity Traded ","Trade Price / Wght. Avg. Price ","Remarks "
"11-JUL-2025","CRIZAC","Crizac Limited","NK SECURITIES RESEARCH PRIVATE LIMITED","BUY","11,93,349","350.49","-"
"11-JUL-2025","CRIZAC","Crizac Limited","NK SECURITIES RESEARCH PRIVATE LIMITED","SELL","11,93,349","350.66","-"
"11-JUL-2025","CUPID","Cupid Limited","P.G. INFRAPROJECTS PRIVATE LIMITED","SELL","18,37,310","115.51","-"
"11-JUL-2025","DCCL","Dar Credit & Capital Ltd","KRISHAN MURARI BIDAWATKA","BUY","74,000","58.95","-"
"11-JUL-2025","EIEL","Enviro Infra Engineers L","AAKRAYA RESEARCH LLP","BUY","22,87,652","272.59","-"
"11-JUL-2025","EIEL","Enviro Infra Engineers L","AAKRAYA RESEARCH LLP","SELL","22,87,652","272.73","-"
"11-JUL-2025","EIEL","Enviro Infra Engineers L","ALPHAGREP SECURITIES PRIVATE LIMITED","BUY","12,70,082","274.05","-"
"11-JUL-2025","EIEL","Enviro Infra Engineers L","ALPHAGREP SECURITIES PRIVATE LIMITED","SELL","12,70,082","274.21","-"
"11-JUL-2025","EIEL","Enviro Infra Engineers L","GRAVITON RESEARCH CAPITAL LLP","BUY","44,05,053","272.67","-"
"11-JUL-2025","EIEL","Enviro Infra Engineers L","GRAVITON RESEARCH CAPITAL LLP","SELL","44,05,071","272.89","-"
"11-JUL-2025","EIEL","Enviro Infra Engineers L","HRTI PRIVATE LIMITED","SELL","32,28,826","273.21","-"
"11-JUL-2025","EIEL","Enviro Infra Engineers L","HRTI PRIVATE LIMITED","BUY","36,48,622","271.38","-"
"11-JUL-2025","EIEL","Enviro Infra Engineers L","JUMP TRADING FINANCIAL INDIA PRIVATE LIMITED","SELL","9,06,339","274.60","-"
"11-JUL-2025","EIEL","Enviro Infra Engineers L","JUMP TRADING FINANCIAL INDIA PRIVATE LIMITED","BUY","9,06,339","274.71","-"
"11-JUL-2025","EIEL","Enviro Infra Engineers L","MATHISYS ADVISORS LLP","BUY","15,37,547","274.28","-"
"11-JUL-2025","EIEL","Enviro Infra Engineers L","MATHISYS ADVISORS LLP","SELL","15,41,180","274.21","-"
"11-JUL-2025","EIEL","Enviro Infra Engineers L","MICROCURVES TRADING PRIVATE LIMITED","BUY","9,69,433","271.83","-"
"11-JUL-2025","EIEL","Enviro Infra Engineers L","MICROCURVES TRADING PRIVATE LIMITED","SELL","9,69,433","271.91","-"
"11-JUL-2025","EIEL","Enviro Infra Engineers L","MUSIGMA SECURITIES","SELL","23,16,406","276.39","-"
"11-JUL-2025","EIEL","Enviro Infra Engineers L","MUSIGMA SECURITIES","BUY","23,16,406","276.26","-"
"11-JUL-2025","EIEL","Enviro Infra Engineers L","NK SECURITIES RESEARCH PRIVATE LIMITED","SELL","9,98,129","274.63","-"
"11-JUL-2025","EIEL","Enviro Infra Engineers L","NK SECURITIES RESEARCH PRIVATE LIMITED","BUY","9,98,129","274.52","-"
"11-JUL-2025","EIEL","Enviro Infra Engineers L","QE SECURITIES LLP","BUY","27,26,326","271.60","-"
"11-JUL-2025","EIEL","Enviro Infra Engineers L","QE SECURITIES LLP","SELL","28,32,994","273.28","-"
"11-JUL-2025","GATECH","GACM Technologies Limited","VAGHANI VIRAJ","BUY","50,00,000","0.89","-"
"11-JUL-2025","GATECH","GACM Technologies Limited","VAGHANI VIRAJ","SELL","1,62,45,131","0.89","-"
"11-JUL-2025","GLENMARK","Glenmark Pharma Ltd","GRAVITON RESEARCH CAPITAL LLP","SELL","15,10,591","2,173.31","-"
"11-JUL-2025","GLENMARK","Glenmark Pharma Ltd","GRAVITON RESEARCH CAPITAL LLP","BUY","15,10,591","2,171.67","-"
"11-JUL-2025","INFLUX","Influx Healthtech Limited","DEVI TRADERS LLP","BUY","1,10,400","177.10","-"
"11-JUL-2025","INFLUX","Influx Healthtech Limited","DEVI TRADERS LLP","SELL","1,28,400","176.39","-"
"11-JUL-2025","INFLUX","Influx Healthtech Limited","ISHAAN TRADEFIN LLP","SELL","1,39,200","176.53","-"
"11-JUL-2025","INFLUX","Influx Healthtech Limited","ISHAAN TRADEFIN LLP","BUY","1,77,600","176.76","-"
"11-JUL-2025","KALANA","Kalana Ispat Limited","GIRIRAJ STOCK BROKING PRIVATE LIMITED","BUY","1,00,000","42.75","-"
"11-JUL-2025","KALANA","Kalana Ispat Limited","NEEL UMESH PAGARIYA","SELL","96,000","42.75","-"
"11-JUL-2025","KCK","Kck Industries Limited","PRO FIN CAPITAL SERVICES LIMITED","BUY","10,000","44.50","-"
"11-JUL-2025","KCK","Kck Industries Limited","PRO FIN CAPITAL SERVICES LIMITED","SELL","3,47,500","44.59","-"
"11-JUL-2025","MAMATA","Mamata Machinery Limited","AAKRAYA RESEARCH LLP","BUY","8,95,683","510.02","-"
"11-JUL-2025","MAMATA","Mamata Machinery Limited","AAKRAYA RESEARCH LLP","SELL","8,95,683","510.27","-"
"11-JUL-2025","MAMATA","Mamata Machinery Limited","ALPHAGREP SECURITIES PRIVATE LIMITED","SELL","4,57,025","509.54","-"
"11-JUL-2025","MAMATA","Mamata Machinery Limited","ALPHAGREP SECURITIES PRIVATE LIMITED","BUY","4,57,025","509.34","-"
"11-JUL-2025","MAMATA","Mamata Machinery Limited","ELIXIR WEALTH MANAGEMENT PRIVATE LIMITED","SELL","5,50,852","512.06","-"
"11-JUL-2025","MAMATA","Mamata Machinery Limited","ELIXIR WEALTH MANAGEMENT PRIVATE LIMITED","BUY","5,52,937","510.88","-"
"11-JUL-2025","MAMATA","Mamata Machinery Limited","GRAVITON RESEARCH CAPITAL LLP","SELL","4,17,319","510.08","-"
"11-JUL-2025","MAMATA","Mamata Machinery Limited","GRAVITON RESEARCH CAPITAL LLP","BUY","4,17,319","509.15","-"
"11-JUL-2025","MAMATA","Mamata Machinery Limited","GROWTH SECURITIES PRIVATE LIMITED","BUY","1,26,456","497.85","-"
"11-JUL-2025","MAMATA","Mamata Machinery Limited","GROWTH SECURITIES PRIVATE LIMITED","SELL","1,26,456","498.74","-"
"11-JUL-2025","MAMATA","Mamata Machinery Limited","HRTI PRIVATE LIMITED","SELL","4,60,523","509.95","-"
"11-JUL-2025","MAMATA","Mamata Machinery Limited","HRTI PRIVATE LIMITED","BUY","5,10,593","506.79","-"
"11-JUL-2025","MAMATA","Mamata Machinery Limited","IRAGE BROKING SERVICES LLP","SELL","3,83,202","509.24","-"
"11-JUL-2025","MAMATA","Mamata Machinery Limited","IRAGE BROKING SERVICES LLP","BUY","6,86,465","506.20","-"
"11-JUL-2025","MAMATA","Mamata Machinery Limited","MATHISYS ADVISORS LLP","BUY","1,86,240","510.97","-"
"11-JUL-2025","MAMATA","Mamata Machinery Limited","MATHISYS ADVISORS LLP","SELL","1,86,315","511.76","-"
"11-JUL-2025","MAMATA","Mamata Machinery Limited","MICROCURVES TRADING PRIVATE LIMITED","SELL","5,88,595","512.84","-"
"11-JUL-2025","MAMATA","Mamata Machinery Limited","MICROCURVES TRADING PRIVATE LIMITED","BUY","5,88,595","512.38","-"
"11-JUL-2025","MAMATA","Mamata Machinery Limited","MUSIGMA SECURITIES","SELL","3,82,661","506.97","-"
"11-JUL-2025","MAMATA","Mamata Machinery Limited","MUSIGMA SECURITIES","BUY","3,82,661","506.79","-"
"11-JUL-2025","MAMATA","Mamata Machinery Limited","NK SECURITIES RESEARCH PRIVATE LIMITED","SELL","10,21,797","511.66","-"
"11-JUL-2025","MAMATA","Mamata Machinery Limited","NK SECURITIES RESEARCH PRIVATE LIMITED","BUY","10,21,797","511.37","-"
"11-JUL-2025","MAMATA","Mamata Machinery Limited","PATRONUS TRADETECH LLP","SELL","1,83,637","504.82","-"
"11-JUL-2025","MAMATA","Mamata Machinery Limited","PATRONUS TRADETECH LLP","BUY","2,16,858","505.73","-"
"11-JUL-2025","MAMATA","Mamata Machinery Limited","PRB SECURITIES PVT LTD","SELL","69,963","510.98","-"
"11-JUL-2025","MAMATA","Mamata Machinery Limited","PRB SECURITIES PVT LTD","BUY","1,50,837","511.80","-"
"11-JUL-2025","MAMATA","Mamata Machinery Limited","QE SECURITIES LLP","SELL","8,43,477","510.54","-"
"11-JUL-2025","MAMATA","Mamata Machinery Limited","QE SECURITIES LLP","BUY","8,44,674","511.35","-"
"11-JUL-2025","MAMATA","Mamata Machinery Limited","RAKESH VIRENDRABHAI MANIYAR","SELL","1,27,590","511.61","-"
"11-JUL-2025","MAMATA","Mamata Machinery Limited","RAKESH VIRENDRABHAI MANIYAR","BUY","1,27,590","511.31","-"
"11-JUL-2025","MAMATA","Mamata Machinery Limited","RAM MOHAN REDDY  KODI","SELL","1,30,535","511.37","-"
"11-JUL-2025","MAMATA","Mamata Machinery Limited","RAM MOHAN REDDY  KODI","BUY","1,30,535","510.12","-"
"11-JUL-2025","MAMATA","Mamata Machinery Limited","RAMACHANDRAN SANTHOSH KUMAR","BUY","87,746","509.15","-"
"11-JUL-2025","MAMATA","Mamata Machinery Limited","RAMACHANDRAN SANTHOSH KUMAR","SELL","1,27,946","500.82","-"
"11-JUL-2025","MAMATA","Mamata Machinery Limited","SILVERLEAF CAPITAL SERVICES PRIVATE LIMITED","SELL","1,28,421","503.17","-"
"11-JUL-2025","MAMATA","Mamata Machinery Limited","SILVERLEAF CAPITAL SERVICES PRIVATE LIMITED","BUY","1,28,421","504.10","-"
"11-JUL-2025","MAMATA","Mamata Machinery Limited","SUBHKAM VENTURES I PRIVATE LIMITED","SELL","1,48,871","514.44","-"
"11-JUL-2025","MFML","Mahalaxmi Fabric Mills Lt","KALPESH RANCHHODBHAI PATEL","BUY","53,500","24.20","-"
"11-JUL-2025","MMEL","Moving Media Enter Ltd","NEO APEX VENTURE LLP","SELL","1,08,000","73.90","-"
"11-JUL-2025","NECLIFE","Nectar Lifesciences Limit","L7 HITECH PRIVATE LIMITED","BUY","85,100","20.00","-"
"11-JUL-2025","NECLIFE","Nectar Lifesciences Limit","L7 HITECH PRIVATE LIMITED","SELL","18,05,000","19.97","-"
"11-JUL-2025","NECLIFE","Nectar Lifesciences Limit","SHARE INDIA SECURITIES LIMITED","BUY","13,60,641","20.23","-"
"11-JUL-2025","NECLIFE","Nectar Lifesciences Limit","SHARE INDIA SECURITIES LIMITED","SELL","13,80,641","20.26","-"
"11-JUL-2025","NIKITA","Nikita Papers Limited","RADIANT GLOBAL FUND-CLASS B PARTICIPATING SHARES","BUY","1,24,800","92.00","-"
"11-JUL-2025","PATILAUTOM","Patil Automation Limited","ISHAAN TRADEFIN LLP","SELL","94,800","257.99","-"
"11-JUL-2025","PATILAUTOM","Patil Automation Limited","ISHAAN TRADEFIN LLP","BUY","1,30,800","257.35","-"
"11-JUL-2025","PROSTARM","Prostarm Info Systems Ltd","AAKRAYA RESEARCH LLP","BUY","4,38,121","214.15","-"
"11-JUL-2025","PROSTARM","Prostarm Info Systems Ltd","AAKRAYA RESEARCH LLP","SELL","4,38,121","214.09","-"
"11-JUL-2025","PROSTARM","Prostarm Info Systems Ltd","HRTI PRIVATE LIMITED","BUY","6,33,773","213.90","-"
"11-JUL-2025","PROSTARM","Prostarm Info Systems Ltd","HRTI PRIVATE LIMITED","SELL","6,64,537","214.75","-"
"11-JUL-2025","PROSTARM","Prostarm Info Systems Ltd","MATHISYS ADVISORS LLP","BUY","4,20,781","215.81","-"
"11-JUL-2025","PROSTARM","Prostarm Info Systems Ltd","MATHISYS ADVISORS LLP","SELL","4,29,175","215.25","-"
"11-JUL-2025","PROSTARM","Prostarm Info Systems Ltd","QE SECURITIES LLP","SELL","4,40,272","215.69","-"
"11-JUL-2025","PROSTARM","Prostarm Info Systems Ltd","QE SECURITIES LLP","BUY","4,48,584","213.38","-"
"11-JUL-2025","READYMIX","Readymix Constru Machi L","NEXT ORBIT GROWTH FUND III","SELL","1,17,000","126.75","-"
"11-JUL-2025","READYMIX","Readymix Constru Machi L","SUNRISE WEALTH ADVISORS LLP","BUY","1,17,000","126.75","-"
"11-JUL-2025","RTL","Rama Telecom Limited","KLS COMMODITIES PRIVATE LIMITED","BUY","1,14,000","68.41","-"
"11-JUL-2025","SHANTI","Shanti Overseas (Ind) Ltd","NEO APEX VENTURE LLP","BUY","5,19,551","11.28","-"
"11-JUL-2025","SHANTI","Shanti Overseas (Ind) Ltd","VENKATACHALAM VIGNESH","SELL","1,22,410","11.28","-"
"11-JUL-2025","SOMATEX","Soma Textiles & Ind. Ltd.","NEO APEX VENTURE LLP","BUY","3,22,321","63.09","-"
"11-JUL-2025","SOMATEX","Soma Textiles & Ind. Ltd.","NEO APEX VENTURE LLP","SELL","5,00,000","64.59","-"
"11-JUL-2025","SUMEETINDS","Sumeet Ind Limited","ARIHANT CAPITAL MARKETS LIMITED","BUY","30,370","133.91","-"
"11-JUL-2025","SUMEETINDS","Sumeet Ind Limited","BADRIDHAM TRADESOL PRIVATE LIMITED","SELL","36,363","130.16","-"
"11-JUL-2025","SUMEETINDS","Sumeet Ind Limited","BADRIKEDAR COMMERCIALS PRIVATE LIMITED","SELL","83,116","127.02","-"
"11-JUL-2025","SUMEETINDS","Sumeet Ind Limited","CAPRI FINSERV ADVISORS LLP","SELL","57,320","133.91","-"
"11-JUL-2025","SUMEETINDS","Sumeet Ind Limited","JAYESH KANTILAL SUCHAK","SELL","27,500","133.90","-"
"11-JUL-2025","SUMEETINDS","Sumeet Ind Limited","MANSI SHARE AND STOCK BROKING PRIVATE LIMITED","SELL","1","133.90","-"
"11-JUL-2025","SUMEETINDS","Sumeet Ind Limited","MANSI SHARE AND STOCK BROKING PRIVATE LIMITED","BUY","42,564","123.02","-"
"11-JUL-2025","SUMEETINDS","Sumeet Ind Limited","NEO APEX VENTURE LLP","BUY","20,000","133.91","-"
"11-JUL-2025","SUMEETINDS","Sumeet Ind Limited","NEO APEX VENTURE LLP","SELL","28,567","133.91","-"
"11-JUL-2025","SUMEETINDS","Sumeet Ind Limited","SUNCITY SHARE BROKER PRIVATE LIMITED","BUY","60,000","133.48","-"
"11-JUL-2025","SUMEETINDS","Sumeet Ind Limited","THUNDERSTRIKE QUANT RESEARCH LLP","SELL","40,000","132.92","-"
"11-JUL-2025","SUMEETINDS","Sumeet Ind Limited","VIPIN KUMAR","BUY","35,000","133.74","-"
"11-JUL-2025","TAC","TAC Infosec Limited","HARISH KUMAR GUPTA","SELL","59,400","957.54","-"
"11-JUL-2025","TAC","TAC Infosec Limited","NEO APEX VENTURE LLP","SELL","17,100","956.51","-"
"11-JUL-2025","TAC","TAC Infosec Limited","NEO APEX VENTURE LLP","BUY","57,000","956.50","-"
"11-JUL-2025","UNIVASTU","Univastu India Limited","VARUN KRISHNAVTAR KABRA","SELL","2,45,135","289.21","-"
"11-JUL-2025","UNIVASTU","Univastu India Limited","VARUN KRISHNAVTAR KABRA","BUY","2,45,243","288.26","-"
"11-JUL-2025","WHITEFORCE","Happy Square Outsourc S L","ADITYA RASHMIKANT DHARIA","BUY","96,000","84.64","-"
"11-JUL-2025","WHITEFORCE","Happy Square Outsourc S L","AMIT MEHRA","BUY","78,400","82.00","-"
"11-JUL-2025","WHITEFORCE","Happy Square Outsourc S L","DEVI TRADERS LLP","BUY","1,28,000","84.85","-"
"11-JUL-2025","WHITEFORCE","Happy Square Outsourc S L","ISHAAN TRADEFIN LLP","BUY","1,07,200","84.81","-"
"11-JUL-2025","WHITEFORCE","Happy Square Outsourc S L","MANSI SHARE AND STOCK BROKING PRIVATE LIMITED","SELL","72,000","84.85","-"
"11-JUL-2025","WHITEFORCE","Happy Square Outsourc S L","NEO APEX VENTURE LLP","BUY","1,60,000","84.85","-"
"11-JUL-2025","WHITEFORCE","Happy Square Outsourc S L","NEO APEX VENTURE LLP","SELL","1,60,000","84.02","-"
"11-JUL-2025","WHITEFORCE","Happy Square Outsourc S L","RAGHAV KAROL HUF","BUY","1,00,800","84.85","-"