﻿"Date ","Symbol ","Security Name ","Client Name ","Buy / Sell ","Quantity Traded ","Trade Price / Wght. Avg. Price ","Remarks "
"20-OCT-2025","AESTHETIK","Aesthetik Engineers Ltd","PURV FLEXIPACK PRIVATE LIMITED","SELL","1,00,000","113.00","-"
"20-OCT-2025","AESTHETIK","Aesthetik Engineers Ltd","RUPESH KUMAR SINGH","BUY","1,00,000","112.98","-"
"20-OCT-2025","AVANTEL","Avantel Limited","GRAVITON RESEARCH CAPITAL LLP","SELL","16,19,887","168.87","-"
"20-OCT-2025","AVANTEL","Avantel Limited","GRAVITON RESEARCH CAPITAL LLP","BUY","16,19,887","168.96","-"
"20-OCT-2025","AVANTEL","Avantel Limited","HRTI PRIVATE LIMITED","SELL","11,65,559","169.77","-"
"20-OCT-2025","AVANTEL","Avantel Limited","HRTI PRIVATE LIMITED","BUY","13,37,532","169.25","-"
"20-OCT-2025","BLISSGVS","Bliss GVS Pharma Ltd","ARIAN INVESTMENT LTD","SELL","26,00,000","150.60","-"
"20-OCT-2025","BLISSGVS","Bliss GVS Pharma Ltd","MATEUS LTD","BUY","26,00,000","150.60","-"
"20-OCT-2025","CEATLTD","CEAT Limited","GRAVITON RESEARCH CAPITAL LLP","SELL","2,22,339","4,051.83","-"
"20-OCT-2025","CEATLTD","CEAT Limited","GRAVITON RESEARCH CAPITAL LLP","BUY","2,22,339","4,046.88","-"
"20-OCT-2025","DCBBANK","Dcb Bank Limited","GRAVITON RESEARCH CAPITAL LLP","SELL","42,84,751","144.52","-"
"20-OCT-2025","DCBBANK","Dcb Bank Limited","GRAVITON RESEARCH CAPITAL LLP","BUY","42,84,751","144.36","-"
"20-OCT-2025","DCBBANK","Dcb Bank Limited","INFINITY ASSET ADVISORS PRIVATE LIMITED","SELL","16,54,022","145.18","-"
"20-OCT-2025","DIGIKORE","Digikore Studios Limited","GIRIRAJ STOCK BROKING PRIVATE LIMITED","BUY","51,800","148.00","-"
"20-OCT-2025","DIGIKORE","Digikore Studios Limited","MARWADI CHANDARANA INTERMEDIARIES BROKERS PRIVATE LIMITED","BUY","50,000","148.23","-"
"20-OCT-2025","FABTECH","Fabtech Technologies Ltd","ASTORNE CAPITAL VCC ARVEN","BUY","5,00,000","186.00","-"
"20-OCT-2025","GIPCL","Gujarat Ind Power Ltd","SUMIT BILGAIYAN","BUY","7,77,925","181.49","-"
"20-OCT-2025","GMBREW","GM Breweries Ltd.","GROWTH SECURITIES PRIVATE LIMITED","SELL","1,45,782","1,143.51","-"
"20-OCT-2025","GMBREW","GM Breweries Ltd.","GROWTH SECURITIES PRIVATE LIMITED","BUY","1,46,296","1,142.29","-"
"20-OCT-2025","GMBREW","GM Breweries Ltd.","HRTI PRIVATE LIMITED","BUY","4,39,112","1,140.08","-"
"20-OCT-2025","GMBREW","GM Breweries Ltd.","HRTI PRIVATE LIMITED","SELL","4,41,113","1,147.51","-"
"20-OCT-2025","GMBREW","GM Breweries Ltd.","JUNOMONETA FINSOL PRIVATE LIMITED","BUY","4,56,900","1,149.22","-"
"20-OCT-2025","GMBREW","GM Breweries Ltd.","JUNOMONETA FINSOL PRIVATE LIMITED","SELL","4,56,947","1,150.06","-"
"20-OCT-2025","GMBREW","GM Breweries Ltd.","MUSIGMA SECURITIES","SELL","1,35,870","1,153.22","-"
"20-OCT-2025","GMBREW","GM Breweries Ltd.","MUSIGMA SECURITIES","BUY","1,35,870","1,152.22","-"
"20-OCT-2025","GMBREW","GM Breweries Ltd.","QE SECURITIES LLP","BUY","1,53,519","1,143.40","-"
"20-OCT-2025","GMBREW","GM Breweries Ltd.","QE SECURITIES LLP","SELL","1,54,468","1,149.94","-"
"20-OCT-2025","GSLSU","Global Surfaces Limited","BULLPULSE MARKETEDGE PRIVATE LIMITED","BUY","2,50,000","105.75","-"
"20-OCT-2025","GSLSU","Global Surfaces Limited","BULLPULSE MARKETEDGE PRIVATE LIMITED","SELL","2,50,000","107.25","-"
"20-OCT-2025","GSLSU","Global Surfaces Limited","PARNIT VENTURES PRIVATE LIMITED","BUY","2,71,189","105.37","-"
"20-OCT-2025","GSLSU","Global Surfaces Limited","PARNIT VENTURES PRIVATE LIMITED","SELL","2,71,189","106.57","-"
"20-OCT-2025","GSLSU","Global Surfaces Limited","SW CAPITAL PRIVATE LIMITED","BUY","4,49,583","104.71","-"
"20-OCT-2025","GSLSU","Global Surfaces Limited","SW CAPITAL PRIVATE LIMITED","SELL","4,92,943","104.99","-"
"20-OCT-2025","GUJRAFFIA","Gujarat Raffia Inds Ltd","D3 STOCK VISION LLP","SELL","20,378","71.08","-"
"20-OCT-2025","GUJRAFFIA","Gujarat Raffia Inds Ltd","D3 STOCK VISION LLP","BUY","36,239","70.99","-"
"20-OCT-2025","INDOFARM","Indo Farm Equipment Ltd","GRAVITON RESEARCH CAPITAL LLP","SELL","3,26,218","258.87","-"
"20-OCT-2025","INDOFARM","Indo Farm Equipment Ltd","GRAVITON RESEARCH CAPITAL LLP","BUY","3,26,218","258.64","-"
"20-OCT-2025","INDOFARM","Indo Farm Equipment Ltd","HRTI PRIVATE LIMITED","SELL","2,53,889","256.52","-"
"20-OCT-2025","INDOFARM","Indo Farm Equipment Ltd","HRTI PRIVATE LIMITED","BUY","2,86,554","258.36","-"
"20-OCT-2025","INDOFARM","Indo Farm Equipment Ltd","MATHISYS ADVISORS LLP","SELL","4,03,384","257.75","-"
"20-OCT-2025","INDOFARM","Indo Farm Equipment Ltd","MATHISYS ADVISORS LLP","BUY","4,04,704","258.09","-"
"20-OCT-2025","INDOFARM","Indo Farm Equipment Ltd","QE SECURITIES LLP","SELL","2,52,103","256.61","-"
"20-OCT-2025","INDOFARM","Indo Farm Equipment Ltd","QE SECURITIES LLP","BUY","2,55,990","257.19","-"
"20-OCT-2025","JAYBEE","Jay Bee Laminations Ltd","KARAN HARESH MOTWANI","SELL","1,58,500","182.74","-"
"20-OCT-2025","MAYASHEEL","Mayasheel Ventures Ltd","LIESHA CORPORATION PRIVATE LIMITED .","SELL","90,000","76.14","-"
"20-OCT-2025","MAYASHEEL","Mayasheel Ventures Ltd","LIESHA CORPORATION PRIVATE LIMITED .","BUY","1,14,000","76.25","-"
"20-OCT-2025","MAYASHEEL","Mayasheel Ventures Ltd","SRISHTI  SOMANI","BUY","3,09,000","72.91","-"
"20-OCT-2025","MPEL","Manas Polymer N Energie L","ARUN GAHLOT","BUY","51,200","113.94","-"
"20-OCT-2025","MPEL","Manas Polymer N Energie L","AVIRAT ENTERPRISE","SELL","41,600","114.75","-"
"20-OCT-2025","MRIL","Mahendra Realto & Infra L","NEOMILE GROWTH FUND - SERIES I","SELL","1,28,000","70.07","-"
"20-OCT-2025","MRIL","Mahendra Realto & Infra L","RP FAMILY PRIVATE TRUST","BUY","1,44,000","70.00","-"
"20-OCT-2025","MVKAGRO","M.V.K. Agro Food Prod Ltd","MAGMA DEALERS PRIVATE LIMITED","BUY","87,600","564.11","-"
"20-OCT-2025","MVKAGRO","M.V.K. Agro Food Prod Ltd","SEA MATRIX ENTERPRISES LIMITED","BUY","1,23,600","558.89","-"
"20-OCT-2025","MVKAGRO","M.V.K. Agro Food Prod Ltd","YAGNIK BHARATKUMAR TANK","SELL","2,07,600","559.27","-"
"20-OCT-2025","POCL","Pondy Oxides & Chem Ltd","GRAVITON RESEARCH CAPITAL LLP","BUY","1,57,428","1,425.16","-"
"20-OCT-2025","POCL","Pondy Oxides & Chem Ltd","GRAVITON RESEARCH CAPITAL LLP","SELL","1,57,428","1,426.49","-"
"20-OCT-2025","PRITI","Priti International Ltd","RIMPY MITTAL","SELL","90,151","80.51","-"
"20-OCT-2025","PRITI","Priti International Ltd","RIMPY MITTAL","BUY","99,995","80.36","-"
"20-OCT-2025","RBLBANK","RBL Bank Limited","BNP PARIBAS FINANCIAL MARKETS","SELL","3,18,822","312.06","-"
"20-OCT-2025","RBLBANK","RBL Bank Limited","BNP PARIBAS FINANCIAL MARKETS","BUY","1,21,90,788","317.85","-"
"20-OCT-2025","RBLBANK","RBL Bank Limited","GRAVITON RESEARCH CAPITAL LLP","SELL","88,47,208","318.12","-"
"20-OCT-2025","RBLBANK","RBL Bank Limited","GRAVITON RESEARCH CAPITAL LLP","BUY","88,47,208","317.87","-"
"20-OCT-2025","RBLBANK","RBL Bank Limited","HRTI PRIVATE LIMITED","SELL","40,60,333","318.18","-"
"20-OCT-2025","RBLBANK","RBL Bank Limited","HRTI PRIVATE LIMITED","BUY","54,81,668","318.80","-"
"20-OCT-2025","SHAREINDIA","Share Ind. Securities Ltd","HRTI PRIVATE LIMITED","BUY","12,23,683","202.74","-"
"20-OCT-2025","SHAREINDIA","Share Ind. Securities Ltd","HRTI PRIVATE LIMITED","SELL","12,97,983","202.74","-"
"20-OCT-2025","SHAREINDIA","Share Ind. Securities Ltd","JUNOMONETA FINSOL PRIVATE LIMITED","BUY","15,21,142","203.69","-"
"20-OCT-2025","SHAREINDIA","Share Ind. Securities Ltd","JUNOMONETA FINSOL PRIVATE LIMITED","SELL","15,21,142","203.83","-"
"20-OCT-2025","SHAREINDIA","Share Ind. Securities Ltd","QE SECURITIES LLP","BUY","11,12,310","202.92","-"
"20-OCT-2025","SHAREINDIA","Share Ind. Securities Ltd","QE SECURITIES LLP","SELL","11,33,784","203.24","-"
"20-OCT-2025","SOUTHBANK","South Indian Bank Ltd.","ADITYA KUMAR HALWASIYA","BUY","2,01,00,000","35.24","-"
"20-OCT-2025","TARMAT","Tarmat Limited","ARTON GLOBAL","BUY","7,47,571","54.00","-"
"20-OCT-2025","TARMAT","Tarmat Limited","VEEKAY APARTMENTS PRIVATE LIMITED","SELL","7,50,000","54.00","-"