﻿"Date ","Symbol ","Security Name ","Client Name ","Buy / Sell ","Quantity Traded ","Trade Price / Wght. Avg. Price ","Remarks "
"10-JUL-2025","AARTECH","Aartech Solonics Limited","AFFLUENCE MARKETING AND DISTRIBUTION PRIVATE LIMITED","BUY","80,000","74.48","-"
"10-JUL-2025","AARTECH","Aartech Solonics Limited","AFFLUENCE MARKETING AND DISTRIBUTION PRIVATE LIMITED","SELL","1,80,008","72.40","-"
"10-JUL-2025","AMBICAAGAR","Ambica Agarbathies & Arom","IRAGE BROKING SERVICES LLP","BUY","89,410","28.61","-"
"10-JUL-2025","AMBICAAGAR","Ambica Agarbathies & Arom","IRAGE BROKING SERVICES LLP","SELL","99,932","28.87","-"
"10-JUL-2025","AMBICAAGAR","Ambica Agarbathies & Arom","RIMPY MITTAL","BUY","1,06,794","29.02","-"
"10-JUL-2025","AMBICAAGAR","Ambica Agarbathies & Arom","RIMPY MITTAL","SELL","1,06,794","28.61","-"
"10-JUL-2025","AMJUMBO","A and M Jumbo Bags Ltd","HITESHBHAI PRABHUDAS JAIN","BUY","64,000","5.85","-"
"10-JUL-2025","AMJUMBO","A and M Jumbo Bags Ltd","MONIKABEN PRATIKKUMAR VALAND","SELL","64,000","5.85","-"
"10-JUL-2025","AXITA","Axita Cotton Limited","DHARAM PAL AGGARWAL","SELL","22,49,940","9.08","-"
"10-JUL-2025","AXITA","Axita Cotton Limited","DHARAM PAL AGGARWAL","BUY","24,41,118","9.03","-"
"10-JUL-2025","BALAXI","BALAXI PHARMA Ltd","DULCET ADVISORY PRIVATE LIMITED","SELL","4,943","50.32","-"
"10-JUL-2025","BALAXI","BALAXI PHARMA Ltd","DULCET ADVISORY PRIVATE LIMITED","BUY","2,91,943","50.02","-"
"10-JUL-2025","CEDAAR","Cedaar Textile Limited","NECTA BLOOM VCC - REGAL FUND","SELL","1,00,000","129.90","-"
"10-JUL-2025","CRIZAC","Crizac Limited","AAKRAYA RESEARCH LLP","BUY","12,45,774","326.67","-"
"10-JUL-2025","CRIZAC","Crizac Limited","AAKRAYA RESEARCH LLP","SELL","12,48,663","326.81","-"
"10-JUL-2025","CRIZAC","Crizac Limited","NK SECURITIES RESEARCH PRIVATE LIMITED","BUY","10,46,223","326.49","-"
"10-JUL-2025","CRIZAC","Crizac Limited","NK SECURITIES RESEARCH PRIVATE LIMITED","SELL","10,46,671","326.64","-"
"10-JUL-2025","FALCONTECH","Falcon Technoproj Ind Ltd","NEO APEX SHARE BROKING SERVICES LLP","SELL","96,000","17.91","-"
"10-JUL-2025","FALCONTECH","Falcon Technoproj Ind Ltd","SHREEKISHAN RADHAKISHAN PARIHAR","SELL","79,200","18.41","-"
"10-JUL-2025","FALCONTECH","Falcon Technoproj Ind Ltd","THE PATNA ELECTRIC SUPPLY COMPANY LIMITED","BUY","67,200","18.19","-"
"10-JUL-2025","FALCONTECH","Falcon Technoproj Ind Ltd","UTKARSH JAIN","SELL","1,200","18.55","-"
"10-JUL-2025","FALCONTECH","Falcon Technoproj Ind Ltd","UTKARSH JAIN","BUY","32,400","18.46","-"
"10-JUL-2025","FORGEAUTO","Forge Auto Internation L","PACE COMMODITY BROKERS PRIVATE LIMITED","SELL","68,400","113.77","-"
"10-JUL-2025","GARUDA","Garuda Construct N Eng L","AAKRAYA RESEARCH LLP","BUY","7,55,907","135.93","-"
"10-JUL-2025","GARUDA","Garuda Construct N Eng L","AAKRAYA RESEARCH LLP","SELL","7,55,907","136.07","-"
"10-JUL-2025","GARUDA","Garuda Construct N Eng L","GRAVITON RESEARCH CAPITAL LLP","BUY","5,79,051","135.23","-"
"10-JUL-2025","GARUDA","Garuda Construct N Eng L","GRAVITON RESEARCH CAPITAL LLP","SELL","5,79,051","135.35","-"
"10-JUL-2025","GARUDA","Garuda Construct N Eng L","HRTI PRIVATE LIMITED","BUY","6,12,293","134.83","-"
"10-JUL-2025","GARUDA","Garuda Construct N Eng L","HRTI PRIVATE LIMITED","SELL","6,32,096","134.79","-"
"10-JUL-2025","GARUDA","Garuda Construct N Eng L","NK SECURITIES RESEARCH PRIVATE LIMITED","SELL","5,53,479","136.77","-"
"10-JUL-2025","GARUDA","Garuda Construct N Eng L","NK SECURITIES RESEARCH PRIVATE LIMITED","BUY","5,53,479","136.75","-"
"10-JUL-2025","GARUDA","Garuda Construct N Eng L","QE SECURITIES LLP","BUY","8,74,598","134.87","-"
"10-JUL-2025","GARUDA","Garuda Construct N Eng L","QE SECURITIES LLP","SELL","8,92,569","134.70","-"
"10-JUL-2025","GATECH","GACM Technologies Limited","VAGHANI VIRAJ","BUY","50,00,000","0.86","-"
"10-JUL-2025","GATECH","GACM Technologies Limited","VAGHANI VIRAJ","SELL","2,92,96,417","0.86","-"
"10-JUL-2025","GODHA","Godha Cabcon Insulat Ltd","DEVI TRADERS LLP","BUY","1,39,14,655","0.71","-"
"10-JUL-2025","GODHA","Godha Cabcon Insulat Ltd","DEVI TRADERS LLP","SELL","1,39,14,655","0.72","-"
"10-JUL-2025","GODHA","Godha Cabcon Insulat Ltd","RAKESH KUMAR UPPAL AND SONS HUF","SELL","1,16,60,872","0.71","-"
"10-JUL-2025","GODHA","Godha Cabcon Insulat Ltd","RAKESH KUMAR UPPAL AND SONS HUF","BUY","1,16,60,872","0.71","-"
"10-JUL-2025","INFLUX","Influx Healthtech Limited","DEVI TRADERS LLP","BUY","1,29,600","173.05","-"
"10-JUL-2025","INFLUX","Influx Healthtech Limited","DEVI TRADERS LLP","SELL","1,33,200","175.14","-"
"10-JUL-2025","JAINIK","Jainik Power Cables Ltd","NIKUNJ KAUSHIK SHAH","SELL","1,57,200","84.23","-"
"10-JUL-2025","JAINIK","Jainik Power Cables Ltd","NIKUNJ KAUSHIK SHAH","BUY","1,57,200","85.80","-"
"10-JUL-2025","JGCHEM","J.G.Chemicals Limited","GRAVITON RESEARCH CAPITAL LLP","SELL","2,15,487","537.50","-"
"10-JUL-2025","JGCHEM","J.G.Chemicals Limited","GRAVITON RESEARCH CAPITAL LLP","BUY","2,15,487","537.24","-"
"10-JUL-2025","MAMATA","Mamata Machinery Limited","AAKRAYA RESEARCH LLP","SELL","2,77,499","471.83","-"
"10-JUL-2025","MAMATA","Mamata Machinery Limited","AAKRAYA RESEARCH LLP","BUY","2,77,499","471.37","-"
"10-JUL-2025","MAMATA","Mamata Machinery Limited","ARHAM WEALTH MANAGEMENT PRIVATE LIMITED","SELL","1,67,705","479.46","-"
"10-JUL-2025","MAMATA","Mamata Machinery Limited","ARHAM WEALTH MANAGEMENT PRIVATE LIMITED","BUY","1,67,705","478.92","-"
"10-JUL-2025","MAMATA","Mamata Machinery Limited","DEEPAK PRAKASHCHANDRA JAIN HUF","SELL","1,14,044","477.78","-"
"10-JUL-2025","MAMATA","Mamata Machinery Limited","DEEPAK PRAKASHCHANDRA JAIN HUF","BUY","1,32,044","477.09","-"
"10-JUL-2025","MAMATA","Mamata Machinery Limited","DIPAN MEHTA COMMODITIES PRIVATE LIMITED","SELL","1,43,452","480.74","-"
"10-JUL-2025","MAMATA","Mamata Machinery Limited","DIPAN MEHTA COMMODITIES PRIVATE LIMITED","BUY","1,43,452","479.92","-"
"10-JUL-2025","MAMATA","Mamata Machinery Limited","ELIXIR WEALTH MANAGEMENT PRIVATE LIMITED","SELL","3,93,258","479.27","-"
"10-JUL-2025","MAMATA","Mamata Machinery Limited","ELIXIR WEALTH MANAGEMENT PRIVATE LIMITED","BUY","3,93,258","478.99","-"
"10-JUL-2025","MAMATA","Mamata Machinery Limited","HRTI PRIVATE LIMITED","SELL","3,15,353","466.83","-"
"10-JUL-2025","MAMATA","Mamata Machinery Limited","HRTI PRIVATE LIMITED","BUY","3,35,312","465.62","-"
"10-JUL-2025","MAMATA","Mamata Machinery Limited","IRAGE BROKING SERVICES LLP","SELL","1,69,438","477.15","-"
"10-JUL-2025","MAMATA","Mamata Machinery Limited","IRAGE BROKING SERVICES LLP","BUY","2,17,915","476.12","-"
"10-JUL-2025","MAMATA","Mamata Machinery Limited","MUSIGMA SECURITIES","BUY","6,31,988","478.43","-"
"10-JUL-2025","MAMATA","Mamata Machinery Limited","MUSIGMA SECURITIES","SELL","6,31,988","478.63","-"
"10-JUL-2025","MAMATA","Mamata Machinery Limited","NK SECURITIES RESEARCH PRIVATE LIMITED","SELL","4,52,034","474.73","-"
"10-JUL-2025","MAMATA","Mamata Machinery Limited","NK SECURITIES RESEARCH PRIVATE LIMITED","BUY","4,52,034","474.31","-"
"10-JUL-2025","MAMATA","Mamata Machinery Limited","QE SECURITIES LLP","BUY","4,25,669","468.89","-"
"10-JUL-2025","MAMATA","Mamata Machinery Limited","QE SECURITIES LLP","SELL","4,41,935","468.15","-"
"10-JUL-2025","MAMATA","Mamata Machinery Limited","SHARE INDIA SECURITIES LIMITED","SELL","1,25,621","481.07","-"
"10-JUL-2025","MAMATA","Mamata Machinery Limited","SHARE INDIA SECURITIES LIMITED","BUY","1,29,121","480.92","-"
"10-JUL-2025","MONOLITH","Monolithisch India Ltd","YUGA STOCKS AND COMMODITIES PRIVATE LIMITED","SELL","1,10,000","472.80","-"
"10-JUL-2025","MONOLITH","Monolithisch India Ltd","YUGA STOCKS AND COMMODITIES PRIVATE LIMITED","BUY","1,37,000","475.20","-"
"10-JUL-2025","NAVKARURB","Navkar Urbanstructure Ltd","JUPITER CITY DEVELOPERS (INDIA) LIMITED","BUY","75,00,000","2.02","-"
"10-JUL-2025","NECLIFE","Nectar Lifesciences Limit","HRTI PRIVATE LIMITED","BUY","17,85,217","17.60","-"
"10-JUL-2025","NECLIFE","Nectar Lifesciences Limit","HRTI PRIVATE LIMITED","SELL","19,23,031","17.61","-"
"10-JUL-2025","NECLIFE","Nectar Lifesciences Limit","SHARE INDIA SECURITIES LIMITED","BUY","17,13,874","18.83","-"
"10-JUL-2025","NECLIFE","Nectar Lifesciences Limit","SHARE INDIA SECURITIES LIMITED","SELL","18,33,874","18.61","-"
"10-JUL-2025","OLIL","Oneclick Logistics Ind L","TIRUPATI TRADING","BUY","24,000","205.35","-"
"10-JUL-2025","ONDOOR","On Door Concepts Limited","DUANE PARK PRIVATE LIMITED","SELL","49,800","177.35","-"
"10-JUL-2025","PARAMOUNT","Paramount Dye Tec Limited","GRETEX SHARE BROKING LIMITED","BUY","70,800","59.17","-"
"10-JUL-2025","PROSTARM","Prostarm Info Systems Ltd","AAKRAYA RESEARCH LLP","SELL","5,35,529","209.05","-"
"10-JUL-2025","PROSTARM","Prostarm Info Systems Ltd","AAKRAYA RESEARCH LLP","BUY","5,35,529","208.82","-"
"10-JUL-2025","PROSTARM","Prostarm Info Systems Ltd","ANANT WEALTH CONSULTANTS PRIVATE LIMITED","SELL","5,78,291","208.95","-"
"10-JUL-2025","PROSTARM","Prostarm Info Systems Ltd","ANANT WEALTH CONSULTANTS PRIVATE LIMITED","BUY","6,38,491","210.77","-"
"10-JUL-2025","PROSTARM","Prostarm Info Systems Ltd","D3 STOCK VISION LLP","BUY","3,97,043","214.85","-"
"10-JUL-2025","PROSTARM","Prostarm Info Systems Ltd","D3 STOCK VISION LLP","SELL","5,18,855","214.59","-"
"10-JUL-2025","PROSTARM","Prostarm Info Systems Ltd","HRTI PRIVATE LIMITED","BUY","10,44,593","205.55","-"
"10-JUL-2025","PROSTARM","Prostarm Info Systems Ltd","HRTI PRIVATE LIMITED","SELL","11,24,629","206.02","-"
"10-JUL-2025","PROSTARM","Prostarm Info Systems Ltd","IRAGE BROKING SERVICES LLP","BUY","2,36,345","207.94","-"
"10-JUL-2025","PROSTARM","Prostarm Info Systems Ltd","IRAGE BROKING SERVICES LLP","SELL","4,36,307","207.54","-"
"10-JUL-2025","PROSTARM","Prostarm Info Systems Ltd","MATHISYS ADVISORS LLP","BUY","8,86,470","206.88","-"
"10-JUL-2025","PROSTARM","Prostarm Info Systems Ltd","MATHISYS ADVISORS LLP","SELL","9,10,518","206.26","-"
"10-JUL-2025","PROSTARM","Prostarm Info Systems Ltd","MUSIGMA SECURITIES","BUY","4,19,373","208.47","-"
"10-JUL-2025","PROSTARM","Prostarm Info Systems Ltd","MUSIGMA SECURITIES","SELL","4,21,281","208.54","-"
"10-JUL-2025","PROSTARM","Prostarm Info Systems Ltd","NEO APEX VENTURE LLP","BUY","2,00,000","216.07","-"
"10-JUL-2025","PROSTARM","Prostarm Info Systems Ltd","NEO APEX VENTURE LLP","SELL","3,00,000","213.16","-"
"10-JUL-2025","PROSTARM","Prostarm Info Systems Ltd","NK SECURITIES RESEARCH PRIVATE LIMITED","SELL","7,81,999","208.65","-"
"10-JUL-2025","PROSTARM","Prostarm Info Systems Ltd","NK SECURITIES RESEARCH PRIVATE LIMITED","BUY","7,81,999","208.50","-"
"10-JUL-2025","PROSTARM","Prostarm Info Systems Ltd","QE SECURITIES LLP","BUY","3,07,170","211.59","-"
"10-JUL-2025","PROSTARM","Prostarm Info Systems Ltd","QE SECURITIES LLP","SELL","3,17,389","207.86","-"
"10-JUL-2025","PROSTARM","Prostarm Info Systems Ltd","SHARE INDIA SECURITIES LIMITED","SELL","3,75,408","211.49","-"
"10-JUL-2025","PROSTARM","Prostarm Info Systems Ltd","SHARE INDIA SECURITIES LIMITED","BUY","3,76,908","211.38","-"
"10-JUL-2025","PROSTARM","Prostarm Info Systems Ltd","YUGA STOCKS AND COMMODITIES PRIVATE LIMITED","SELL","11,00,047","213.45","-"
"10-JUL-2025","PROSTARM","Prostarm Info Systems Ltd","YUGA STOCKS AND COMMODITIES PRIVATE LIMITED","BUY","11,00,047","211.44","-"
"10-JUL-2025","PUSHPA","Pushpa Jewellers Limited","ARUN SABOO","BUY","1,97,000","134.86","-"
"10-JUL-2025","PUSHPA","Pushpa Jewellers Limited","NEO APEX VENTURE LLP","SELL","3,46,000","135.08","-"
"10-JUL-2025","QPOWER","Quality Power Elec Equp L","GRAVITON RESEARCH CAPITAL LLP","SELL","4,18,842","780.81","-"
"10-JUL-2025","QPOWER","Quality Power Elec Equp L","GRAVITON RESEARCH CAPITAL LLP","BUY","4,19,408","779.77","-"
"10-JUL-2025","SACHEEROME","Sacheerome Limited","DEVI TRADERS LLP","SELL","1,10,400","175.65","-"
"10-JUL-2025","SACHEEROME","Sacheerome Limited","DEVI TRADERS LLP","BUY","1,15,200","175.24","-"
"10-JUL-2025","SACHEEROME","Sacheerome Limited","ISHAAN TRADEFIN LLP","SELL","75,600","182.35","-"
"10-JUL-2025","SACHEEROME","Sacheerome Limited","ISHAAN TRADEFIN LLP","BUY","1,21,200","183.93","-"
"10-JUL-2025","SADHNANIQ","Sadhana Nitrochem Limited","BASUKINATH FINCOM PRIVATE LIMITED","SELL","1,70,00,000","5.92","-"
"10-JUL-2025","SADHNANIQ","Sadhana Nitrochem Limited","ISHAAN TRADEFIN LLP","SELL","2,00,000","5.89","-"
"10-JUL-2025","SADHNANIQ","Sadhana Nitrochem Limited","ISHAAN TRADEFIN LLP","BUY","46,95,633","5.92","-"
"10-JUL-2025","SADHNANIQ","Sadhana Nitrochem Limited","KLJ PLASTICIZERS LIMITED","SELL","20,00,000","5.90","-"
"10-JUL-2025","SADHNANIQ","Sadhana Nitrochem Limited","MANSI SHARE AND STOCK BROKING PRIVATE LIMITED","BUY","25,00,020","5.89","-"
"10-JUL-2025","SADHNANIQ","Sadhana Nitrochem Limited","NEO APEX VENTURE LLP","BUY","65,00,000","5.89","-"
"10-JUL-2025","SADHNANIQ","Sadhana Nitrochem Limited","SIDHPUR COMMODITIES PRIVATE LIMITED","SELL","77,65,063","6.10","-"
"10-JUL-2025","SAMBHV","Sambhv Steel Tubes Ltd","AAKRAYA RESEARCH LLP","SELL","27,17,550","124.87","-"
"10-JUL-2025","SAMBHV","Sambhv Steel Tubes Ltd","AAKRAYA RESEARCH LLP","BUY","27,17,550","124.79","-"
"10-JUL-2025","SAMBHV","Sambhv Steel Tubes Ltd","GRAVITON RESEARCH CAPITAL LLP","BUY","25,33,881","124.38","-"
"10-JUL-2025","SAMBHV","Sambhv Steel Tubes Ltd","GRAVITON RESEARCH CAPITAL LLP","SELL","25,33,881","124.49","-"
"10-JUL-2025","SAMBHV","Sambhv Steel Tubes Ltd","MATHISYS ADVISORS LLP","BUY","16,15,575","124.65","-"
"10-JUL-2025","SAMBHV","Sambhv Steel Tubes Ltd","MATHISYS ADVISORS LLP","SELL","16,38,021","124.46","-"
"10-JUL-2025","SAMBHV","Sambhv Steel Tubes Ltd","QE SECURITIES LLP","BUY","18,39,144","124.75","-"
"10-JUL-2025","SAMBHV","Sambhv Steel Tubes Ltd","QE SECURITIES LLP","SELL","20,27,438","123.09","-"
"10-JUL-2025","SCODATUBES","Scoda Tubes Limited","HRTI PRIVATE LIMITED","SELL","2,50,722","212.55","-"
"10-JUL-2025","SCODATUBES","Scoda Tubes Limited","HRTI PRIVATE LIMITED","BUY","3,15,674","209.63","-"
"10-JUL-2025","SCODATUBES","Scoda Tubes Limited","SARAVANA SECURITIES  D.SATHYAMOORTHI","SELL","6,00,000","206.69","-"
"10-JUL-2025","VIRINCHI","Virinchi Limited","GREEN FIELD MEADOWS INFRA PRIVATE LIMITED","BUY","5,88,001","28.57","-"
"10-JUL-2025","WENDT","Wendt (India) Ltd.","HRTI PRIVATE LIMITED","SELL","9,338","10,289.34","-"
"10-JUL-2025","WENDT","Wendt (India) Ltd.","HRTI PRIVATE LIMITED","BUY","11,028","10,341.50","-"
"10-JUL-2025","WHITEFORCE","Happy Square Outsourc S L","MANSI SHARE AND STOCK BROKING PRIVATE LIMITED","BUY","72,000","80.85","-"
"10-JUL-2025","WHITEFORCE","Happy Square Outsourc S L","NEO APEX VENTURE LLP","BUY","1,60,000","80.85","-"
"10-JUL-2025","WHITEFORCE","Happy Square Outsourc S L","RAGHAV KAROL HUF","BUY","78,400","78.28","-"
"10-JUL-2025","WHITEFORCE","Happy Square Outsourc S L","SACHIN BHUWALKA (HUF)","BUY","64,000","77.05","-"
"10-JUL-2025","WHITEFORCE","Happy Square Outsourc S L","VIKASA INDIA EIF I FUND-INCUBE GLOBAL OPPORTUNITIES","BUY","1,28,000","77.00","-"