﻿"Date ","Symbol ","Security Name ","Client Name ","Buy / Sell ","Quantity Traded ","Trade Price / Wght. Avg. Price ","Remarks "
"25-AUG-2025","ACE","Action Construction Equip","GRAVITON RESEARCH CAPITAL LLP","BUY","6,67,598","1,072.75","-"
"25-AUG-2025","ACE","Action Construction Equip","GRAVITON RESEARCH CAPITAL LLP","SELL","6,67,598","1,073.56","-"
"25-AUG-2025","AFFORDABLE","Afford Robo & Auto Ltd","URVI HEMAL SHAH","SELL","63,355","359.02","-"
"25-AUG-2025","ALLTIME","All Time Plastics Limited","GRAVITON RESEARCH CAPITAL LLP","BUY","3,41,965","328.51","-"
"25-AUG-2025","ALLTIME","All Time Plastics Limited","GRAVITON RESEARCH CAPITAL LLP","SELL","3,41,965","328.68","-"
"25-AUG-2025","AMCL","ANB Metal Cast Limited","ASCENT WEALTH","SELL","1,24,800","165.00","-"
"25-AUG-2025","AMCL","ANB Metal Cast Limited","ASHO INVESTMENT AND ADVISORY PRIVATE LIMITED .","SELL","64,800","166.50","-"
"25-AUG-2025","AMCL","ANB Metal Cast Limited","AVNISHKUMAR DHIRAJLAL GAJERA","BUY","3,96,800","164.95","-"
"25-AUG-2025","AMCL","ANB Metal Cast Limited","DHIRAJLAL NAGJIBHAI GAJERA","BUY","1,82,400","166.10","-"
"25-AUG-2025","APOLLO","Apollo Micro Systems Ltd","GRAVITON RESEARCH CAPITAL LLP","SELL","46,65,954","241.86","-"
"25-AUG-2025","APOLLO","Apollo Micro Systems Ltd","GRAVITON RESEARCH CAPITAL LLP","BUY","46,65,954","241.78","-"
"25-AUG-2025","APOLLO","Apollo Micro Systems Ltd","HRTI PRIVATE LIMITED","SELL","16,14,960","242.27","-"
"25-AUG-2025","APOLLO","Apollo Micro Systems Ltd","HRTI PRIVATE LIMITED","BUY","20,18,908","242.31","-"
"25-AUG-2025","APOLLO","Apollo Micro Systems Ltd","JUNOMONETA FINSOL PRIVATE LIMITED","BUY","26,74,390","242.03","-"
"25-AUG-2025","APOLLO","Apollo Micro Systems Ltd","JUNOMONETA FINSOL PRIVATE LIMITED","SELL","26,74,390","242.14","-"
"25-AUG-2025","APOLLO","Apollo Micro Systems Ltd","QE SECURITIES LLP","BUY","19,38,529","241.40","-"
"25-AUG-2025","APOLLO","Apollo Micro Systems Ltd","QE SECURITIES LLP","SELL","19,83,974","241.64","-"
"25-AUG-2025","CAPINVIT","Capital Infra Trust","CIM INVESTMENT FUND ICAV","BUY","29,20,000","79.45","-"
"25-AUG-2025","CONNPLEX","Connplex Cinemas Limited","MANSI SHARE AND STOCK BROKING PRIVATE LIMITED","SELL","1,00,000","189.02","-"
"25-AUG-2025","CONNPLEX","Connplex Cinemas Limited","SETU SECURITIES PRIVATE LIMITED","BUY","1,00,000","189.14","-"
"25-AUG-2025","FLYSBS","FlySBS Aviation Limited","ISHAAN TRADEFIN LLP","SELL","87,000","662.58","-"
"25-AUG-2025","FLYSBS","FlySBS Aviation Limited","ISHAAN TRADEFIN LLP","BUY","88,200","673.16","-"
"25-AUG-2025","FLYSBS","FlySBS Aviation Limited","MANSI SHARE AND STOCK BROKING PRIVATE LIMITED","SELL","95,400","639.94","-"
"25-AUG-2025","FLYSBS","FlySBS Aviation Limited","RITU BAPNA","BUY","3,69,600","654.09","-"
"25-AUG-2025","FLYSBS","FlySBS Aviation Limited","YUGA STOCKS AND COMMODITIES PRIVATE LIMITED","BUY","43,800","658.13","-"
"25-AUG-2025","FLYSBS","FlySBS Aviation Limited","YUGA STOCKS AND COMMODITIES PRIVATE LIMITED","SELL","1,03,800","646.84","-"
"25-AUG-2025","GRMOVER","GRM Overseas Limited","PASHUPATI CAPITA SER PVT LTD","BUY","1,17,038","376.60","-"
"25-AUG-2025","GRMOVER","GRM Overseas Limited","PASHUPATI CAPITA SER PVT LTD","SELL","3,30,273","374.49","-"
"25-AUG-2025","IZMO","IZMO Limited","D3 STOCK VISION LLP","BUY","1,40,699","643.56","-"
"25-AUG-2025","IZMO","IZMO Limited","D3 STOCK VISION LLP","SELL","1,40,749","637.28","-"
"25-AUG-2025","IZMO","IZMO Limited","NEO APEX SHARE BROKING SERVICES LLP","BUY","92,797","641.79","-"
"25-AUG-2025","IZMO","IZMO Limited","NEO APEX SHARE BROKING SERVICES LLP","SELL","1,02,797","644.37","-"
"25-AUG-2025","IZMO","IZMO Limited","NEO APEX VENTURE LLP","BUY","94,748","641.59","-"
"25-AUG-2025","IZMO","IZMO Limited","NEO APEX VENTURE LLP","SELL","1,24,748","636.17","-"
"25-AUG-2025","IZMO","IZMO Limited","SHARE INDIA SECURITIES LIMITED","BUY","2,51,910","636.62","-"
"25-AUG-2025","IZMO","IZMO Limited","SHARE INDIA SECURITIES LIMITED","SELL","2,52,322","630.72","-"
"25-AUG-2025","JKPAPER","JK Paper Limited","GRAVITON RESEARCH CAPITAL LLP","SELL","13,69,348","400.05","-"
"25-AUG-2025","JKPAPER","JK Paper Limited","GRAVITON RESEARCH CAPITAL LLP","BUY","13,69,348","399.67","-"
"25-AUG-2025","KROSS","Kross Limited","ALPHAGREP SECURITIES PRIVATE LIMITED","BUY","7,04,812","204.00","-"
"25-AUG-2025","KROSS","Kross Limited","ALPHAGREP SECURITIES PRIVATE LIMITED","SELL","7,04,812","204.12","-"
"25-AUG-2025","KROSS","Kross Limited","ELIXIR WEALTH MANAGEMENT PRIVATE LIMITED","SELL","9,81,858","205.00","-"
"25-AUG-2025","KROSS","Kross Limited","ELIXIR WEALTH MANAGEMENT PRIVATE LIMITED","BUY","9,81,858","204.68","-"
"25-AUG-2025","KROSS","Kross Limited","GRAVITON RESEARCH CAPITAL LLP","SELL","14,96,677","204.20","-"
"25-AUG-2025","KROSS","Kross Limited","GRAVITON RESEARCH CAPITAL LLP","BUY","14,96,677","203.99","-"
"25-AUG-2025","KROSS","Kross Limited","HRTI PRIVATE LIMITED","SELL","4,55,336","203.98","-"
"25-AUG-2025","KROSS","Kross Limited","HRTI PRIVATE LIMITED","BUY","5,66,949","203.67","-"
"25-AUG-2025","KROSS","Kross Limited","IRAGE BROKING SERVICES LLP","SELL","3,70,971","204.21","-"
"25-AUG-2025","KROSS","Kross Limited","IRAGE BROKING SERVICES LLP","BUY","4,93,182","204.06","-"
"25-AUG-2025","KROSS","Kross Limited","JUNOMONETA FINSOL PRIVATE LIMITED","SELL","13,27,510","203.93","-"
"25-AUG-2025","KROSS","Kross Limited","JUNOMONETA FINSOL PRIVATE LIMITED","BUY","13,27,510","203.74","-"
"25-AUG-2025","KROSS","Kross Limited","MICROCURVES TRADING PRIVATE LIMITED","SELL","4,30,913","204.27","-"
"25-AUG-2025","KROSS","Kross Limited","MICROCURVES TRADING PRIVATE LIMITED","BUY","4,30,913","204.02","-"
"25-AUG-2025","KROSS","Kross Limited","MUSIGMA SECURITIES","BUY","13,25,129","204.27","-"
"25-AUG-2025","KROSS","Kross Limited","MUSIGMA SECURITIES","SELL","13,25,129","204.37","-"
"25-AUG-2025","KROSS","Kross Limited","NK SECURITIES RESEARCH PRIVATE LIMITED","SELL","6,85,465","204.11","-"
"25-AUG-2025","KROSS","Kross Limited","NK SECURITIES RESEARCH PRIVATE LIMITED","BUY","6,85,465","204.01","-"
"25-AUG-2025","KROSS","Kross Limited","QE SECURITIES LLP","BUY","10,43,508","204.04","-"
"25-AUG-2025","KROSS","Kross Limited","QE SECURITIES LLP","SELL","10,53,459","203.96","-"
"25-AUG-2025","LLOYDSE-RE","Lloyds Enterprises Ltd","AGARWAL RAVI","SELL","1,45,10,000","28.03","-"
"25-AUG-2025","LLOYDSE-RE","Lloyds Enterprises Ltd","HALAN AJAY KUMAR MAHABIR PRASAD","BUY","20,00,000","28.50","-"
"25-AUG-2025","LLOYDSE-RE","Lloyds Enterprises Ltd","HALAN ANJU AJAYKUMAR","BUY","20,00,000","28.50","-"
"25-AUG-2025","LLOYDSE-RE","Lloyds Enterprises Ltd","HALAN ASHA OM HARI","BUY","20,00,000","27.37","-"
"25-AUG-2025","LLOYDSE-RE","Lloyds Enterprises Ltd","HALAN NARAYAN HARI MAHABIR PRASAD","BUY","20,00,000","28.50","-"
"25-AUG-2025","LLOYDSE-RE","Lloyds Enterprises Ltd","HALAN OM HARI MAHABIR PRASAD","BUY","20,00,000","28.50","-"
"25-AUG-2025","LLOYDSE-RE","Lloyds Enterprises Ltd","HALAN PAVAN KUMAR MAHABIR PRASAD","BUY","20,00,000","28.50","-"
"25-AUG-2025","LLOYDSE-RE","Lloyds Enterprises Ltd","HALAN PRAVINA PAVAN KUMAR","BUY","20,00,000","28.50","-"
"25-AUG-2025","LLOYDSE-RE","Lloyds Enterprises Ltd","HALAN SUJATA VIMALHARI","BUY","20,00,000","27.37","-"
"25-AUG-2025","LLOYDSE-RE","Lloyds Enterprises Ltd","HALAN VIMAL HARI MAHABIR PRASAD","BUY","20,00,000","28.50","-"
"25-AUG-2025","LLOYDSE-RE","Lloyds Enterprises Ltd","HARI HALAN VISHAKHA NARAYAN","BUY","20,00,000","27.37","-"
"25-AUG-2025","LLOYDSE-RE","Lloyds Enterprises Ltd","PRAGYA REALTY DEVELOPERS PRIVATE LIMITED","SELL","1,09,08,810","28.03","-"
"25-AUG-2025","LLOYDSE-RE","Lloyds Enterprises Ltd","SUNDER MARMO GRANI LLP","BUY","15,00,796","27.02","-"
"25-AUG-2025","MAGNUM","Magnum Ventures Limited","NNM SECURITIES PVT LTD","BUY","3,90,000","25.11","-"
"25-AUG-2025","MAGNUM","Magnum Ventures Limited","SHARE INDIA SECURITIES LIMITED","SELL","3,79,766","25.11","-"
"25-AUG-2025","MALUPAPER","Malu Paper Mills Limited","ANKITA VISHAL SHAH","SELL","92,173","45.47","-"
"25-AUG-2025","MALUPAPER","Malu Paper Mills Limited","ANKITA VISHAL SHAH","BUY","92,173","43.35","-"
"25-AUG-2025","MBEL","M and B Engineering Ltd","GRAVITON RESEARCH CAPITAL LLP","SELL","3,60,013","472.50","-"
"25-AUG-2025","MBEL","M and B Engineering Ltd","GRAVITON RESEARCH CAPITAL LLP","BUY","3,60,013","472.57","-"
"25-AUG-2025","NAZARA","Nazara Technologies Ltd","GRAVITON RESEARCH CAPITAL LLP","SELL","9,25,009","1,073.14","-"
"25-AUG-2025","NAZARA","Nazara Technologies Ltd","GRAVITON RESEARCH CAPITAL LLP","BUY","9,25,981","1,073.10","-"
"25-AUG-2025","NAZARA","Nazara Technologies Ltd","HRTI PRIVATE LIMITED","SELL","7,62,464","1,076.56","-"
"25-AUG-2025","NAZARA","Nazara Technologies Ltd","HRTI PRIVATE LIMITED","BUY","7,71,360","1,077.02","-"
"25-AUG-2025","NEWGEN","Newgen Software Tech Ltd","GRAVITON RESEARCH CAPITAL LLP","BUY","8,17,542","923.57","-"
"25-AUG-2025","NEWGEN","Newgen Software Tech Ltd","GRAVITON RESEARCH CAPITAL LLP","SELL","8,17,542","924.14","-"
"25-AUG-2025","NGIL","Nakoda Group of Ind. Ltd","L7 HITECH PRIVATE LIMITED","BUY","1,34,022","32.49","-"
"25-AUG-2025","NGIL","Nakoda Group of Ind. Ltd","L7 HITECH PRIVATE LIMITED","SELL","1,44,791","29.75","-"
"25-AUG-2025","NGIL","Nakoda Group of Ind. Ltd","MNM STOCK BROKING PVT LTD","BUY","2,13,769","30.58","-"
"25-AUG-2025","NGIL","Nakoda Group of Ind. Ltd","MNM STOCK BROKING PVT LTD","SELL","2,42,876","32.14","-"
"25-AUG-2025","OLAELEC","Ola Electric Mobility Ltd","HRTI PRIVATE LIMITED","BUY","2,18,80,907","48.34","-"
"25-AUG-2025","OLAELEC","Ola Electric Mobility Ltd","HRTI PRIVATE LIMITED","SELL","2,57,05,924","48.30","-"
"25-AUG-2025","ORIENTLTD","Orient Press Limited","IRAGE BROKING SERVICES LLP","SELL","12,153","93.25","-"
"25-AUG-2025","ORIENTLTD","Orient Press Limited","IRAGE BROKING SERVICES LLP","BUY","71,809","92.80","-"
"25-AUG-2025","ORIENTLTD","Orient Press Limited","ORION STOCKS LTD","BUY","35,968","93.39","-"
"25-AUG-2025","ORIENTLTD","Orient Press Limited","ORION STOCKS LTD","SELL","1,00,962","93.10","-"
"25-AUG-2025","PARTH","Parth Elec & Eng Ltd","ISHAAN TRADEFIN LLP","SELL","1,51,200","267.28","-"
"25-AUG-2025","ROHLTD","Royal Orchid Hotels Limit","ELIXIR WEALTH MANAGEMENT PRIVATE LIMITED","BUY","1,60,155","493.05","-"
"25-AUG-2025","ROHLTD","Royal Orchid Hotels Limit","ELIXIR WEALTH MANAGEMENT PRIVATE LIMITED","SELL","1,67,439","486.81","-"
"25-AUG-2025","ROHLTD","Royal Orchid Hotels Limit","JUNOMONETA FINSOL PRIVATE LIMITED","SELL","1,83,396","492.83","-"
"25-AUG-2025","ROHLTD","Royal Orchid Hotels Limit","JUNOMONETA FINSOL PRIVATE LIMITED","BUY","1,83,396","492.58","-"
"25-AUG-2025","RSYSTEMS","R Systems International L","GRAVITON RESEARCH CAPITAL LLP","SELL","7,65,134","476.23","-"
"25-AUG-2025","RSYSTEMS","R Systems International L","GRAVITON RESEARCH CAPITAL LLP","BUY","7,65,134","475.87","-"
"25-AUG-2025","SABAR","Sabar Flex India Limited","SAMBHAV DAWAR","BUY","90,000","5.42","-"
"25-AUG-2025","SADHNANIQ","Sadhana Nitrochem Limited","NEO APEX VENTURE LLP","SELL","24,00,000","7.26","-"
"25-AUG-2025","SHANTI","Shanti Overseas (Ind) Ltd","AYUSH  KACHOLIA","SELL","1,25,723","10.11","-"
"25-AUG-2025","SHANTI","Shanti Overseas (Ind) Ltd","HEMAL ARUNBHAI MEHTA","BUY","80,200","10.10","-"
"25-AUG-2025","TEMBO","Tembo Global Ind Ltd","YUGA STOCKS AND COMMODITIES PRIVATE LIMITED","BUY","1,07,770","620.82","-"
"25-AUG-2025","TEMBO","Tembo Global Ind Ltd","YUGA STOCKS AND COMMODITIES PRIVATE LIMITED","SELL","1,07,770","620.85","-"
"25-AUG-2025","TGBHOTELS","Bhagwati Banquets And Hot","TEJESH HASMUKH SHAH","SELL","2,09,522","11.89","-"
"25-AUG-2025","TNPL","Tamil Nadu Newsprint","LIFE INSURANCE CORPORATION OF INDIA","SELL","4,00,000","171.00","-"
"25-AUG-2025","UNIVASTU","Univastu India Limited","VARUN KRISHNAVTAR KABRA","SELL","94,873","276.90","-"
"25-AUG-2025","UNIVASTU","Univastu India Limited","VARUN KRISHNAVTAR KABRA","BUY","94,877","277.61","-"