﻿"Date ","Symbol ","Security Name ","Client Name ","Buy / Sell ","Quantity Traded ","Trade Price / Wght. Avg. Price ","Remarks "
"30-JUL-2025","AKIKO","Akiko Global Services L","MANISH GROVER","SELL","70,400","115.51","-"
"30-JUL-2025","AKIKO","Akiko Global Services L","SANDEEP SINGH","BUY","84,800","117.15","-"
"30-JUL-2025","ARIHANTACA","Arihant Academy Limited","ANOKHILAL KATARIA","BUY","64,000","275.00","-"
"30-JUL-2025","ASHOKAMET","Ashoka Metcast Limited","IRAGE BROKING SERVICES LLP","BUY","93,422","18.62","-"
"30-JUL-2025","ASHOKAMET","Ashoka Metcast Limited","IRAGE BROKING SERVICES LLP","SELL","2,22,812","18.80","-"
"30-JUL-2025","ASHOKAMET","Ashoka Metcast Limited","RIMPY MITTAL","SELL","3,23,967","18.90","-"
"30-JUL-2025","ASHOKAMET","Ashoka Metcast Limited","RIMPY MITTAL","BUY","4,36,978","18.79","-"
"30-JUL-2025","AWFIS","Awfis Space Solutions Ltd","VBAP HOLDINGS PRIVATE LIMITED","SELL","7,60,000","595.13","-"
"30-JUL-2025","BLISSGVS","Bliss GVS Pharma Ltd","MUSIGMA SECURITIES","SELL","7,77,212","181.02","-"
"30-JUL-2025","BLISSGVS","Bliss GVS Pharma Ltd","MUSIGMA SECURITIES","BUY","7,77,212","180.91","-"
"30-JUL-2025","COMSYN","Commercial Syn Bags Ltd","TRADE CORNER","BUY","5,767","138.14","-"
"30-JUL-2025","COMSYN","Commercial Syn Bags Ltd","TRADE CORNER","SELL","3,62,521","137.49","-"
"30-JUL-2025","CREATIVE","Creative Newtech Limited","NECTA BLOOM VCC - NECTA BLOOM ONE","SELL","1,03,851","644.70","-"
"30-JUL-2025","CREATIVE","Creative Newtech Limited","SETU SECURITIES PRIVATE LIMITED","BUY","1,03,901","644.70","-"
"30-JUL-2025","DECCANTRAN","Deccan Transcon Leasing L","GIRIJADHAVA VYAPAAR PRIVATE LIMITED","SELL","1,20,000","30.65","-"
"30-JUL-2025","EBGNG","GNG Electronics Limited","AAKRAYA RESEARCH LLP","BUY","12,21,489","336.43","-"
"30-JUL-2025","EBGNG","GNG Electronics Limited","AAKRAYA RESEARCH LLP","SELL","12,21,489","336.61","-"
"30-JUL-2025","EBGNG","GNG Electronics Limited","GRAVITON RESEARCH CAPITAL LLP","SELL","6,54,799","337.28","-"
"30-JUL-2025","EBGNG","GNG Electronics Limited","GRAVITON RESEARCH CAPITAL LLP","BUY","6,54,799","337.10","-"
"30-JUL-2025","EBGNG","GNG Electronics Limited","NK SECURITIES RESEARCH PRIVATE LIMITED","SELL","9,42,509","336.52","-"
"30-JUL-2025","EBGNG","GNG Electronics Limited","NK SECURITIES RESEARCH PRIVATE LIMITED","BUY","9,42,509","336.34","-"
"30-JUL-2025","GARUDA","Garuda Construct N Eng L","HRTI PRIVATE LIMITED","BUY","7,70,685","197.28","-"
"30-JUL-2025","GARUDA","Garuda Construct N Eng L","HRTI PRIVATE LIMITED","SELL","8,48,650","197.13","-"
"30-JUL-2025","GATECH","GACM Technologies Limited","MANDAKINIBEN PRADYUMANBHAI PATEL","SELL","2,77,70,296","0.52","-"
"30-JUL-2025","GATEWAY","Gateway Distriparks Ltd","GRAVITON RESEARCH CAPITAL LLP","SELL","40,87,543","73.79","-"
"30-JUL-2025","GATEWAY","Gateway Distriparks Ltd","GRAVITON RESEARCH CAPITAL LLP","BUY","40,87,543","73.75","-"
"30-JUL-2025","GILLANDERS","Gillanders Arbuthnot Ltd","JATESH JAIN","SELL","1,61,165","147.00","-"
"30-JUL-2025","GILLANDERS","Gillanders Arbuthnot Ltd","JATESH JAIN","BUY","1,66,165","147.85","-"
"30-JUL-2025","HIRECT","Hind Rectifiers Limited","GRAVITON RESEARCH CAPITAL LLP","BUY","3,51,314","1,898.88","-"
"30-JUL-2025","HIRECT","Hind Rectifiers Limited","GRAVITON RESEARCH CAPITAL LLP","SELL","3,51,314","1,900.37","-"
"30-JUL-2025","HIRECT","Hind Rectifiers Limited","QE SECURITIES LLP","BUY","1,10,242","1,896.85","-"
"30-JUL-2025","HIRECT","Hind Rectifiers Limited","QE SECURITIES LLP","SELL","1,11,254","1,902.07","-"
"30-JUL-2025","IOLCP","IOL Chem and Pharma Ltd","GRAVITON RESEARCH CAPITAL LLP","SELL","16,14,883","102.52","-"
"30-JUL-2025","IOLCP","IOL Chem and Pharma Ltd","GRAVITON RESEARCH CAPITAL LLP","BUY","16,14,883","102.48","-"
"30-JUL-2025","JAYNECOIND","Jayaswal Neco Industr Ltd","AAKRAYA RESEARCH LLP","BUY","49,77,990","52.33","-"
"30-JUL-2025","JAYNECOIND","Jayaswal Neco Industr Ltd","AAKRAYA RESEARCH LLP","SELL","49,77,990","52.36","-"
"30-JUL-2025","JAYNECOIND","Jayaswal Neco Industr Ltd","GRAVITON RESEARCH CAPITAL LLP","SELL","1,67,38,664","52.25","-"
"30-JUL-2025","JAYNECOIND","Jayaswal Neco Industr Ltd","GRAVITON RESEARCH CAPITAL LLP","BUY","1,67,50,338","52.21","-"
"30-JUL-2025","JAYNECOIND","Jayaswal Neco Industr Ltd","HRTI PRIVATE LIMITED","SELL","1,06,72,219","52.24","-"
"30-JUL-2025","JAYNECOIND","Jayaswal Neco Industr Ltd","HRTI PRIVATE LIMITED","BUY","1,10,85,593","52.09","-"
"30-JUL-2025","JAYNECOIND","Jayaswal Neco Industr Ltd","MATHISYS ADVISORS LLP","BUY","63,07,415","52.13","-"
"30-JUL-2025","JAYNECOIND","Jayaswal Neco Industr Ltd","MATHISYS ADVISORS LLP","SELL","64,13,459","52.23","-"
"30-JUL-2025","JAYNECOIND","Jayaswal Neco Industr Ltd","QE SECURITIES LLP","SELL","82,25,045","52.22","-"
"30-JUL-2025","JAYNECOIND","Jayaswal Neco Industr Ltd","QE SECURITIES LLP","BUY","83,52,258","52.20","-"
"30-JUL-2025","MAMATA","Mamata Machinery Limited","GRAVITON RESEARCH CAPITAL LLP","BUY","1,25,934","529.14","-"
"30-JUL-2025","MAMATA","Mamata Machinery Limited","GRAVITON RESEARCH CAPITAL LLP","SELL","1,25,934","529.48","-"
"30-JUL-2025","MAMATA","Mamata Machinery Limited","HRTI PRIVATE LIMITED","BUY","2,04,312","528.48","-"
"30-JUL-2025","MAMATA","Mamata Machinery Limited","HRTI PRIVATE LIMITED","SELL","2,32,337","529.26","-"
"30-JUL-2025","MAMATA","Mamata Machinery Limited","MATHISYS ADVISORS LLP","SELL","1,28,010","529.17","-"
"30-JUL-2025","MAMATA","Mamata Machinery Limited","MATHISYS ADVISORS LLP","BUY","1,29,383","528.58","-"
"30-JUL-2025","MAMATA","Mamata Machinery Limited","QE SECURITIES LLP","BUY","1,35,957","529.04","-"
"30-JUL-2025","MAMATA","Mamata Machinery Limited","QE SECURITIES LLP","SELL","1,38,722","530.78","-"
"30-JUL-2025","MMEL","Moving Media Enter Ltd","VINEY EQUITY MARKET LLP","BUY","2,50,000","79.49","-"
"30-JUL-2025","NIKITA","Nikita Papers Limited","FAST TRACK FINSEC PRIVATE LIMITED","SELL","4,00,800","80.00","-"
"30-JUL-2025","NIKITA","Nikita Papers Limited","YASH HITESH PATEL","BUY","4,00,800","80.00","-"
"30-JUL-2025","OMAXAUTO","Omax Autos Limited","AAKRAYA RESEARCH LLP","BUY","1,84,432","145.64","-"
"30-JUL-2025","OMAXAUTO","Omax Autos Limited","AAKRAYA RESEARCH LLP","SELL","1,86,229","145.96","-"
"30-JUL-2025","OMAXAUTO","Omax Autos Limited","IRAGE BROKING SERVICES LLP","SELL","1,02,920","146.85","-"
"30-JUL-2025","OMAXAUTO","Omax Autos Limited","IRAGE BROKING SERVICES LLP","BUY","1,11,675","146.69","-"
"30-JUL-2025","OMAXAUTO","Omax Autos Limited","NK SECURITIES RESEARCH PRIVATE LIMITED","BUY","1,31,540","147.00","-"
"30-JUL-2025","OMAXAUTO","Omax Autos Limited","NK SECURITIES RESEARCH PRIVATE LIMITED","SELL","1,32,052","147.09","-"
"30-JUL-2025","OMAXAUTO","Omax Autos Limited","QE SECURITIES LLP","SELL","2,80,851","144.40","-"
"30-JUL-2025","OMAXAUTO","Omax Autos Limited","QE SECURITIES LLP","BUY","2,83,111","145.03","-"
"30-JUL-2025","PEARLPOLY","Pearl Polymers Ltd","AVIRAT ENTERPRISE","SELL","2,84,000","36.94","-"
"30-JUL-2025","PEARLPOLY","Pearl Polymers Ltd","SAROJDEVI S KABRA","BUY","1,39,892","37.78","-"
"30-JUL-2025","PEARLPOLY","Pearl Polymers Ltd","SAROJDEVI S KABRA","SELL","1,39,892","37.86","-"
"30-JUL-2025","PROSTARM","Prostarm Info Systems Ltd","HRTI PRIVATE LIMITED","SELL","3,08,731","244.29","-"
"30-JUL-2025","PROSTARM","Prostarm Info Systems Ltd","HRTI PRIVATE LIMITED","BUY","3,40,610","242.43","-"
"30-JUL-2025","PUNJABCHEM","Punj Chem & Crop Prot Ltd","GRAVITON RESEARCH CAPITAL LLP","SELL","95,508","1,594.51","-"
"30-JUL-2025","PUNJABCHEM","Punj Chem & Crop Prot Ltd","GRAVITON RESEARCH CAPITAL LLP","BUY","95,508","1,594.58","-"
"30-JUL-2025","RADHIKAJWE","Radhika Jeweltech Limited","HRTI PRIVATE LIMITED","BUY","5,81,743","107.25","-"
"30-JUL-2025","RADHIKAJWE","Radhika Jeweltech Limited","HRTI PRIVATE LIMITED","SELL","6,33,607","108.07","-"
"30-JUL-2025","SAMAY","Samay Project Services L","MONPARA VISHAL TALSIBHAI","BUY","1,00,000","34.86","-"
"30-JUL-2025","SAMAY","Samay Project Services L","RAJASTHAN GLOBAL SECURITIES PVT LTD","SELL","80,000","34.85","-"
"30-JUL-2025","SAVY","Savy Infra and Logi Ltd","NEO APEX VENTURE LLP","SELL","1,20,000","135.25","-"
"30-JUL-2025","SAVY","Savy Infra and Logi Ltd","PURE BROKING PVT LTD","BUY","1,26,000","134.55","-"
"30-JUL-2025","TRU","TruCap Finance Limited","J V COMMODITY PRIVATE LIMITED","SELL","7,10,000","14.39","-"
"30-JUL-2025","TRU","TruCap Finance Limited","RUSHABH CHANDRAKANT SHETH","BUY","13,05,922","14.27","-"
"30-JUL-2025","TSC","TSC India Limited","KESHAV SONKHIYA","BUY","84,000","70.93","-"
"30-JUL-2025","TSC","TSC India Limited","KIFS  ENTERPRISE","BUY","1,30,000","68.06","-"
"30-JUL-2025","UPLPP1","UPL Limited","MARWADI SHARES AND FINANCE LTD.","SELL","4,82,964","531.66","-"
"30-JUL-2025","UPLPP1","UPL Limited","MARWADI SHARES AND FINANCE LTD.","BUY","5,50,000","531.66","-"
"30-JUL-2025","UPLPP1","UPL Limited","MORGAN STANLEY ASIA SINGAPORE PTE","BUY","10,27,090","532.36","-"
"30-JUL-2025","UPLPP1","UPL Limited","NECTA BLOOM VCC - REGAL FUND","SELL","5,50,000","531.66","-"
"30-JUL-2025","VALIANT-RE","Valiant Laboratories Ltd","JALIYAN COMMODITY","SELL","69,199","13.72","-"
"30-JUL-2025","VALIANT-RE","Valiant Laboratories Ltd","JITENDRA RASIKLAL SANGHAVI","BUY","84,222","10.95","-"
"30-JUL-2025","VALIANT-RE","Valiant Laboratories Ltd","MONEY LOGIX  SECURITIES PVT LTD","SELL","1,35,822","11.10","-"
"30-JUL-2025","VCL","Vaxtex Cotfab Limited","JAYDEEP CHANDUBHAI KOTWANI","BUY","17,50,000","1.21","-"
"30-JUL-2025","VCL","Vaxtex Cotfab Limited","SMITAL SURESH THAKKAR","BUY","16,55,719","1.21","-"
"30-JUL-2025","VCL","Vaxtex Cotfab Limited","VAXFAB ENTERPRISES LIMITED","SELL","60,00,000","1.21","-"
"30-JUL-2025","VILINBIO","Vilin Bio Med Limited","KASHINATH SAHU","SELL","76,000","26.25","-"
"30-JUL-2025","VIMTALABS","Vimta Labs Limited","AAKRAYA RESEARCH LLP","SELL","4,99,722","678.02","-"
"30-JUL-2025","VIMTALABS","Vimta Labs Limited","AAKRAYA RESEARCH LLP","BUY","4,99,722","677.63","-"
"30-JUL-2025","VIMTALABS","Vimta Labs Limited","HRTI PRIVATE LIMITED","SELL","6,42,699","680.40","-"
"30-JUL-2025","VIMTALABS","Vimta Labs Limited","HRTI PRIVATE LIMITED","BUY","6,48,678","677.08","-"
"30-JUL-2025","VIMTALABS","Vimta Labs Limited","JUNOMONETA FINSOL PRIVATE LIMITED","BUY","2,77,192","676.76","-"
"30-JUL-2025","VIMTALABS","Vimta Labs Limited","JUNOMONETA FINSOL PRIVATE LIMITED","SELL","2,77,192","677.08","-"
"30-JUL-2025","VIMTALABS","Vimta Labs Limited","QE SECURITIES LLP","SELL","2,89,328","679.24","-"
"30-JUL-2025","VIMTALABS","Vimta Labs Limited","QE SECURITIES LLP","BUY","2,89,738","677.65","-"
"30-JUL-2025","VISHNU","Vishnu Chemicals Limited","GRAVITON RESEARCH CAPITAL LLP","SELL","6,36,322","572.42","-"
"30-JUL-2025","VISHNU","Vishnu Chemicals Limited","GRAVITON RESEARCH CAPITAL LLP","BUY","6,36,322","572.03","-"
"30-JUL-2025","ZUARI","Zuari Agro Chemicals Ltd","AAKRAYA RESEARCH LLP","BUY","4,40,052","279.92","-"
"30-JUL-2025","ZUARI","Zuari Agro Chemicals Ltd","AAKRAYA RESEARCH LLP","SELL","4,40,052","280.08","-"
"30-JUL-2025","ZUARI","Zuari Agro Chemicals Ltd","ASHISHSINGHSHEKHAWAT","SELL","2,23,098","279.35","-"
"30-JUL-2025","ZUARI","Zuari Agro Chemicals Ltd","ASHISHSINGHSHEKHAWAT","BUY","2,23,098","279.29","-"
"30-JUL-2025","ZUARI","Zuari Agro Chemicals Ltd","GRAVITON RESEARCH CAPITAL LLP","SELL","10,29,428","276.35","-"
"30-JUL-2025","ZUARI","Zuari Agro Chemicals Ltd","GRAVITON RESEARCH CAPITAL LLP","BUY","10,29,428","276.02","-"
"30-JUL-2025","ZUARI","Zuari Agro Chemicals Ltd","HRTI PRIVATE LIMITED","BUY","2,52,148","277.14","-"
"30-JUL-2025","ZUARI","Zuari Agro Chemicals Ltd","HRTI PRIVATE LIMITED","SELL","2,67,056","277.54","-"
"30-JUL-2025","ZUARI","Zuari Agro Chemicals Ltd","MUSIGMA SECURITIES","SELL","3,80,848","285.53","-"
"30-JUL-2025","ZUARI","Zuari Agro Chemicals Ltd","MUSIGMA SECURITIES","BUY","3,80,848","285.41","-"
"30-JUL-2025","ZUARI","Zuari Agro Chemicals Ltd","NK SECURITIES RESEARCH PRIVATE LIMITED","BUY","3,14,585","278.64","-"
"30-JUL-2025","ZUARI","Zuari Agro Chemicals Ltd","NK SECURITIES RESEARCH PRIVATE LIMITED","SELL","3,14,585","278.80","-"
"30-JUL-2025","ZUARI","Zuari Agro Chemicals Ltd","QE SECURITIES LLP","BUY","6,37,515","277.23","-"
"30-JUL-2025","ZUARI","Zuari Agro Chemicals Ltd","QE SECURITIES LLP","SELL","6,43,953","277.35","-"
"30-JUL-2025","ZUARI","Zuari Agro Chemicals Ltd","SHREE NAMAN SECURITIES & FINANCE PRIVATE LIMITED","SELL","2,25,234","284.07","-"
"30-JUL-2025","ZUARI","Zuari Agro Chemicals Ltd","SHREE NAMAN SECURITIES & FINANCE PRIVATE LIMITED","BUY","2,35,334","283.76","-"