﻿"Date ","Symbol ","Security Name ","Client Name ","Buy / Sell ","Quantity Traded ","Trade Price / Wght. Avg. Price ","Remarks "
"08-JUL-2025","ANNAPURNA","Annapurna Swadisht Ltd","KANODIA STOCK BROKING PVT.LTD.","BUY","39,250","269.29","-"
"08-JUL-2025","ANNAPURNA","Annapurna Swadisht Ltd","KANODIA STOCK BROKING PVT.LTD.","SELL","1,39,250","270.00","-"
"08-JUL-2025","ANNAPURNA","Annapurna Swadisht Ltd","L7 HITECH PRIVATE LIMITED","SELL","1,54,250","270.00","-"
"08-JUL-2025","ARIHANTACA","Arihant Academy Limited","BHAVYA KATARIA","BUY","33,600","275.00","-"
"08-JUL-2025","BELRISE","Belrise Industries Ltd","GRAVITON RESEARCH CAPITAL LLP","BUY","48,03,511","109.50","-"
"08-JUL-2025","BELRISE","Belrise Industries Ltd","GRAVITON RESEARCH CAPITAL LLP","SELL","48,03,511","109.62","-"
"08-JUL-2025","BELRISE","Belrise Industries Ltd","HRTI PRIVATE LIMITED","SELL","37,20,450","109.60","-"
"08-JUL-2025","BELRISE","Belrise Industries Ltd","HRTI PRIVATE LIMITED","BUY","49,50,423","110.16","-"
"08-JUL-2025","BSE","BSE Limited","GRAVITON RESEARCH CAPITAL LLP","SELL","22,92,994","2,486.74","-"
"08-JUL-2025","BSE","BSE Limited","GRAVITON RESEARCH CAPITAL LLP","BUY","22,92,994","2,486.14","-"
"08-JUL-2025","CAPTRU-RE","Capital Trust Ltd","NAROTTAMA PADHAN","BUY","91,000","0.11","-"
"08-JUL-2025","CAPTRU-RE","Capital Trust Ltd","RAJGOR JAY AMARISHBHAI","BUY","50,000","0.11","-"
"08-JUL-2025","CAPTRU-RE","Capital Trust Ltd","SAHDEVKUMAR SHYAMDEV VAIDYA","BUY","40,000","0.11","-"
"08-JUL-2025","CAPTRU-RE","Capital Trust Ltd","SUMITRA","SELL","2,97,500","0.11","-"
"08-JUL-2025","CAPTRU-RE","Capital Trust Ltd","VENKATA MOHANA RAO MACHARLA","BUY","44,215","0.11","-"
"08-JUL-2025","CBAZAAR","Net Avenue Technologies L","INVENTUS CAPITAL PARTNERS (MAURITIUS) LIMITED","SELL","5,20,000","5.32","-"
"08-JUL-2025","CBAZAAR","Net Avenue Technologies L","N J SHARES & SECURITIES PVT.LTD.","SELL","1,44,000","5.40","-"
"08-JUL-2025","CBAZAAR","Net Avenue Technologies L","N J SHARES & SECURITIES PVT.LTD.","BUY","1,52,000","5.29","-"
"08-JUL-2025","DURLAX","Durlax Top Surface Ltd","BHAVESHKUMAR SHANTILAL JAIN","SELL","1,58,000","36.48","-"
"08-JUL-2025","EEPL","Eppeltone Engineers Ltd","KENIL JAYSUKHBHAI THATHAGAR","SELL","67,000","222.67","-"
"08-JUL-2025","GATECH","GACM Technologies Limited","VAGHANI VIRAJ","SELL","77,84,822","0.88","-"
"08-JUL-2025","GATECHDVR","GACM Technologies Limited","ANKUSH RAJKUMAR DABHANE","SELL","55,93,811","0.54","-"
"08-JUL-2025","GOKEX","Gokaldas Exports Limited","GRAVITON RESEARCH CAPITAL LLP","SELL","3,98,659","947.56","-"
"08-JUL-2025","GOKEX","Gokaldas Exports Limited","GRAVITON RESEARCH CAPITAL LLP","BUY","3,98,659","947.32","-"
"08-JUL-2025","HARIOMPIPE","Hariom Pipe Industries L","AAKRAYA RESEARCH LLP","BUY","2,69,136","472.34","-"
"08-JUL-2025","HARIOMPIPE","Hariom Pipe Industries L","AAKRAYA RESEARCH LLP","SELL","2,69,136","472.73","-"
"08-JUL-2025","HARIOMPIPE","Hariom Pipe Industries L","ABHAY MAL LODHA","BUY","2,58,000","468.24","-"
"08-JUL-2025","HARIOMPIPE","Hariom Pipe Industries L","ABHAY MAL LODHA","SELL","2,58,000","484.69","-"
"08-JUL-2025","HARIOMPIPE","Hariom Pipe Industries L","DIPAN MEHTA COMMODITIES PRIVATE LIMITED","SELL","1,79,539","477.86","-"
"08-JUL-2025","HARIOMPIPE","Hariom Pipe Industries L","DIPAN MEHTA COMMODITIES PRIVATE LIMITED","BUY","1,82,499","477.56","-"
"08-JUL-2025","HARIOMPIPE","Hariom Pipe Industries L","GRAVITON RESEARCH CAPITAL LLP","SELL","2,11,837","472.27","-"
"08-JUL-2025","HARIOMPIPE","Hariom Pipe Industries L","GRAVITON RESEARCH CAPITAL LLP","BUY","2,11,837","471.91","-"
"08-JUL-2025","HARIOMPIPE","Hariom Pipe Industries L","HRTI PRIVATE LIMITED","SELL","2,67,886","472.78","-"
"08-JUL-2025","HARIOMPIPE","Hariom Pipe Industries L","HRTI PRIVATE LIMITED","BUY","2,78,964","472.46","-"
"08-JUL-2025","HARIOMPIPE","Hariom Pipe Industries L","MICROCURVES TRADING PRIVATE LIMITED","SELL","2,83,209","475.57","-"
"08-JUL-2025","HARIOMPIPE","Hariom Pipe Industries L","MICROCURVES TRADING PRIVATE LIMITED","BUY","2,83,209","475.19","-"
"08-JUL-2025","HARIOMPIPE","Hariom Pipe Industries L","NK SECURITIES RESEARCH PRIVATE LIMITED","SELL","3,78,065","473.92","-"
"08-JUL-2025","HARIOMPIPE","Hariom Pipe Industries L","NK SECURITIES RESEARCH PRIVATE LIMITED","BUY","3,78,065","473.72","-"
"08-JUL-2025","HARIOMPIPE","Hariom Pipe Industries L","QE SECURITIES LLP","SELL","4,14,592","474.34","-"
"08-JUL-2025","HARIOMPIPE","Hariom Pipe Industries L","QE SECURITIES LLP","BUY","4,15,853","471.70","-"
"08-JUL-2025","INDIASHLTR","India Shelter Fin Corp L","KOTAK MAHINDRA MUTUAL FUND","BUY","45,28,885","850.87","-"
"08-JUL-2025","INDIASHLTR","India Shelter Fin Corp L","NEXUS OPPORTUNITY FUND II LIMITED","SELL","13,28,974","850.85","-"
"08-JUL-2025","INDIASHLTR","India Shelter Fin Corp L","NEXUS VENTURES III LIMITED","SELL","36,71,206","850.88","-"
"08-JUL-2025","ISFT","Intrasoft Tech. Ltd","MANISH JHUNJHUNWALA","SELL","41,784","113.44","-"
"08-JUL-2025","ISFT","Intrasoft Tech. Ltd","MANISH JHUNJHUNWALA","BUY","1,43,690","112.49","-"
"08-JUL-2025","ISFT","Intrasoft Tech. Ltd","ORCHID COMMOTRADE PRIVATE LIMITED","SELL","1,18,000","112.59","-"
"08-JUL-2025","JPPOWER","Jaiprakash Power Ven. Lt","JUMP TRADING FINANCIAL INDIA PRIVATE LIMITED","SELL","3,52,78,657","22.93","-"
"08-JUL-2025","JPPOWER","Jaiprakash Power Ven. Lt","JUMP TRADING FINANCIAL INDIA PRIVATE LIMITED","BUY","3,52,78,657","22.88","-"
"08-JUL-2025","LAXMICOT","Laxmi Cotspin Limited","PUKHRAJJAIN YOGESHKUMAR","SELL","98,257","30.00","-"
"08-JUL-2025","LAXMICOT","Laxmi Cotspin Limited","PUKHRAJJAIN YOGESHKUMAR","BUY","98,257","31.75","-"
"08-JUL-2025","MMEL","Moving Media Enter Ltd","GRETEX SHARE BROKING LIMITED","BUY","6,000","70.55","-"
"08-JUL-2025","MMEL","Moving Media Enter Ltd","GRETEX SHARE BROKING LIMITED","SELL","7,56,000","70.56","-"
"08-JUL-2025","MMEL","Moving Media Enter Ltd","NEO APEX VENTURE LLP","SELL","52,000","70.57","-"
"08-JUL-2025","MMEL","Moving Media Enter Ltd","NEO APEX VENTURE LLP","BUY","2,18,000","70.55","-"
"08-JUL-2025","MMEL","Moving Media Enter Ltd","VINEY EQUITY MARKET LLP","BUY","6,20,000","70.56","-"
"08-JUL-2025","NECLIFE","Nectar Lifesciences Limit","MANSI SHARE AND STOCK BROKING PRIVATE LIMITED","SELL","29,98,167","18.53","-"
"08-JUL-2025","NECLIFE","Nectar Lifesciences Limit","MANSI SHARE AND STOCK BROKING PRIVATE LIMITED","BUY","41,11,618","19.31","-"
"08-JUL-2025","NECLIFE","Nectar Lifesciences Limit","QUARKS TECHNOSOFT PRIVATE LIMITED","SELL","16,35,000","19.06","-"
"08-JUL-2025","NECLIFE","Nectar Lifesciences Limit","SHARE INDIA SECURITIES LIMITED","SELL","16,30,329","19.05","-"
"08-JUL-2025","NECLIFE","Nectar Lifesciences Limit","SHARE INDIA SECURITIES LIMITED","BUY","16,95,302","19.58","-"
"08-JUL-2025","NECLIFE","Nectar Lifesciences Limit","TRADELINK INVESTMENTS","SELL","18,59,823","20.60","-"
"08-JUL-2025","PROSTARM","Prostarm Info Systems Ltd","HRTI PRIVATE LIMITED","SELL","3,73,358","159.94","-"
"08-JUL-2025","PROSTARM","Prostarm Info Systems Ltd","HRTI PRIVATE LIMITED","BUY","4,00,186","160.53","-"
"08-JUL-2025","PUSHPA","Pushpa Jewellers Limited","SUNFLOWER BROKING PRIVATE LIMITED","SELL","1,65,000","122.95","-"
"08-JUL-2025","RTL","Rama Telecom Limited","MANSI SHARE AND STOCK BROKING PRIVATE LIMITED","BUY","30,000","68.00","-"
"08-JUL-2025","RTL","Rama Telecom Limited","MANSI SHARE AND STOCK BROKING PRIVATE LIMITED","SELL","72,000","68.00","-"
"08-JUL-2025","SIYSIL","Siyaram Silk Mills Ltd","GRAVITON RESEARCH CAPITAL LLP","BUY","3,25,673","763.39","-"
"08-JUL-2025","SIYSIL","Siyaram Silk Mills Ltd","GRAVITON RESEARCH CAPITAL LLP","SELL","3,25,673","764.07","-"
"08-JUL-2025","SMLISUZU","SML Isuzu Limited","HRTI PRIVATE LIMITED","BUY","72,935","2,819.30","-"
"08-JUL-2025","SMLISUZU","SML Isuzu Limited","HRTI PRIVATE LIMITED","SELL","75,421","2,820.89","-"
"08-JUL-2025","STALLION","Stallion Ind Fluorochem L","NEOMILE GROWTH FUND - SERIES I","SELL","5,78,820","96.63","-"
"08-JUL-2025","TVSINVIT","TVS Infrastructure Trust","AMBIT WEALTH PRIVATE LIMITED","SELL","41,00,000","101.98","-"
"08-JUL-2025","TVSINVIT","TVS Infrastructure Trust","SARGAM RETAILS PRIVATE LIMITED","BUY","19,00,000","102.00","-"
"08-JUL-2025","TVSINVIT","TVS Infrastructure Trust","SERUM INSTITUTE OF INDIA PRIVATE LIMITED","BUY","14,75,000","102.00","-"
"08-JUL-2025","VISAMAN","Visaman Global Sales Ltd","SHRIPAL V VORA HUF","SELL","99,000","53.63","-"