﻿"Date ","Symbol ","Security Name ","Client Name ","Buy / Sell ","Quantity Traded ","Trade Price / Wght. Avg. Price ","Remarks "
"09-OCT-2025","ALKALI","Alkali Metals Limited","SILVER LINE VENTURES PRIVATE LIMITED","SELL","13,003","105.30","-"
"09-OCT-2025","ALKALI","Alkali Metals Limited","SILVER LINE VENTURES PRIVATE LIMITED","BUY","51,000","105.13","-"
"09-OCT-2025","BLUESTONE","BlueStone Jewel Lfstl Ltd","GRAVITON RESEARCH CAPITAL LLP","SELL","14,22,618","721.66","-"
"09-OCT-2025","BLUESTONE","BlueStone Jewel Lfstl Ltd","GRAVITON RESEARCH CAPITAL LLP","BUY","14,22,618","720.94","-"
"09-OCT-2025","CYBERTECH","Cybertech Systems & Softw","MANSI SHARE AND STOCK BROKING PRIVATE LIMITED","SELL","21,876","183.39","-"
"09-OCT-2025","CYBERTECH","Cybertech Systems & Softw","MANSI SHARE AND STOCK BROKING PRIVATE LIMITED","BUY","2,00,000","183.39","-"
"09-OCT-2025","DYNAMATECH","Dynamatic Tech. Ltd.","GRAVITON RESEARCH CAPITAL LLP","BUY","34,692","7,491.38","-"
"09-OCT-2025","DYNAMATECH","Dynamatic Tech. Ltd.","GRAVITON RESEARCH CAPITAL LLP","SELL","34,692","7,499.30","-"
"09-OCT-2025","DYNAMATECH","Dynamatic Tech. Ltd.","SAMENA SPECIAL SITUATIONS MAURITIUS III","SELL","72,000","6,800.65","-"
"09-OCT-2025","EFCIL","EFC (I) Limited","GRAVITON RESEARCH CAPITAL LLP","BUY","7,02,781","323.44","-"
"09-OCT-2025","EFCIL","EFC (I) Limited","GRAVITON RESEARCH CAPITAL LLP","SELL","7,02,781","323.50","-"
"09-OCT-2025","EIMCOELECO","Eimco Elecon (India) Ltd.","BHARAT KUMAR SOMCHAND SHAH","BUY","1,100","2,145.66","-"
"09-OCT-2025","EIMCOELECO","Eimco Elecon (India) Ltd.","BHARAT KUMAR SOMCHAND SHAH","SELL","67,700","2,129.25","-"
"09-OCT-2025","EIMCOELECO","Eimco Elecon (India) Ltd.","GRAVITON RESEARCH CAPITAL LLP","SELL","1,07,350","2,138.99","-"
"09-OCT-2025","EIMCOELECO","Eimco Elecon (India) Ltd.","GRAVITON RESEARCH CAPITAL LLP","BUY","1,07,350","2,139.50","-"
"09-OCT-2025","EIMCOELECO","Eimco Elecon (India) Ltd.","HRTI PRIVATE LIMITED","BUY","1,26,750","2,121.20","-"
"09-OCT-2025","EIMCOELECO","Eimco Elecon (India) Ltd.","HRTI PRIVATE LIMITED","SELL","1,28,145","2,139.78","-"
"09-OCT-2025","EIMCOELECO","Eimco Elecon (India) Ltd.","JUNOMONETA FINSOL PRIVATE LIMITED","SELL","54,163","2,147.42","-"
"09-OCT-2025","EIMCOELECO","Eimco Elecon (India) Ltd.","JUNOMONETA FINSOL PRIVATE LIMITED","BUY","54,163","2,146.13","-"
"09-OCT-2025","EIMCOELECO","Eimco Elecon (India) Ltd.","NK SECURITIES RESEARCH PRIVATE LIMITED","BUY","30,069","2,125.86","-"
"09-OCT-2025","EIMCOELECO","Eimco Elecon (India) Ltd.","NK SECURITIES RESEARCH PRIVATE LIMITED","SELL","30,069","2,126.78","-"
"09-OCT-2025","EIMCOELECO","Eimco Elecon (India) Ltd.","QE SECURITIES LLP","SELL","54,164","2,152.22","-"
"09-OCT-2025","EIMCOELECO","Eimco Elecon (India) Ltd.","QE SECURITIES LLP","BUY","55,231","2,133.86","-"
"09-OCT-2025","ESFL","Essen Speciality Films L","VISHAL SANJAY SURANA","BUY","1,99,800","250.12","-"
"09-OCT-2025","ESFL","Essen Speciality Films L","YAGNIK BHARATKUMAR TANK","BUY","1,02,960","243.67","-"
"09-OCT-2025","ESFL","Essen Speciality Films L","YAGNIK BHARATKUMAR TANK","SELL","4,27,680","250.05","-"
"09-OCT-2025","GARUDA","Garuda Construct N Eng L","GRAVITON RESEARCH CAPITAL LLP","SELL","9,13,836","203.55","-"
"09-OCT-2025","GARUDA","Garuda Construct N Eng L","GRAVITON RESEARCH CAPITAL LLP","BUY","9,13,836","203.34","-"
"09-OCT-2025","GARUDA","Garuda Construct N Eng L","MATHISYS ADVISORS LLP","BUY","5,36,915","203.12","-"
"09-OCT-2025","GARUDA","Garuda Construct N Eng L","MATHISYS ADVISORS LLP","SELL","5,45,514","202.94","-"
"09-OCT-2025","GMBREW","GM Breweries Ltd.","GRT STRATEGIC VENTURES LLP","SELL","1,40,028","876.79","-"
"09-OCT-2025","GMBREW","GM Breweries Ltd.","GRT STRATEGIC VENTURES LLP","BUY","1,40,028","876.24","-"
"09-OCT-2025","GMBREW","GM Breweries Ltd.","IRAGE BROKING SERVICES LLP","SELL","1,63,162","878.01","-"
"09-OCT-2025","GMBREW","GM Breweries Ltd.","IRAGE BROKING SERVICES LLP","BUY","2,04,040","886.88","-"
"09-OCT-2025","GMBREW","GM Breweries Ltd.","JUNOMONETA FINSOL PRIVATE LIMITED","BUY","2,08,497","880.25","-"
"09-OCT-2025","GMBREW","GM Breweries Ltd.","JUNOMONETA FINSOL PRIVATE LIMITED","SELL","2,08,497","880.95","-"
"09-OCT-2025","GMBREW","GM Breweries Ltd.","MUSIGMA SECURITIES","BUY","2,16,080","890.64","-"
"09-OCT-2025","GMBREW","GM Breweries Ltd.","MUSIGMA SECURITIES","SELL","2,16,080","891.38","-"
"09-OCT-2025","GMBREW","GM Breweries Ltd.","NK SECURITIES RESEARCH PRIVATE LIMITED","BUY","2,98,975","886.17","-"
"09-OCT-2025","GMBREW","GM Breweries Ltd.","NK SECURITIES RESEARCH PRIVATE LIMITED","SELL","2,98,975","886.66","-"
"09-OCT-2025","GMBREW","GM Breweries Ltd.","PACE STOCK BROKING SERVICES PVT LTD","BUY","1,55,800","881.23","-"
"09-OCT-2025","GMBREW","GM Breweries Ltd.","PACE STOCK BROKING SERVICES PVT LTD","SELL","1,56,424","881.84","-"
"09-OCT-2025","GMBREW","GM Breweries Ltd.","QE SECURITIES LLP","SELL","1,32,082","866.83","-"
"09-OCT-2025","GMBREW","GM Breweries Ltd.","QE SECURITIES LLP","BUY","1,32,600","872.38","-"
"09-OCT-2025","GREENLEAF","Greenleaf Envirotech Ltd","BHAKTI SHAILESH NANDA","BUY","45,000","133.86","-"
"09-OCT-2025","GREENLEAF","Greenleaf Envirotech Ltd","FORTUNA FUNDCAP PRIVATE LIMITED","BUY","46,000","133.82","-"
"09-OCT-2025","GREENLEAF","Greenleaf Envirotech Ltd","KINGSMAN WEALTH MANAGEMENT PRIVATE LIMITED","BUY","48,000","134.68","-"
"09-OCT-2025","GREENLEAF","Greenleaf Envirotech Ltd","LAXMI GOLDORNA HOUSE LIMITED","BUY","1,70,000","134.90","-"
"09-OCT-2025","GREENLEAF","Greenleaf Envirotech Ltd","PJS SECURITIES LLP","BUY","1,10,000","134.62","-"
"09-OCT-2025","GREENLEAF","Greenleaf Envirotech Ltd","RAMESH KUMAR","BUY","47,000","132.70","-"
"09-OCT-2025","GREENLEAF","Greenleaf Envirotech Ltd","SANDEEP SHRIDHAR GHATE","BUY","1,00,000","133.88","-"
"09-OCT-2025","GREENLEAF","Greenleaf Envirotech Ltd","UNICORN FUND","BUY","1,00,000","134.90","-"
"09-OCT-2025","GRMOVER","GRM Overseas Limited","R G FAMILY  TRUST","SELL","3,44,200","402.64","-"
"09-OCT-2025","GRMOVER","GRM Overseas Limited","RAVI GOYAL","BUY","3,44,200","402.70","-"
"09-OCT-2025","HBSL","HB Stockholdings Limited","ORION STOCKS LTD","BUY","33,416","89.50","-"
"09-OCT-2025","HBSL","HB Stockholdings Limited","ORION STOCKS LTD","SELL","49,497","89.34","-"
"09-OCT-2025","HEADSUP","Heads UP Ventures Limited","LAKHUBHA SOLANKI","BUY","1,34,416","12.88","-"
"09-OCT-2025","HEADSUP","Heads UP Ventures Limited","LAKHUBHA SOLANKI","SELL","1,99,204","11.37","-"
"09-OCT-2025","HEADSUP","Heads UP Ventures Limited","ZALA SHAILENDRASINH C","BUY","3,51,380","12.76","-"
"09-OCT-2025","HEADSUP","Heads UP Ventures Limited","ZALA SHAILENDRASINH C","SELL","4,02,460","12.33","-"
"09-OCT-2025","JAINREC","Jain Resource Recycling L","GRAVITON RESEARCH CAPITAL LLP","SELL","17,81,512","342.97","-"
"09-OCT-2025","JAINREC","Jain Resource Recycling L","GRAVITON RESEARCH CAPITAL LLP","BUY","17,81,512","342.77","-"
"09-OCT-2025","JINDALPOLY","Jindal Poly Films Limited","GRAVITON RESEARCH CAPITAL LLP","SELL","5,05,965","620.49","-"
"09-OCT-2025","JINDALPOLY","Jindal Poly Films Limited","GRAVITON RESEARCH CAPITAL LLP","BUY","5,05,965","619.91","-"
"09-OCT-2025","KANDARP","Kandarp Dg Smart Bpo Ltd","ANIL RAMANAND AGARWAL","BUY","54,000","97.60","-"
"09-OCT-2025","KANDARP","Kandarp Dg Smart Bpo Ltd","HEMENDRA RATILAL MEHTA","SELL","2,00,000","97.67","-"
"09-OCT-2025","MGSL","Matrix Geo Solutions Ltd","GANESH DASS GUPTA","SELL","1,02,000","112.32","-"
"09-OCT-2025","MOSCHIP","Moschip Technologies Ltd","HRTI PRIVATE LIMITED","SELL","9,46,300","269.07","-"
"09-OCT-2025","MOSCHIP","Moschip Technologies Ltd","HRTI PRIVATE LIMITED","BUY","10,41,312","268.44","-"
"09-OCT-2025","MPEL","Manas Polymer N Energie L","GALA PARUL PADAMSEE","BUY","72,000","136.35","-"
"09-OCT-2025","MPEL","Manas Polymer N Energie L","NEO APEX VENTURE LLP","BUY","1,74,400","136.35","-"
"09-OCT-2025","MPEL","Manas Polymer N Energie L","PADAMSEE DESAR GALA","BUY","72,000","136.35","-"
"09-OCT-2025","MPEL","Manas Polymer N Energie L","POOJA ANKIT GALA","BUY","1,08,800","136.49","-"
"09-OCT-2025","MPEL","Manas Polymer N Energie L","SHRENI SHARES PVT","BUY","4,800","136.57","-"
"09-OCT-2025","MPEL","Manas Polymer N Energie L","SHRENI SHARES PVT","SELL","81,600","136.35","-"
"09-OCT-2025","MPEL","Manas Polymer N Energie L","SKYLINE RETAILER LLP","BUY","41,600","141.00","-"
"09-OCT-2025","MPEL","Manas Polymer N Energie L","SUNRISE INVESTMENT OPPORTUNITIES FUND","SELL","3,44,000","136.96","-"
"09-OCT-2025","MUNISH","Munish Forge Limited","FRENZY COMMERCIAL PVT LTD","SELL","2,00,400","115.75","-"
"09-OCT-2025","NETWEB","Netweb Tech India Ltd","GRAVITON RESEARCH CAPITAL LLP","BUY","3,13,304","4,125.23","-"
"09-OCT-2025","NETWEB","Netweb Tech India Ltd","GRAVITON RESEARCH CAPITAL LLP","SELL","3,13,304","4,125.27","-"
"09-OCT-2025","NIKITA","Nikita Papers Limited","ALACRITY SECURITIES LTD","BUY","28,800","131.14","-"
"09-OCT-2025","NIKITA","Nikita Papers Limited","ALACRITY SECURITIES LTD","SELL","5,54,400","115.26","-"
"09-OCT-2025","NIKITA","Nikita Papers Limited","YASH HITESH PATEL","BUY","1,80,000","115.00","-"
"09-OCT-2025","NIKITA","Nikita Papers Limited","YASHVI HITESH PATEL","BUY","2,95,200","115.00","-"
"09-OCT-2025","NIRAJ","Niraj Cement Struc Ltd","ANUJ SHANTILAL BADJATE","SELL","4,96,100","37.26","-"
"09-OCT-2025","PACEDIGITK","Pace Digitek Limited","ARIHANT CAPITAL MARKETS LIMITED","BUY","4,56,999","214.91","-"
"09-OCT-2025","PACEDIGITK","Pace Digitek Limited","ARIHANT CAPITAL MARKETS LIMITED","SELL","11,80,139","216.64","-"
"09-OCT-2025","PARAMOUNT","Paramount Dye Tec Limited","COMELY ELECTRICAL PRIVATE LIMITED","BUY","50,400","53.50","-"
"09-OCT-2025","PARAMOUNT","Paramount Dye Tec Limited","GRETEX SHARE BROKING LIMITED","SELL","1,77,600","53.56","-"
"09-OCT-2025","PARAMOUNT","Paramount Dye Tec Limited","SAPPERS INFRA REALTORS PRIVATE LIMITED","BUY","1,27,200","53.58","-"
"09-OCT-2025","PGEL","PG Electroplast Ltd","GRAVITON RESEARCH CAPITAL LLP","BUY","26,76,965","545.48","-"
"09-OCT-2025","PGEL","PG Electroplast Ltd","GRAVITON RESEARCH CAPITAL LLP","SELL","26,76,965","545.72","-"
"09-OCT-2025","POLYSIL","Polysil Irrigation Syst L","MAGMA DEALERS PRIVATE LIMITED","BUY","1,72,000","280.00","-"
"09-OCT-2025","POLYSIL","Polysil Irrigation Syst L","SEA MATRIX ENTERPRISES LIMITED","BUY","1,80,000","280.00","-"
"09-OCT-2025","POLYSIL","Polysil Irrigation Syst L","YAGNIK BHARATKUMAR TANK","SELL","3,50,000","280.00","-"
"09-OCT-2025","SALZERELEC","Salzer Electronics Ltd.","GRAVITON RESEARCH CAPITAL LLP","BUY","1,21,587","870.90","-"
"09-OCT-2025","SALZERELEC","Salzer Electronics Ltd.","GRAVITON RESEARCH CAPITAL LLP","SELL","1,21,587","871.05","-"
"09-OCT-2025","SHANKARA","Shankara Bldg Product Ltd","DEVI TRADERS LLP","SELL","1,40,508","143.36","-"
"09-OCT-2025","SHANKARA","Shankara Bldg Product Ltd","DEVI TRADERS LLP","BUY","1,70,508","142.24","-"
"09-OCT-2025","SHANKARA","Shankara Bldg Product Ltd","IRAGE BROKING SERVICES LLP","BUY","1,22,658","143.24","-"
"09-OCT-2025","SHANKARA","Shankara Bldg Product Ltd","IRAGE BROKING SERVICES LLP","SELL","2,71,664","143.34","-"
"09-OCT-2025","SHANKARA","Shankara Bldg Product Ltd","ISHAAN TRADEFIN LLP","SELL","51,490","145.54","-"
"09-OCT-2025","SHANKARA","Shankara Bldg Product Ltd","ISHAAN TRADEFIN LLP","BUY","1,55,100","142.77","-"
"09-OCT-2025","SHANKARA","Shankara Bldg Product Ltd","SARAVANA SECURITIES  D.SATHYAMOORTHI","BUY","19,27,370","143.30","-"
"09-OCT-2025","SHANTI","Shanti Overseas (Ind) Ltd","GREEN PEAKS ENTERPRISES LLP","SELL","58,009","11.77","-"
"09-OCT-2025","SHANTI","Shanti Overseas (Ind) Ltd","GREEN PEAKS ENTERPRISES LLP","BUY","64,823","11.79","-"
"09-OCT-2025","SHRINGARMS","Shringar Hou of Mangals L","L7 HITECH PRIVATE LIMITED","SELL","3,75,459","208.39","-"
"09-OCT-2025","SHRINGARMS","Shringar Hou of Mangals L","L7 HITECH PRIVATE LIMITED","BUY","5,13,000","210.43","-"
"09-OCT-2025","SHRINGARMS","Shringar Hou of Mangals L","NIVESH CONSULTANCY PRIVATE LIMITED","BUY","7,54,569","208.26","-"
"09-OCT-2025","SHRINGARMS","Shringar Hou of Mangals L","NIVESH CONSULTANCY PRIVATE LIMITED","SELL","8,47,676","209.06","-"
"09-OCT-2025","TARMAT","Tarmat Limited","AEGIS INVESTMENT FUND","SELL","2,51,843","53.00","-"
"09-OCT-2025","TARMAT","Tarmat Limited","ARTON GLOBAL","BUY","4,70,767","52.86","-"
"09-OCT-2025","TARMAT","Tarmat Limited","DOVE SOFT PRIVATE LIMITED .","SELL","2,00,000","52.70","-"
"09-OCT-2025","TECHD","TechD Cybersecurity Ltd","ASHWIN STOCKS AND INVESTMENT PRIVATE LIMITED","BUY","18,600","691.46","-"
"09-OCT-2025","TECHD","TechD Cybersecurity Ltd","ASHWIN STOCKS AND INVESTMENT PRIVATE LIMITED","SELL","40,200","658.87","-"
"09-OCT-2025","TECHD","TechD Cybersecurity Ltd","BANDLAMUDI GOPI CHAND","SELL","38,400","611.20","-"
"09-OCT-2025","TECHERA","TechEra Engineer (Ind) L","BENGAL FINANCE & INVESTMENT PRIVATE LIMITED","BUY","1,12,800","247.10","-"
"09-OCT-2025","TECHERA","TechEra Engineer (Ind) L","KACHOLIA ASHISH","BUY","2,00,000","247.10","-"
"09-OCT-2025","TECHERA","TechEra Engineer (Ind) L","L7 SECURITIES PRIVATE LIMITED","BUY","76,800","260.00","-"
"09-OCT-2025","TECHERA","TechEra Engineer (Ind) L","L7 SECURITIES PRIVATE LIMITED","SELL","1,01,600","260.55","-"
"09-OCT-2025","TECHERA","TechEra Engineer (Ind) L","MANSI SHARE AND STOCK BROKING PRIVATE LIMITED","BUY","1,56,000","260.43","-"
"09-OCT-2025","TECHERA","TechEra Engineer (Ind) L","MANSI SHARE AND STOCK BROKING PRIVATE LIMITED","SELL","1,96,000","260.18","-"
"09-OCT-2025","TECHERA","TechEra Engineer (Ind) L","SHEETAL DUGAR","SELL","3,46,400","247.28","-"
"09-OCT-2025","TECHERA","TechEra Engineer (Ind) L","VISHAL MAHESH WAGHELA","SELL","3,28,000","260.34","-"
"09-OCT-2025","THEMISMED","Themis Medicare Limited","GRAVITON RESEARCH CAPITAL LLP","BUY","6,59,356","141.32","-"
"09-OCT-2025","THEMISMED","Themis Medicare Limited","GRAVITON RESEARCH CAPITAL LLP","SELL","6,59,356","141.63","-"
"09-OCT-2025","THEMISMED","Themis Medicare Limited","NK SECURITIES RESEARCH PRIVATE LIMITED","SELL","6,85,949","141.72","-"
"09-OCT-2025","THEMISMED","Themis Medicare Limited","NK SECURITIES RESEARCH PRIVATE LIMITED","BUY","6,85,949","141.61","-"
"09-OCT-2025","WAAREEINDO","Indosolar Limited","VINOD KUMAR","SELL","2,88,017","712.65","-"