﻿"Date ","Symbol ","Security Name ","Client Name ","Buy / Sell ","Quantity Traded ","Trade Price / Wght. Avg. Price ","Remarks "
"17-JUL-2025","AUSL","Aditya Ultra Steel Ltd","ASHOKBHAI MADHUBHAI KORAT","SELL","98,000","40.98","-"
"17-JUL-2025","AUSL","Aditya Ultra Steel Ltd","ASHOKBHAI MADHUBHAI KORAT","BUY","1,56,000","41.00","-"
"17-JUL-2025","CAPITALSFB","Capital Small Fin Bank L","TIKRI PARTNERS LLP","BUY","5,00,000","280.00","-"
"17-JUL-2025","CAPTRU-RE","Capital Trust Ltd","GENGANNA GOKUL","SELL","1,36,000","0.38","-"
"17-JUL-2025","CAPTRU-RE","Capital Trust Ltd","JINTU KALITA","BUY","1,00,000","0.38","-"
"17-JUL-2025","CAPTRU-RE","Capital Trust Ltd","MANVINDER SINGH","SELL","42,350","0.38","-"
"17-JUL-2025","CAPTRU-RE","Capital Trust Ltd","MARULASIDDAPPA NEKAR GANTI","BUY","1,00,000","0.38","-"
"17-JUL-2025","CHAMUNDA","Chamunda Electrical Ltd","SMC GLOBAL SECURITIES LIMITED","SELL","81,000","47.73","-"
"17-JUL-2025","FALCONTECH","Falcon Technoproj Ind Ltd","AVDHESH KUMAR AGARWAL","BUY","30,000","16.10","-"
"17-JUL-2025","FALCONTECH","Falcon Technoproj Ind Ltd","BHARAT SHREEKISHAN PARIHAR","SELL","1,40,400","16.13","-"
"17-JUL-2025","FALCONTECH","Falcon Technoproj Ind Ltd","SHAIKALAVUDEEN ABDULRAHMAN","BUY","33,600","16.10","-"
"17-JUL-2025","GATECH","GACM Technologies Limited","VAGHANI VIRAJ","BUY","56,61,796","0.77","-"
"17-JUL-2025","GATECH","GACM Technologies Limited","VAGHANI VIRAJ","SELL","91,92,277","0.77","-"
"17-JUL-2025","GVPTECH-RE","GVP Infotech Ltd","DAS ANGSHUMAN","BUY","2,00,000","0.25","-"
"17-JUL-2025","GVPTECH-RE","GVP Infotech Ltd","LINKSTAR TRUST","SELL","7,00,000","0.27","-"
"17-JUL-2025","IDEALTECHO","Ideal Technoplast Ind Ltd","SHAH DAXESH BALVANTRAI HUF","BUY","3,000","159.50","-"
"17-JUL-2025","IDEALTECHO","Ideal Technoplast Ind Ltd","SHAH DAXESH BALVANTRAI HUF","SELL","28,000","160.07","-"
"17-JUL-2025","IXIGO","Le Travenues Technology L","GRAVITON RESEARCH CAPITAL LLP","BUY","46,19,703","203.02","-"
"17-JUL-2025","IXIGO","Le Travenues Technology L","GRAVITON RESEARCH CAPITAL LLP","SELL","46,19,703","203.32","-"
"17-JUL-2025","IXIGO","Le Travenues Technology L","MUSIGMA SECURITIES","BUY","21,30,217","206.61","-"
"17-JUL-2025","IXIGO","Le Travenues Technology L","MUSIGMA SECURITIES","SELL","21,30,674","206.68","-"
"17-JUL-2025","IXIGO","Le Travenues Technology L","QE SECURITIES LLP","BUY","19,95,980","204.38","-"
"17-JUL-2025","IXIGO","Le Travenues Technology L","QE SECURITIES LLP","SELL","20,28,860","204.40","-"
"17-JUL-2025","JAYNECOIND","Jayaswal Neco Industr Ltd","ASSETS CARE AND RECONSTRUCTION ENTERPRISE LIMITED","SELL","55,53,036","44.25","-"
"17-JUL-2025","KANDARP","Kandarp Dg Smart Bpo Ltd","PASHUPATI CAPITA SER PVT LTD","BUY","60,000","73.05","-"
"17-JUL-2025","KANDARP","Kandarp Dg Smart Bpo Ltd","PRITESH PRAKASH CHAVAN","SELL","68,000","73.05","-"
"17-JUL-2025","KHANDSE","Khandwala Sec. Ltd","IRAGE BROKING SERVICES LLP","BUY","65,583","26.50","-"
"17-JUL-2025","KHANDSE","Khandwala Sec. Ltd","IRAGE BROKING SERVICES LLP","SELL","1,63,869","26.42","-"
"17-JUL-2025","KHANDSE","Khandwala Sec. Ltd","RIMPY MITTAL","SELL","1,20,835","26.69","-"
"17-JUL-2025","KHANDSE","Khandwala Sec. Ltd","RIMPY MITTAL","BUY","2,57,835","26.83","-"
"17-JUL-2025","MAMATA","Mamata Machinery Limited","AAKRAYA RESEARCH LLP","BUY","1,53,797","501.71","-"
"17-JUL-2025","MAMATA","Mamata Machinery Limited","AAKRAYA RESEARCH LLP","SELL","1,53,797","501.93","-"
"17-JUL-2025","MAMATA","Mamata Machinery Limited","HRTI PRIVATE LIMITED","BUY","2,58,172","502.38","-"
"17-JUL-2025","MAMATA","Mamata Machinery Limited","HRTI PRIVATE LIMITED","SELL","2,98,377","500.71","-"
"17-JUL-2025","MAMATA","Mamata Machinery Limited","JUNOMONETA FINSOL PRIVATE LIMITED","SELL","1,51,347","502.79","-"
"17-JUL-2025","MAMATA","Mamata Machinery Limited","JUNOMONETA FINSOL PRIVATE LIMITED","BUY","1,51,347","502.57","-"
"17-JUL-2025","MAMATA","Mamata Machinery Limited","QE SECURITIES LLP","BUY","2,52,300","503.41","-"
"17-JUL-2025","MAMATA","Mamata Machinery Limited","QE SECURITIES LLP","SELL","2,60,492","501.03","-"
"17-JUL-2025","MASON","Mason Infratech Limited","NIRAJ RAJNIKANT SHAH","BUY","1,00,000","183.85","-"
"17-JUL-2025","MCLOUD","Magellanic Cloud Limited","GRAVITON RESEARCH CAPITAL LLP","SELL","61,52,815","96.95","-"
"17-JUL-2025","MCLOUD","Magellanic Cloud Limited","GRAVITON RESEARCH CAPITAL LLP","BUY","61,52,815","96.95","-"
"17-JUL-2025","MCLOUD","Magellanic Cloud Limited","HRTI PRIVATE LIMITED","SELL","37,48,164","97.40","-"
"17-JUL-2025","MCLOUD","Magellanic Cloud Limited","HRTI PRIVATE LIMITED","BUY","40,58,503","96.03","-"
"17-JUL-2025","MCLOUD","Magellanic Cloud Limited","QE SECURITIES LLP","SELL","33,75,794","97.14","-"
"17-JUL-2025","MCLOUD","Magellanic Cloud Limited","QE SECURITIES LLP","BUY","34,69,126","96.46","-"
"17-JUL-2025","MOKSH","Moksh Ornaments Limited","SMITA HITENDRA SHAH","SELL","4,24,784","14.90","-"
"17-JUL-2025","NIKITA","Nikita Papers Limited","ALACRITY SECURITIES LTD","SELL","4,800","91.80","-"
"17-JUL-2025","NIKITA","Nikita Papers Limited","ALACRITY SECURITIES LTD","BUY","1,23,600","91.47","-"
"17-JUL-2025","OLIL","Oneclick Logistics Ind L","SWETA KHARKIA","BUY","24,000","204.93","-"
"17-JUL-2025","ORIENTALTL","Oriental Trimex Limited","L7 HITECH PRIVATE LIMITED","SELL","5,00,000","11.56","-"
"17-JUL-2025","PARAMOUNT","Paramount Dye Tec Limited","GRETEX SHARE BROKING LIMITED","BUY","1,200","66.60","-"
"17-JUL-2025","PARAMOUNT","Paramount Dye Tec Limited","GRETEX SHARE BROKING LIMITED","SELL","38,400","62.63","-"
"17-JUL-2025","PARAMOUNT","Paramount Dye Tec Limited","SME GROWTH FUND-SERIES ALPHA","BUY","49,200","63.31","-"
"17-JUL-2025","RADHIKAJWE","Radhika Jeweltech Limited","NK SECURITIES RESEARCH PRIVATE LIMITED","BUY","8,71,356","99.53","-"
"17-JUL-2025","RADHIKAJWE","Radhika Jeweltech Limited","NK SECURITIES RESEARCH PRIVATE LIMITED","SELL","8,71,356","99.64","-"
"17-JUL-2025","RADHIKAJWE","Radhika Jeweltech Limited","YUGA STOCKS AND COMMODITIES PRIVATE LIMITED","SELL","7,00,000","102.95","-"
"17-JUL-2025","RADHIKAJWE","Radhika Jeweltech Limited","YUGA STOCKS AND COMMODITIES PRIVATE LIMITED","BUY","9,00,000","102.35","-"
"17-JUL-2025","SONACOMS","Sona BLW Precision Frgs L","GRAVITON RESEARCH CAPITAL LLP","SELL","44,17,871","481.61","-"
"17-JUL-2025","SONACOMS","Sona BLW Precision Frgs L","GRAVITON RESEARCH CAPITAL LLP","BUY","44,17,871","481.31","-"
"17-JUL-2025","TTL-RE","T T Ltd","CROMEWELL ENTERPRISE PRIVATE LIMITED","BUY","2,80,000","1.51","-"
"17-JUL-2025","WAAREERTL","Waaree Renewable Tech Ltd","GRAVITON RESEARCH CAPITAL LLP","BUY","5,23,207","1,215.98","-"
"17-JUL-2025","WAAREERTL","Waaree Renewable Tech Ltd","GRAVITON RESEARCH CAPITAL LLP","SELL","5,23,207","1,216.59","-"
"17-JUL-2025","WHITEFORCE","Happy Square Outsourc S L","DEVI TRADERS LLP","SELL","68,800","69.46","-"
"17-JUL-2025","WHITEFORCE","Happy Square Outsourc S L","ISHAAN TRADEFIN LLP","SELL","1,600","76.40","-"
"17-JUL-2025","WHITEFORCE","Happy Square Outsourc S L","ISHAAN TRADEFIN LLP","BUY","1,24,800","69.33","-"
"17-JUL-2025","WHITEFORCE","Happy Square Outsourc S L","MANSI SHARE AND STOCK BROKING PRIVATE LIMITED","SELL","1,00,800","70.69","-"
"17-JUL-2025","ZIMLAB","Zim Laboratories Limited","ELIZABETH  MATHEW","SELL","17,94,000","115.31","-"
"17-JUL-2025","ZIMLAB","Zim Laboratories Limited","MATHEW  CYRIAC","BUY","17,94,000","115.31","-"