﻿"Date ","Symbol ","Security Name ","Client Name ","Buy / Sell ","Quantity Traded ","Trade Price / Wght. Avg. Price ","Remarks "
"26-JUN-2025","ANNAPURNA","Annapurna Swadisht Ltd","NORTH STAR OPPORTUNITIES FUND VCC-BULL VALUE INCORPORATED VCC SUB-FUND","BUY","1,55,000","274.99","-"
"26-JUN-2025","BBTCL","B&B Triplewall Cont Ltd","KEDIA ARUN KUMAR","SELL","1,48,942","154.72","-"
"26-JUN-2025","BLUSPRING","Bluspring Enterprises Ltd","AJIT  ISAAC","BUY","15,95,529","72.17","-"
"26-JUN-2025","BOHRAIND","Bohra Industries Limited","KARAN SINGH","SELL","1,00,000","27.38","-"
"26-JUN-2025","BOHRAIND","Bohra Industries Limited","KRISHNA RAO DESHARAJU","SELL","95,000","27.38","-"
"26-JUN-2025","BOHRAIND","Bohra Industries Limited","PRAVALLIKA KANCHI","BUY","1,43,396","27.38","-"
"26-JUN-2025","CAPTRU-RE","Capital Trust Ltd","MOONLIGHT EQUITY PRIVATE LIMITED","SELL","83,345","0.03","-"
"26-JUN-2025","CAPTRU-RE","Capital Trust Ltd","N L RUNGTA (HUF)","BUY","1,00,000","0.03","-"
"26-JUN-2025","CAPTRU-RE","Capital Trust Ltd","SUMITRA","BUY","4,90,717","0.03","-"
"26-JUN-2025","CAPTRU-RE","Capital Trust Ltd","VIRENDER KUMAR","BUY","2,00,000","0.03","-"
"26-JUN-2025","CAPTRU-RE","Capital Trust Ltd","YOGEN  KHOSLA","SELL","7,06,616","0.03","-"
"26-JUN-2025","CUBEINVIT","Cube Highways Trust","CUBE MOBILITY INVESTMENTS PTE.LTD.","SELL","2,01,00,000","127.50","-"
"26-JUN-2025","CUBEINVIT","Cube Highways Trust","LARSEN & TOUBRO LIMITED","BUY","1,02,00,000","127.50","-"
"26-JUN-2025","DCXINDIA","DCX Systems Limited","NCBG HOLDINGS INC","SELL","27,00,000","280.00","-"
"26-JUN-2025","DCXINDIA","DCX Systems Limited","NEOMILE CORPORATE ADVISORY LIMITED","BUY","15,00,000","280.00","-"
"26-JUN-2025","DCXINDIA","DCX Systems Limited","NEOMILE GROWTH FUND - SERIES I","SELL","4,32,783","283.90","-"
"26-JUN-2025","DCXINDIA","DCX Systems Limited","NEOMILE GROWTH FUND - SERIES I","BUY","7,82,783","280.00","-"
"26-JUN-2025","DELHIVERY","Delhivery Limited","NEXUS VENTURES III LIMITED","SELL","1,02,12,071","387.00","-"
"26-JUN-2025","DYNAMIC","Dynamic Srvcs & Sec Ltd","DESTINY LOGISTICS & INFRA LIMITED","SELL","1,87,000","142.98","-"
"26-JUN-2025","EEPL","Eppeltone Engineers Ltd","MANSI SHARE AND STOCK BROKING PRIVATE LIMITED","SELL","3,000","247.52","-"
"26-JUN-2025","EEPL","Eppeltone Engineers Ltd","MANSI SHARE AND STOCK BROKING PRIVATE LIMITED","BUY","83,000","239.67","-"
"26-JUN-2025","EEPL","Eppeltone Engineers Ltd","YUGA STOCKS AND COMMODITIES PRIVATE LIMITED","SELL","80,000","239.30","-"
"26-JUN-2025","FINOPB","Fino Payments Bank Ltd","CRONY VYAPAR PVT LTD","SELL","4,93,017","300.42","-"
"26-JUN-2025","FINOPB","Fino Payments Bank Ltd","CRONY VYAPAR PVT LTD","BUY","5,68,082","301.10","-"
"26-JUN-2025","FOODSIN","Foods & Inns Limited","AUTHUM INVESTMENT & INFRASTRUCTURE LIMITED","SELL","5,00,000","122.20","-"
"26-JUN-2025","FOODSIN","Foods & Inns Limited","SIDDHI PORTFOLIO SERVICES PRIVATE LIMITED","BUY","5,00,000","122.20","-"
"26-JUN-2025","FORCAS","Forcas Studio Limited","PROGNOSIS SECURITIES PVT. LTD","BUY","16,000","110.80","-"
"26-JUN-2025","FORCAS","Forcas Studio Limited","PROGNOSIS SECURITIES PVT. LTD","SELL","88,000","113.00","-"
"26-JUN-2025","FORCAS","Forcas Studio Limited","VINEET SOMNATH KAUL","BUY","88,000","113.00","-"
"26-JUN-2025","HBSL","HB Stockholdings Limited","AVIRAT ENTERPRISE","SELL","232","109.76","-"
"26-JUN-2025","HBSL","HB Stockholdings Limited","AVIRAT ENTERPRISE","BUY","60,232","109.02","-"
"26-JUN-2025","HBSL","HB Stockholdings Limited","KRISHNA AWTAR KABRA","SELL","1,28,380","106.96","-"
"26-JUN-2025","HBSL","HB Stockholdings Limited","KRISHNA AWTAR KABRA","BUY","1,73,631","105.87","-"
"26-JUN-2025","INDSWFTLTD","Ind-Swift Limited","AMIT KUMAR JAIN","BUY","2,66,991","19.78","-"
"26-JUN-2025","INDSWFTLTD","Ind-Swift Limited","AMIT KUMAR JAIN","SELL","3,92,892","19.83","-"
"26-JUN-2025","INDSWFTLTD","Ind-Swift Limited","POOJA JAIN","SELL","3,05,130","19.61","-"
"26-JUN-2025","INDSWFTLTD","Ind-Swift Limited","POOJA JAIN","BUY","3,15,130","19.86","-"
"26-JUN-2025","KAYA","Kaya Limited","EQUITY INTELLIGENCE INDIA PRIVATE LIMITED","SELL","1,20,000","419.01","-"
"26-JUN-2025","KCK","Kck Industries Limited","MANSUKH SECURITIES & FINANCE LTD","BUY","3,50,000","43.21","-"
"26-JUN-2025","KCK","Kck Industries Limited","PRO FIN CAPITAL SERVICES LIMITED","SELL","9,15,000","43.47","-"
"26-JUN-2025","KNRCON","KNR Constructions Limited","GRAVITON RESEARCH CAPITAL LLP","BUY","17,60,743","236.70","-"
"26-JUN-2025","KNRCON","KNR Constructions Limited","GRAVITON RESEARCH CAPITAL LLP","SELL","17,60,743","236.72","-"
"26-JUN-2025","MGEL","Mangalam Global Ent Ltd","SPECIFIC WORLDWIDE LLP","SELL","18,00,000","14.75","-"
"26-JUN-2025","MOBIKWIK","One Mobikwik Systems Ltd","AAGAM INVESTMENTS","BUY","2,50,000","231.60","-"
"26-JUN-2025","MOBIKWIK","One Mobikwik Systems Ltd","AAGAM INVESTMENTS","SELL","4,01,000","261.36","-"
"26-JUN-2025","MOBIKWIK","One Mobikwik Systems Ltd","AAKRAYA RESEARCH LLP","SELL","15,56,407","267.30","-"
"26-JUN-2025","MOBIKWIK","One Mobikwik Systems Ltd","AAKRAYA RESEARCH LLP","BUY","15,56,407","267.11","-"
"26-JUN-2025","MOBIKWIK","One Mobikwik Systems Ltd","CITIGROUP GLOBAL MARKETS MAURITIUS PVT LTD","BUY","11,37,754","230.00","-"
"26-JUN-2025","MOBIKWIK","One Mobikwik Systems Ltd","DIPAN MEHTA COMMODITIES PRIVATE LIMITED","SELL","9,37,369","270.69","-"
"26-JUN-2025","MOBIKWIK","One Mobikwik Systems Ltd","DIPAN MEHTA COMMODITIES PRIVATE LIMITED","BUY","9,82,319","269.93","-"
"26-JUN-2025","MOBIKWIK","One Mobikwik Systems Ltd","ELIXIR WEALTH MANAGEMENT PRIVATE LIMITED","SELL","9,61,574","269.84","-"
"26-JUN-2025","MOBIKWIK","One Mobikwik Systems Ltd","ELIXIR WEALTH MANAGEMENT PRIVATE LIMITED","BUY","9,74,574","269.38","-"
"26-JUN-2025","MOBIKWIK","One Mobikwik Systems Ltd","F3 ADVISORS PRIVATE LIMITED","SELL","4,47,650","259.72","-"
"26-JUN-2025","MOBIKWIK","One Mobikwik Systems Ltd","F3 ADVISORS PRIVATE LIMITED","BUY","4,53,103","254.50","-"
"26-JUN-2025","MOBIKWIK","One Mobikwik Systems Ltd","GRAVITON RESEARCH CAPITAL LLP","BUY","16,01,896","261.96","-"
"26-JUN-2025","MOBIKWIK","One Mobikwik Systems Ltd","GRAVITON RESEARCH CAPITAL LLP","SELL","16,01,896","262.70","-"
"26-JUN-2025","MOBIKWIK","One Mobikwik Systems Ltd","HDFC MUTUAL FUND","BUY","7,04,846","230.00","-"
"26-JUN-2025","MOBIKWIK","One Mobikwik Systems Ltd","HRTI PRIVATE LIMITED","SELL","14,68,899","265.74","-"
"26-JUN-2025","MOBIKWIK","One Mobikwik Systems Ltd","HRTI PRIVATE LIMITED","BUY","15,92,621","264.18","-"
"26-JUN-2025","MOBIKWIK","One Mobikwik Systems Ltd","IRAGE BROKING SERVICES LLP","SELL","9,64,980","256.28","-"
"26-JUN-2025","MOBIKWIK","One Mobikwik Systems Ltd","IRAGE BROKING SERVICES LLP","BUY","16,95,428","248.62","-"
"26-JUN-2025","MOBIKWIK","One Mobikwik Systems Ltd","JUMP TRADING FINANCIAL INDIA PRIVATE LIMITED","BUY","21,39,785","261.97","-"
"26-JUN-2025","MOBIKWIK","One Mobikwik Systems Ltd","JUMP TRADING FINANCIAL INDIA PRIVATE LIMITED","SELL","21,39,785","265.21","-"
"26-JUN-2025","MOBIKWIK","One Mobikwik Systems Ltd","JUNOMONETA FINSOL PRIVATE LIMITED","SELL","6,61,931","263.59","-"
"26-JUN-2025","MOBIKWIK","One Mobikwik Systems Ltd","JUNOMONETA FINSOL PRIVATE LIMITED","BUY","6,91,569","261.85","-"
"26-JUN-2025","MOBIKWIK","One Mobikwik Systems Ltd","MANSI SHARE AND STOCK BROKING PRIVATE LIMITED","SELL","6,16,865","236.95","-"
"26-JUN-2025","MOBIKWIK","One Mobikwik Systems Ltd","MANSI SHARE AND STOCK BROKING PRIVATE LIMITED","BUY","6,17,108","231.64","-"
"26-JUN-2025","MOBIKWIK","One Mobikwik Systems Ltd","MATHISYS ADVISORS LLP","SELL","7,40,129","266.92","-"
"26-JUN-2025","MOBIKWIK","One Mobikwik Systems Ltd","MATHISYS ADVISORS LLP","BUY","7,40,428","266.67","-"
"26-JUN-2025","MOBIKWIK","One Mobikwik Systems Ltd","MICROCURVES TRADING PRIVATE LIMITED","SELL","26,35,452","265.63","-"
"26-JUN-2025","MOBIKWIK","One Mobikwik Systems Ltd","MICROCURVES TRADING PRIVATE LIMITED","BUY","26,35,452","265.45","-"
"26-JUN-2025","MOBIKWIK","One Mobikwik Systems Ltd","MUSIGMA SECURITIES","BUY","4,89,815","261.13","-"
"26-JUN-2025","MOBIKWIK","One Mobikwik Systems Ltd","MUSIGMA SECURITIES","SELL","4,89,815","261.16","-"
"26-JUN-2025","MOBIKWIK","One Mobikwik Systems Ltd","NEO APEX SHARE BROKING SERVICES LLP","SELL","5,59,754","236.34","-"
"26-JUN-2025","MOBIKWIK","One Mobikwik Systems Ltd","NEO APEX SHARE BROKING SERVICES LLP","BUY","5,59,754","233.11","-"
"26-JUN-2025","MOBIKWIK","One Mobikwik Systems Ltd","NET 1 APPLIED TECHNOLOGIES NETHERLANDS B.V","SELL","62,15,620","230.16","-"
"26-JUN-2025","MOBIKWIK","One Mobikwik Systems Ltd","NK SECURITIES RESEARCH PRIVATE LIMITED","BUY","16,22,102","271.31","-"
"26-JUN-2025","MOBIKWIK","One Mobikwik Systems Ltd","NK SECURITIES RESEARCH PRIVATE LIMITED","SELL","16,22,102","271.41","-"
"26-JUN-2025","MOBIKWIK","One Mobikwik Systems Ltd","PELICAN PORTFOLIO SERVICES PRIVATE LIMITED","SELL","8,02,138","260.16","-"
"26-JUN-2025","MOBIKWIK","One Mobikwik Systems Ltd","PELICAN PORTFOLIO SERVICES PRIVATE LIMITED","BUY","10,00,519","257.81","-"
"26-JUN-2025","MOBIKWIK","One Mobikwik Systems Ltd","QE SECURITIES LLP","BUY","12,45,440","264.86","-"
"26-JUN-2025","MOBIKWIK","One Mobikwik Systems Ltd","QE SECURITIES LLP","SELL","12,48,209","265.68","-"
"26-JUN-2025","MOBIKWIK","One Mobikwik Systems Ltd","RAJESH CHAMANLAL SANGHAVI","SELL","4,51,257","266.12","-"
"26-JUN-2025","MOBIKWIK","One Mobikwik Systems Ltd","RAJESH CHAMANLAL SANGHAVI","BUY","4,56,257","266.17","-"
"26-JUN-2025","MOBIKWIK","One Mobikwik Systems Ltd","SECURE SHANTI ADVISORY LLP","SELL","8,65,744","267.93","-"
"26-JUN-2025","MOBIKWIK","One Mobikwik Systems Ltd","SECURE SHANTI ADVISORY LLP","BUY","8,95,478","267.38","-"
"26-JUN-2025","MOBIKWIK","One Mobikwik Systems Ltd","SHARE INDIA SECURITIES LIMITED","SELL","9,46,812","264.20","-"
"26-JUN-2025","MOBIKWIK","One Mobikwik Systems Ltd","SHARE INDIA SECURITIES LIMITED","BUY","9,49,312","263.22","-"
"26-JUN-2025","MOBIKWIK","One Mobikwik Systems Ltd","SOCIETE GENERALE","BUY","9,39,970","230.00","-"
"26-JUN-2025","MOBIKWIK","One Mobikwik Systems Ltd","YUGA STOCKS AND COMMODITIES PRIVATE LIMITED","SELL","8,55,079","259.46","-"
"26-JUN-2025","MOBIKWIK","One Mobikwik Systems Ltd","YUGA STOCKS AND COMMODITIES PRIVATE LIMITED","BUY","9,30,079","256.15","-"
"26-JUN-2025","MTNL","Maha Tel Nigam Ltd.","GRAVITON RESEARCH CAPITAL LLP","BUY","13,95,617","53.64","-"
"26-JUN-2025","MTNL","Maha Tel Nigam Ltd.","GRAVITON RESEARCH CAPITAL LLP","SELL","13,95,617","53.65","-"
"26-JUN-2025","ONWARDTEC","Onward Technologies Ltd","NK SECURITIES RESEARCH PRIVATE LIMITED","BUY","1,23,251","366.13","-"
"26-JUN-2025","ONWARDTEC","Onward Technologies Ltd","NK SECURITIES RESEARCH PRIVATE LIMITED","SELL","1,23,251","366.50","-"
"26-JUN-2025","OSIAHYPER","Osia Hyper Retail Ltd","ISHAAN TRADEFIN LLP","SELL","4,20,437","14.74","-"
"26-JUN-2025","OSIAHYPER","Osia Hyper Retail Ltd","ISHAAN TRADEFIN LLP","BUY","8,71,856","14.84","-"
"26-JUN-2025","PATTECH","Pattech Fitwell Tub Com L","VIRAL PRAFUL JHAVERI","SELL","42,000","80.41","-"
"26-JUN-2025","POLICYBZR","PB Fintech Limited","YASHISH DAHIYA","SELL","25,00,000","1,821.50","-"
"26-JUN-2025","POLYSIL","Polysil Irrigation Syst L","PAYAL JAIN","SELL","94,000","70.55","-"
"26-JUN-2025","PRAXIS","Praxis Home Retail Ltd","2015 GROVER FAMILY TRUST","SELL","7,00,000","11.70","-"
"26-JUN-2025","PRAXIS","Praxis Home Retail Ltd","CMS COMPUTERS LIMITED","BUY","7,00,000","11.70","-"
"26-JUN-2025","RAJMET","Rajnandini Metal Limited","SURENDER  SHARMA","SELL","32,50,000","4.75","-"
"26-JUN-2025","REXPIPES","Rex Pipes And Cables Ltd","HEMAL ARUNBHAI MEHTA","SELL","80,000","128.25","-"
"26-JUN-2025","REXPIPES","Rex Pipes And Cables Ltd","VIBHOR KALA","BUY","50,000","128.25","-"
"26-JUN-2025","SUPERSPIN","Super Spinning Mills Ltd","MITTAL PUNEET","SELL","4,95,625","11.16","-"
"26-JUN-2025","SUPERSPIN","Super Spinning Mills Ltd","MITTAL PUNEET","BUY","5,14,970","11.08","-"
"26-JUN-2025","VISAMAN","Visaman Global Sales Ltd","SANGEETA SHETALBHAI SHAH","SELL","99,000","46.90","-"