﻿"Date ","Symbol ","Security Name ","Client Name ","Buy / Sell ","Quantity Traded ","Trade Price / Wght. Avg. Price ","Remarks "
"31-JUL-2025","ASHOKAMET","Ashoka Metcast Limited","IRAGE BROKING SERVICES LLP","BUY","26,391","18.28","-"
"31-JUL-2025","ASHOKAMET","Ashoka Metcast Limited","IRAGE BROKING SERVICES LLP","SELL","2,29,431","18.31","-"
"31-JUL-2025","ASHOKAMET","Ashoka Metcast Limited","RIMPY MITTAL","BUY","3,32,742","18.43","-"
"31-JUL-2025","ASHOKAMET","Ashoka Metcast Limited","RIMPY MITTAL","SELL","3,32,742","18.33","-"
"31-JUL-2025","ASHOKAMET","Ashoka Metcast Limited","SITA RAM BHUWALKA","SELL","2,362","18.87","-"
"31-JUL-2025","ASHOKAMET","Ashoka Metcast Limited","SITA RAM BHUWALKA","BUY","2,16,154","18.13","-"
"31-JUL-2025","DAMCAPITAL","Dam Capital Advisors Ltd","GAZANIA ADVISORY LLP","SELL","4,46,000","222.10","-"
"31-JUL-2025","DAMCAPITAL","Dam Capital Advisors Ltd","MADHAVAN KUNNIYUR","BUY","4,46,000","222.17","-"
"31-JUL-2025","GATECH","GACM Technologies Limited","MANDAKINIBEN PRADYUMANBHAI PATEL","SELL","74,11,895","0.49","-"
"31-JUL-2025","GREAVESCOT","Greaves Limited","GRAVITON RESEARCH CAPITAL LLP","SELL","54,08,715","233.57","-"
"31-JUL-2025","GREAVESCOT","Greaves Limited","GRAVITON RESEARCH CAPITAL LLP","BUY","54,08,715","233.41","-"
"31-JUL-2025","GREAVESCOT","Greaves Limited","HRTI PRIVATE LIMITED","SELL","14,15,829","232.25","-"
"31-JUL-2025","GREAVESCOT","Greaves Limited","HRTI PRIVATE LIMITED","BUY","16,44,253","232.72","-"
"31-JUL-2025","GREAVESCOT","Greaves Limited","MATHISYS ADVISORS LLP","BUY","12,29,606","235.19","-"
"31-JUL-2025","GREAVESCOT","Greaves Limited","MATHISYS ADVISORS LLP","SELL","12,34,280","234.91","-"
"31-JUL-2025","GREAVESCOT","Greaves Limited","QE SECURITIES LLP","BUY","19,81,192","235.14","-"
"31-JUL-2025","GREAVESCOT","Greaves Limited","QE SECURITIES LLP","SELL","19,86,027","236.28","-"
"31-JUL-2025","HEG","HEG Ltd","GRAVITON RESEARCH CAPITAL LLP","BUY","33,19,583","591.12","-"
"31-JUL-2025","HEG","HEG Ltd","GRAVITON RESEARCH CAPITAL LLP","SELL","33,19,583","591.55","-"
"31-JUL-2025","HEG","HEG Ltd","QE SECURITIES LLP","BUY","13,33,572","595.83","-"
"31-JUL-2025","HEG","HEG Ltd","QE SECURITIES LLP","SELL","13,45,635","596.70","-"
"31-JUL-2025","HPIL","Hindprakash Industry Ltd","MANGAL CHANAKYA PRAKASH","SELL","68,656","175.05","-"
"31-JUL-2025","JAINIK","Jainik Power Cables Ltd","SARABPREET KAUR","BUY","96,000","101.20","-"
"31-JUL-2025","JAYNECOIND","Jayaswal Neco Industr Ltd","GRAVITON RESEARCH CAPITAL LLP","SELL","1,53,66,291","52.66","-"
"31-JUL-2025","JAYNECOIND","Jayaswal Neco Industr Ltd","GRAVITON RESEARCH CAPITAL LLP","BUY","1,53,66,291","52.61","-"
"31-JUL-2025","JAYNECOIND","Jayaswal Neco Industr Ltd","HRTI PRIVATE LIMITED","BUY","1,06,75,321","52.56","-"
"31-JUL-2025","JAYNECOIND","Jayaswal Neco Industr Ltd","HRTI PRIVATE LIMITED","SELL","1,11,15,676","52.61","-"
"31-JUL-2025","JAYNECOIND","Jayaswal Neco Industr Ltd","MATHISYS ADVISORS LLP","BUY","72,64,267","52.62","-"
"31-JUL-2025","JAYNECOIND","Jayaswal Neco Industr Ltd","MATHISYS ADVISORS LLP","SELL","72,74,338","52.80","-"
"31-JUL-2025","JAYNECOIND","Jayaswal Neco Industr Ltd","QE SECURITIES LLP","BUY","71,13,123","52.80","-"
"31-JUL-2025","JAYNECOIND","Jayaswal Neco Industr Ltd","QE SECURITIES LLP","SELL","73,42,468","52.90","-"
"31-JUL-2025","KALANA","Kalana Ispat Limited","RAKSHIT DIDWANIA","BUY","98,000","41.68","-"
"31-JUL-2025","KAYNES","Kaynes Technology Ind Ltd","GRAVITON RESEARCH CAPITAL LLP","SELL","5,36,963","6,057.70","-"
"31-JUL-2025","KAYNES","Kaynes Technology Ind Ltd","GRAVITON RESEARCH CAPITAL LLP","BUY","5,42,563","6,052.13","-"
"31-JUL-2025","MAMATA","Mamata Machinery Limited","HRTI PRIVATE LIMITED","BUY","88,661","522.33","-"
"31-JUL-2025","MAMATA","Mamata Machinery Limited","HRTI PRIVATE LIMITED","SELL","1,26,686","521.15","-"
"31-JUL-2025","OMAXAUTO","Omax Autos Limited","AAKRAYA RESEARCH LLP","BUY","1,24,301","157.09","-"
"31-JUL-2025","OMAXAUTO","Omax Autos Limited","AAKRAYA RESEARCH LLP","SELL","1,24,301","157.24","-"
"31-JUL-2025","OMAXAUTO","Omax Autos Limited","QE SECURITIES LLP","BUY","1,50,996","155.94","-"
"31-JUL-2025","OMAXAUTO","Omax Autos Limited","QE SECURITIES LLP","SELL","1,54,428","156.60","-"
"31-JUL-2025","PATILAUTOM","Patil Automation Limited","SHRINIVAS RAGHUNATH DESHINGKAR","BUY","1,20,000","249.39","-"
"31-JUL-2025","RBLBANK","RBL Bank Limited","GRAVITON RESEARCH CAPITAL LLP","SELL","35,79,060","265.61","-"
"31-JUL-2025","RBLBANK","RBL Bank Limited","GRAVITON RESEARCH CAPITAL LLP","BUY","35,79,060","265.43","-"
"31-JUL-2025","RELIABLE","Reliable Data Service Ltd","PRITESH PRAKASH CHAVAN","SELL","488","76.05","-"
"31-JUL-2025","RELIABLE","Reliable Data Service Ltd","PRITESH PRAKASH CHAVAN","BUY","52,641","76.88","-"
"31-JUL-2025","STALLION","Stallion Ind Fluorochem L","HRTI PRIVATE LIMITED","BUY","4,19,404","134.26","-"
"31-JUL-2025","STALLION","Stallion Ind Fluorochem L","HRTI PRIVATE LIMITED","SELL","4,35,988","134.03","-"
"31-JUL-2025","UPLPP1","UPL Limited","MORGAN STANLEY ASIA SINGAPORE PTE","BUY","15,79,930","520.54","-"
"31-JUL-2025","UPLPP1","UPL Limited","RAJASTHAN GLOBAL SECURITIES PVT LTD","SELL","4,85,871","518.12","-"
"31-JUL-2025","UPLPP1","UPL Limited","SHREYANS VASANTKUMAR MEHTA","SELL","4,95,930","523.64","-"
"31-JUL-2025","V2RETAIL","V2 Retail Limited","MOTILAL OSWAL MUTUAL FUND","SELL","1,90,000","1,868.30","-"
"31-JUL-2025","VCL","Vaxtex Cotfab Limited","JAYDEEP CHANDUBHAI KOTWANI","BUY","13,00,000","1.23","-"
"31-JUL-2025","VCL","Vaxtex Cotfab Limited","VAXFAB ENTERPRISES LIMITED","SELL","20,00,000","1.23","-"
"31-JUL-2025","VIMTALABS","Vimta Labs Limited","AAKRAYA RESEARCH LLP","SELL","8,84,493","691.07","-"
"31-JUL-2025","VIMTALABS","Vimta Labs Limited","AAKRAYA RESEARCH LLP","BUY","8,84,493","690.59","-"
"31-JUL-2025","VIMTALABS","Vimta Labs Limited","GROWTH SECURITIES PRIVATE LIMITED","SELL","2,36,324","688.03","-"
"31-JUL-2025","VIMTALABS","Vimta Labs Limited","GROWTH SECURITIES PRIVATE LIMITED","BUY","2,36,324","687.94","-"
"31-JUL-2025","VIMTALABS","Vimta Labs Limited","HRTI PRIVATE LIMITED","BUY","10,03,370","689.39","-"
"31-JUL-2025","VIMTALABS","Vimta Labs Limited","HRTI PRIVATE LIMITED","SELL","10,04,377","690.04","-"
"31-JUL-2025","VIMTALABS","Vimta Labs Limited","IRAGE BROKING SERVICES LLP","SELL","3,28,070","688.36","-"
"31-JUL-2025","VIMTALABS","Vimta Labs Limited","IRAGE BROKING SERVICES LLP","BUY","4,24,070","688.18","-"
"31-JUL-2025","VIMTALABS","Vimta Labs Limited","JUNOMONETA FINSOL PRIVATE LIMITED","SELL","4,45,966","690.42","-"
"31-JUL-2025","VIMTALABS","Vimta Labs Limited","JUNOMONETA FINSOL PRIVATE LIMITED","BUY","4,45,966","690.02","-"
"31-JUL-2025","VIMTALABS","Vimta Labs Limited","NK SECURITIES RESEARCH PRIVATE LIMITED","SELL","3,15,752","690.92","-"
"31-JUL-2025","VIMTALABS","Vimta Labs Limited","NK SECURITIES RESEARCH PRIVATE LIMITED","BUY","3,15,752","690.48","-"
"31-JUL-2025","VIMTALABS","Vimta Labs Limited","QE SECURITIES LLP","BUY","5,07,550","693.14","-"
"31-JUL-2025","VIMTALABS","Vimta Labs Limited","QE SECURITIES LLP","SELL","5,07,808","693.41","-"
"31-JUL-2025","VINEETLAB","Vineet Laboratories Ltd","AJAY AGRAWAL","BUY","50,000","31.95","-"
"31-JUL-2025","VINEETLAB","Vineet Laboratories Ltd","JYOTI AGARWAL","BUY","50,000","31.95","-"
"31-JUL-2025","VINEETLAB","Vineet Laboratories Ltd","PRABHAKAR RAJU ALLURI","SELL","49,165","31.95","-"
"31-JUL-2025","VINEETLAB","Vineet Laboratories Ltd","RAJENDRA AGRAWAL","BUY","50,000","31.95","-"
"31-JUL-2025","VINEETLAB","Vineet Laboratories Ltd","VENKATA RAMA GADDAM","SELL","80,000","31.95","-"
"31-JUL-2025","ZUARI","Zuari Agro Chemicals Ltd","AAKRAYA RESEARCH LLP","SELL","6,19,025","316.74","-"
"31-JUL-2025","ZUARI","Zuari Agro Chemicals Ltd","AAKRAYA RESEARCH LLP","BUY","6,19,025","316.54","-"
"31-JUL-2025","ZUARI","Zuari Agro Chemicals Ltd","ALPHAGREP SECURITIES PRIVATE LIMITED","SELL","4,73,301","325.33","-"
"31-JUL-2025","ZUARI","Zuari Agro Chemicals Ltd","ALPHAGREP SECURITIES PRIVATE LIMITED","BUY","4,73,301","325.35","-"
"31-JUL-2025","ZUARI","Zuari Agro Chemicals Ltd","ANANT WEALTH CONSULTANTS PRIVATE LIMITED","SELL","1,70,672","323.88","-"
"31-JUL-2025","ZUARI","Zuari Agro Chemicals Ltd","ANANT WEALTH CONSULTANTS PRIVATE LIMITED","BUY","2,67,267","327.05","-"
"31-JUL-2025","ZUARI","Zuari Agro Chemicals Ltd","DIPAN MEHTA COMMODITIES PRIVATE LIMITED","SELL","2,95,610","332.12","-"
"31-JUL-2025","ZUARI","Zuari Agro Chemicals Ltd","DIPAN MEHTA COMMODITIES PRIVATE LIMITED","BUY","3,29,034","330.60","-"
"31-JUL-2025","ZUARI","Zuari Agro Chemicals Ltd","GRAVITON RESEARCH CAPITAL LLP","BUY","7,98,437","305.83","-"
"31-JUL-2025","ZUARI","Zuari Agro Chemicals Ltd","GRAVITON RESEARCH CAPITAL LLP","SELL","7,98,437","306.20","-"
"31-JUL-2025","ZUARI","Zuari Agro Chemicals Ltd","GROWTH SECURITIES PRIVATE LIMITED","BUY","2,60,391","313.15","-"
"31-JUL-2025","ZUARI","Zuari Agro Chemicals Ltd","GROWTH SECURITIES PRIVATE LIMITED","SELL","2,62,391","312.90","-"
"31-JUL-2025","ZUARI","Zuari Agro Chemicals Ltd","HRTI PRIVATE LIMITED","SELL","6,80,649","310.13","-"
"31-JUL-2025","ZUARI","Zuari Agro Chemicals Ltd","HRTI PRIVATE LIMITED","BUY","7,19,129","310.94","-"
"31-JUL-2025","ZUARI","Zuari Agro Chemicals Ltd","IRAGE BROKING SERVICES LLP","SELL","2,93,643","324.63","-"
"31-JUL-2025","ZUARI","Zuari Agro Chemicals Ltd","IRAGE BROKING SERVICES LLP","BUY","3,98,409","328.14","-"
"31-JUL-2025","ZUARI","Zuari Agro Chemicals Ltd","JUNOMONETA FINSOL PRIVATE LIMITED","SELL","2,70,389","305.83","-"
"31-JUL-2025","ZUARI","Zuari Agro Chemicals Ltd","JUNOMONETA FINSOL PRIVATE LIMITED","BUY","2,70,389","305.83","-"
"31-JUL-2025","ZUARI","Zuari Agro Chemicals Ltd","MICROCURVES TRADING PRIVATE LIMITED","BUY","2,43,315","320.91","-"
"31-JUL-2025","ZUARI","Zuari Agro Chemicals Ltd","MICROCURVES TRADING PRIVATE LIMITED","SELL","2,43,315","320.93","-"
"31-JUL-2025","ZUARI","Zuari Agro Chemicals Ltd","MUSIGMA SECURITIES","SELL","5,70,728","326.82","-"
"31-JUL-2025","ZUARI","Zuari Agro Chemicals Ltd","MUSIGMA SECURITIES","BUY","5,70,728","326.76","-"
"31-JUL-2025","ZUARI","Zuari Agro Chemicals Ltd","NK SECURITIES RESEARCH PRIVATE LIMITED","SELL","10,76,698","329.39","-"
"31-JUL-2025","ZUARI","Zuari Agro Chemicals Ltd","NK SECURITIES RESEARCH PRIVATE LIMITED","BUY","10,76,698","329.17","-"
"31-JUL-2025","ZUARI","Zuari Agro Chemicals Ltd","PATRONUS TRADETECH LLP","BUY","1,98,752","329.97","-"
"31-JUL-2025","ZUARI","Zuari Agro Chemicals Ltd","PATRONUS TRADETECH LLP","SELL","2,13,533","330.14","-"
"31-JUL-2025","ZUARI","Zuari Agro Chemicals Ltd","QE SECURITIES LLP","BUY","6,81,027","317.04","-"
"31-JUL-2025","ZUARI","Zuari Agro Chemicals Ltd","QE SECURITIES LLP","SELL","6,84,631","317.24","-"
"31-JUL-2025","ZUARI","Zuari Agro Chemicals Ltd","SHARE INDIA SECURITIES LIMITED","BUY","3,49,472","327.19","-"
"31-JUL-2025","ZUARI","Zuari Agro Chemicals Ltd","SHARE INDIA SECURITIES LIMITED","SELL","3,49,472","326.20","-"
"31-JUL-2025","ZUARI","Zuari Agro Chemicals Ltd","SHREE NAMAN SECURITIES & FINANCE PRIVATE LIMITED","BUY","2,71,119","325.74","-"
"31-JUL-2025","ZUARI","Zuari Agro Chemicals Ltd","SHREE NAMAN SECURITIES & FINANCE PRIVATE LIMITED","SELL","2,81,219","324.37","-"