﻿"Date ","Symbol ","Security Name ","Client Name ","Buy / Sell ","Quantity Traded ","Trade Price / Wght. Avg. Price ","Remarks "
"15-OCT-2025","ALLCARGO","Allcargo Logistics Ltd","WISDOMTREE EMERGING MARKETS HIGH DIVIDEND FUND","BUY","68,17,024","34.15","-"
"15-OCT-2025","ATALREAL","Atal Realtech Limited","ALTIZEN VENTURES LLP","BUY","3,66,488","23.68","-"
"15-OCT-2025","ATALREAL","Atal Realtech Limited","ALTIZEN VENTURES LLP","SELL","9,57,435","23.94","-"
"15-OCT-2025","ATALREAL","Atal Realtech Limited","CULLINAN OPPRTS FUND VCC-CULLINAN OPPORTUNITIES INCORPORATED VCC SUB FUND 1","BUY","18,25,000","23.93","-"
"15-OCT-2025","ATALREAL","Atal Realtech Limited","VISHAL MAHESH WAGHELA","SELL","5,52,087","23.52","-"
"15-OCT-2025","ATALREAL","Atal Realtech Limited","VISHAL MAHESH WAGHELA","BUY","7,17,474","23.51","-"
"15-OCT-2025","BEACON","Beacon Trusteeship Ltd","D  MUTHUKRISHNAN","BUY","1,00,000","71.47","-"
"15-OCT-2025","BIRDYS","Grill Splendour Ser Ltd","PARAS DOSHI","BUY","2,400","120.00","-"
"15-OCT-2025","BIRDYS","Grill Splendour Ser Ltd","PARAS DOSHI","SELL","32,400","122.00","-"
"15-OCT-2025","BIRDYS","Grill Splendour Ser Ltd","RESONANCE OPPORTUNITIES FUND","BUY","48,000","122.00","-"
"15-OCT-2025","DHTL","Docmode Health Tech Ltd","GOUTHAMCHANDSIMPAL","SELL","18,400","108.53","-"
"15-OCT-2025","DIAMONDYD","Prataap Snacks Limited","MALABAR INDIA FUND LIMITED","SELL","3,46,439","1,012.01","-"
"15-OCT-2025","ESFL","Essen Speciality Films L","VIGNESHWAR STAR TRADELINK PRIVATE LIMITED","SELL","720","253.58","-"
"15-OCT-2025","ESFL","Essen Speciality Films L","VIGNESHWAR STAR TRADELINK PRIVATE LIMITED","BUY","1,58,040","242.07","-"
"15-OCT-2025","GAYAHWS","Gayatri Highways Limited","NEO APEX VENTURE LLP","BUY","27,26,243","3.14","-"
"15-OCT-2025","GENESYS","Genesys International Cor","D3 STOCK VISION LLP","SELL","2,21,164","573.74","-"
"15-OCT-2025","GENESYS","Genesys International Cor","D3 STOCK VISION LLP","BUY","2,45,706","573.63","-"
"15-OCT-2025","GENESYS","Genesys International Cor","GRAVITON RESEARCH CAPITAL LLP","BUY","2,38,584","549.15","-"
"15-OCT-2025","GENESYS","Genesys International Cor","GRAVITON RESEARCH CAPITAL LLP","SELL","2,38,584","550.47","-"
"15-OCT-2025","GMBREW","GM Breweries Ltd.","ALPHAGREP SECURITIES PRIVATE LIMITED","BUY","3,02,499","1,084.99","-"
"15-OCT-2025","GMBREW","GM Breweries Ltd.","ALPHAGREP SECURITIES PRIVATE LIMITED","SELL","3,02,499","1,085.86","-"
"15-OCT-2025","GMBREW","GM Breweries Ltd.","GRAVITON RESEARCH CAPITAL LLP","BUY","8,33,836","1,082.90","-"
"15-OCT-2025","GMBREW","GM Breweries Ltd.","GRAVITON RESEARCH CAPITAL LLP","SELL","8,33,836","1,084.10","-"
"15-OCT-2025","GMBREW","GM Breweries Ltd.","HRTI PRIVATE LIMITED","SELL","5,44,048","1,088.98","-"
"15-OCT-2025","GMBREW","GM Breweries Ltd.","HRTI PRIVATE LIMITED","BUY","5,62,494","1,078.67","-"
"15-OCT-2025","GMBREW","GM Breweries Ltd.","IRAGE BROKING SERVICES LLP","SELL","1,11,798","1,093.26","-"
"15-OCT-2025","GMBREW","GM Breweries Ltd.","IRAGE BROKING SERVICES LLP","BUY","1,79,378","1,119.91","-"
"15-OCT-2025","GMBREW","GM Breweries Ltd.","JUNOMONETA FINSOL PRIVATE LIMITED","BUY","4,24,540","1,093.55","-"
"15-OCT-2025","GMBREW","GM Breweries Ltd.","JUNOMONETA FINSOL PRIVATE LIMITED","SELL","4,24,551","1,094.12","-"
"15-OCT-2025","GMBREW","GM Breweries Ltd.","MUSIGMA SECURITIES","BUY","4,23,426","1,103.47","-"
"15-OCT-2025","GMBREW","GM Breweries Ltd.","MUSIGMA SECURITIES","SELL","4,23,426","1,103.67","-"
"15-OCT-2025","GMBREW","GM Breweries Ltd.","NK SECURITIES RESEARCH PRIVATE LIMITED","SELL","1,38,886","1,117.77","-"
"15-OCT-2025","GMBREW","GM Breweries Ltd.","NK SECURITIES RESEARCH PRIVATE LIMITED","BUY","1,38,886","1,117.27","-"
"15-OCT-2025","GMBREW","GM Breweries Ltd.","QE SECURITIES LLP","BUY","3,28,110","1,074.69","-"
"15-OCT-2025","GMBREW","GM Breweries Ltd.","QE SECURITIES LLP","SELL","3,28,635","1,078.04","-"
"15-OCT-2025","KAVDEFENCE","Kavveri Dfs & Wir Tec Ltd","NEO APEX SHARE BROKING SERVICES LLP","SELL","2","138.56","-"
"15-OCT-2025","KAVDEFENCE","Kavveri Dfs & Wir Tec Ltd","NEO APEX SHARE BROKING SERVICES LLP","BUY","1,05,002","126.02","-"
"15-OCT-2025","MGEL","Mangalam Global Ent Ltd","ARIHANT CAPITAL MARKETS LIMITED","BUY","12,95,676","15.76","-"
"15-OCT-2025","MGEL","Mangalam Global Ent Ltd","ARIHANT CAPITAL MARKETS LIMITED","SELL","17,95,676","16.00","-"
"15-OCT-2025","MGEL","Mangalam Global Ent Ltd","CHUNGATH KARUNAKARAN PADMA KUMAR","BUY","63,28,050","15.75","-"
"15-OCT-2025","MGEL","Mangalam Global Ent Ltd","VVJ CAPITAL STOCK BROKING","SELL","18,54,186","15.75","-"
"15-OCT-2025","MSTCLTD","MSTC Limited","WISDOMTREE EMERGING MARKETS HIGH DIVIDEND FUND","BUY","3,59,146","539.13","-"
"15-OCT-2025","MTARTECH","MTAR Technologies Limited","GRAVITON RESEARCH CAPITAL LLP","SELL","1,83,921","2,184.92","-"
"15-OCT-2025","MTARTECH","MTAR Technologies Limited","GRAVITON RESEARCH CAPITAL LLP","BUY","1,83,921","2,181.84","-"
"15-OCT-2025","MUNISH","Munish Forge Limited","NNM SECURITIES PVT LTD","BUY","1,44,000","138.80","-"
"15-OCT-2025","QUICKHEAL","Quick Heal Tech Ltd","GRAVITON RESEARCH CAPITAL LLP","SELL","6,60,778","340.77","-"
"15-OCT-2025","QUICKHEAL","Quick Heal Tech Ltd","GRAVITON RESEARCH CAPITAL LLP","BUY","6,60,778","340.35","-"
"15-OCT-2025","QUICKHEAL","Quick Heal Tech Ltd","SILVERLEAF CAPITAL SERVICES PRIVATE LIMITED","SELL","3,62,892","341.82","-"
"15-OCT-2025","QUICKHEAL","Quick Heal Tech Ltd","SILVERLEAF CAPITAL SERVICES PRIVATE LIMITED","BUY","3,62,892","341.60","-"
"15-OCT-2025","RAMAPHO","Rama Phosphates Limited","D3 STOCK VISION LLP","SELL","2,65,663","187.51","-"
"15-OCT-2025","RAMAPHO","Rama Phosphates Limited","D3 STOCK VISION LLP","BUY","3,12,163","188.24","-"
"15-OCT-2025","RAMAPHO","Rama Phosphates Limited","JUNOMONETA FINSOL PRIVATE LIMITED","BUY","1,90,943","179.42","-"
"15-OCT-2025","RAMAPHO","Rama Phosphates Limited","JUNOMONETA FINSOL PRIVATE LIMITED","SELL","1,90,943","179.49","-"
"15-OCT-2025","RAMAPHO","Rama Phosphates Limited","NK SECURITIES RESEARCH PRIVATE LIMITED","BUY","2,06,956","178.61","-"
"15-OCT-2025","RAMAPHO","Rama Phosphates Limited","NK SECURITIES RESEARCH PRIVATE LIMITED","SELL","2,06,956","178.75","-"
"15-OCT-2025","RAMAPHO","Rama Phosphates Limited","YUGA STOCKS AND COMMODITIES PRIVATE LIMITED","BUY","2,50,011","188.16","-"
"15-OCT-2025","RAMAPHO","Rama Phosphates Limited","YUGA STOCKS AND COMMODITIES PRIVATE LIMITED","SELL","2,50,011","188.29","-"
"15-OCT-2025","ROCKINGDCE","Rockingdeals Circu Eco L","SAGAR JAIN","BUY","32,250","247.09","-"
"15-OCT-2025","SANDUMA","Sandur Mang & Iron Ores L","GRAVITON RESEARCH CAPITAL LLP","BUY","26,69,296","227.76","-"
"15-OCT-2025","SANDUMA","Sandur Mang & Iron Ores L","GRAVITON RESEARCH CAPITAL LLP","SELL","26,69,296","227.96","-"
"15-OCT-2025","SANDUMA","Sandur Mang & Iron Ores L","HRTI PRIVATE LIMITED","SELL","23,30,625","227.62","-"
"15-OCT-2025","SANDUMA","Sandur Mang & Iron Ores L","HRTI PRIVATE LIMITED","BUY","28,70,798","228.04","-"
"15-OCT-2025","SANGINITA","Sanginita Chemicals Limit","DINESHSINH BHIMSINH CHAVADA","SELL","2,00,000","10.50","-"
"15-OCT-2025","SANGINITA","Sanginita Chemicals Limit","SUNITA SONI","BUY","1,35,000","10.50","-"
"15-OCT-2025","STALLION","Stallion Ind Fluorochem L","JUNOMONETA FINSOL PRIVATE LIMITED","BUY","8,13,085","377.88","-"
"15-OCT-2025","STALLION","Stallion Ind Fluorochem L","JUNOMONETA FINSOL PRIVATE LIMITED","SELL","8,13,201","378.22","-"
"15-OCT-2025","STALLION","Stallion Ind Fluorochem L","MATHISYS ADVISORS LLP","SELL","5,06,064","376.91","-"
"15-OCT-2025","STALLION","Stallion Ind Fluorochem L","MATHISYS ADVISORS LLP","BUY","5,10,449","377.72","-"
"15-OCT-2025","TATVA","Tatva Chin Pharm Chem Ltd","GRAVITON RESEARCH CAPITAL LLP","BUY","1,33,709","1,210.89","-"
"15-OCT-2025","TATVA","Tatva Chin Pharm Chem Ltd","GRAVITON RESEARCH CAPITAL LLP","SELL","1,33,709","1,212.74","-"
"15-OCT-2025","TATVA","Tatva Chin Pharm Chem Ltd","MUSIGMA SECURITIES","SELL","1,43,717","1,262.51","-"
"15-OCT-2025","TATVA","Tatva Chin Pharm Chem Ltd","MUSIGMA SECURITIES","BUY","1,43,717","1,262.14","-"
"15-OCT-2025","THYROCARE","Thyrocare Tech Ltd","GRAVITON RESEARCH CAPITAL LLP","BUY","7,25,235","1,311.66","-"
"15-OCT-2025","THYROCARE","Thyrocare Tech Ltd","GRAVITON RESEARCH CAPITAL LLP","SELL","7,25,235","1,310.33","-"
"15-OCT-2025","UNIPARTS","Uniparts India Limited","GRAVITON RESEARCH CAPITAL LLP","BUY","3,06,567","527.07","-"
"15-OCT-2025","UNIPARTS","Uniparts India Limited","GRAVITON RESEARCH CAPITAL LLP","SELL","3,06,567","527.46","-"
"15-OCT-2025","WHITEFORCE","Happy Square Outsourc S L","ARWA UMESH","BUY","2,76,800","74.42","-"
"15-OCT-2025","WHITEFORCE","Happy Square Outsourc S L","RAGHAV KAROL HUF","SELL","1,63,200","74.00","-"