﻿"Date ","Symbol ","Security Name ","Client Name ","Buy / Sell ","Quantity Traded ","Trade Price / Wght. Avg. Price ","Remarks "
"02-JUL-2025","BAJAJCON","Bajaj Corp Limited","HRTI PRIVATE LIMITED","SELL","6,92,260","225.24","-"
"02-JUL-2025","BAJAJCON","Bajaj Corp Limited","HRTI PRIVATE LIMITED","BUY","7,30,739","226.59","-"
"02-JUL-2025","BAJAJCON","Bajaj Corp Limited","QE SECURITIES LLP","BUY","7,63,476","228.43","-"
"02-JUL-2025","BAJAJCON","Bajaj Corp Limited","QE SECURITIES LLP","SELL","7,69,647","228.44","-"
"02-JUL-2025","BORANA","Borana Weaves Limited","QE SECURITIES LLP","BUY","1,52,702","222.81","-"
"02-JUL-2025","BORANA","Borana Weaves Limited","QE SECURITIES LLP","SELL","1,53,149","222.22","-"
"02-JUL-2025","FALCONTECH","Falcon Technoproj Ind Ltd","G R D SECURITIES LIMITED","SELL","10,800","23.50","-"
"02-JUL-2025","FALCONTECH","Falcon Technoproj Ind Ltd","G R D SECURITIES LIMITED","BUY","43,200","23.71","-"
"02-JUL-2025","FALCONTECH","Falcon Technoproj Ind Ltd","SHEETAL BHARAT PARIHAR","SELL","1,21,200","23.96","-"
"02-JUL-2025","FALCONTECH","Falcon Technoproj Ind Ltd","THE PATNA ELECTRIC SUPPLY COMPANY LIMITED","BUY","36,000","23.50","-"
"02-JUL-2025","GANGABATH","Ganga Bath Fittings Ltd","KUSH RAJKISHOR SONKHIA-HUF","BUY","1,14,000","33.14","-"
"02-JUL-2025","GANGABATH","Ganga Bath Fittings Ltd","KUSH RAJKISHOR SONKHIA-HUF","SELL","1,38,000","33.08","-"
"02-JUL-2025","GANGAFORGE","Ganga Forging Limited","HJS SECURITIES PRIVATE LIMITED","BUY","13,72,454","3.65","-"
"02-JUL-2025","GANGAFORGE","Ganga Forging Limited","HJS SECURITIES PRIVATE LIMITED","SELL","13,72,454","3.63","-"
"02-JUL-2025","GATECH","GACM Technologies Limited","VAGHANI VIRAJ","SELL","79,45,004","0.90","-"
"02-JUL-2025","GATECHDVR","GACM Technologies Limited","GA TRADING COMPANY","SELL","7,27,995","0.69","-"
"02-JUL-2025","GATECHDVR","GACM Technologies Limited","GA TRADING COMPANY","BUY","13,00,000","0.68","-"
"02-JUL-2025","GATECHDVR","GACM Technologies Limited","GOKALBHAI GHEMARBHAI CHAUDHRI","SELL","64,39,994","0.68","-"
"02-JUL-2025","KAMDHENU","Kamdhenu Ispat Limited","AVENUE BUSINESS CENTER PRIVATE LIMITED","BUY","19,20,000","32.09","-"
"02-JUL-2025","KAMDHENU","Kamdhenu Ispat Limited","AVENUE BUSINESS CENTER PRIVATE LIMITED","SELL","19,20,000","32.63","-"
"02-JUL-2025","KAMDHENU","Kamdhenu Ispat Limited","L7 HITECH PRIVATE LIMITED","SELL","20,10,768","32.53","-"
"02-JUL-2025","KAMDHENU","Kamdhenu Ispat Limited","SW CAPITAL PRIVATE LIMITED","SELL","56,87,624","32.52","-"
"02-JUL-2025","KAMDHENU","Kamdhenu Ispat Limited","SW CAPITAL PRIVATE LIMITED","BUY","56,87,624","32.06","-"
"02-JUL-2025","KAMDHENU","Kamdhenu Ispat Limited","VARDHILAL SHIVRAMBHAI THAKKAR","SELL","36,00,000","31.69","-"
"02-JUL-2025","MOXSH","Moxsh Overseas Educon Ltd","CHIRAG DAMJIBHAI KATRODIYA","SELL","67,200","29.04","-"
"02-JUL-2025","MOXSH","Moxsh Overseas Educon Ltd","DHOLIYA BHAVESH H","BUY","54,400","28.53","-"
"02-JUL-2025","MPTODAY","M P Today Media Limited","ASHISH KUMAR KABRA","BUY","24,000","49.33","-"
"02-JUL-2025","MVKAGRO","M.V.K. Agro Food Prod Ltd","KPBS WEALTH PRIVATE LIMITED","BUY","1,86,000","160.40","-"
"02-JUL-2025","MVKAGRO","M.V.K. Agro Food Prod Ltd","NEO APEX VENTURE LLP","SELL","4,78,800","160.40","-"
"02-JUL-2025","POLYSIL","Polysil Irrigation Syst L","GREEN PEAKS ENTERPRISES LLP","BUY","36,000","76.25","-"
"02-JUL-2025","POLYSIL","Polysil Irrigation Syst L","GREEN PEAKS ENTERPRISES LLP","SELL","74,000","76.25","-"
"02-JUL-2025","POLYSIL","Polysil Irrigation Syst L","MULTIPLIER SHARE & STOCK ADVISORS PRIVATE LIMITED","SELL","1,40,000","76.25","-"
"02-JUL-2025","POLYSIL","Polysil Irrigation Syst L","NEO APEX VENTURE LLP","SELL","1,12,000","76.25","-"
"02-JUL-2025","POLYSIL","Polysil Irrigation Syst L","USHMA DIVYESH SHAH","BUY","1,04,000","76.25","-"
"02-JUL-2025","PROSTARM","Prostarm Info Systems Ltd","HRTI PRIVATE LIMITED","BUY","3,01,098","151.31","-"
"02-JUL-2025","PROSTARM","Prostarm Info Systems Ltd","HRTI PRIVATE LIMITED","SELL","3,44,284","151.82","-"
"02-JUL-2025","RAYMOND","Raymond Ltd.","AAKRAYA RESEARCH LLP","BUY","3,60,332","765.76","-"
"02-JUL-2025","RAYMOND","Raymond Ltd.","AAKRAYA RESEARCH LLP","SELL","3,60,332","766.31","-"
"02-JUL-2025","RAYMOND","Raymond Ltd.","GRAVITON RESEARCH CAPITAL LLP","SELL","4,67,933","766.85","-"
"02-JUL-2025","RAYMOND","Raymond Ltd.","GRAVITON RESEARCH CAPITAL LLP","BUY","4,67,933","766.45","-"
"02-JUL-2025","RAYMOND","Raymond Ltd.","HRTI PRIVATE LIMITED","BUY","5,40,320","764.73","-"
"02-JUL-2025","RAYMOND","Raymond Ltd.","HRTI PRIVATE LIMITED","SELL","6,02,639","766.62","-"
"02-JUL-2025","RAYMOND","Raymond Ltd.","QE SECURITIES LLP","SELL","3,93,702","763.52","-"
"02-JUL-2025","RAYMOND","Raymond Ltd.","QE SECURITIES LLP","BUY","4,06,693","764.72","-"
"02-JUL-2025","RAYMONDREL","Raymond Realty Limited","NEGEN CAPITAL SERVICES PRIVATE LIMITED","BUY","3,88,750","921.12","-"
"02-JUL-2025","RTL","Rama Telecom Limited","ANANT WEALTH CONSULTANTS PRIVATE LIMITED","BUY","1,22,000","68.40","-"
"02-JUL-2025","RTL","Rama Telecom Limited","ANIL KUMAR KEJRIWAL HUF","BUY","1,06,000","72.00","-"
"02-JUL-2025","RTL","Rama Telecom Limited","INTELLECT STOCK BROKING LIMITED","BUY","1,00,000","72.00","-"
"02-JUL-2025","RTL","Rama Telecom Limited","KIRAN AGARWAL","SELL","88,000","72.00","-"
"02-JUL-2025","RTL","Rama Telecom Limited","LEADING LEASING FINANCE & INVESTMENT COMPANY LTD","BUY","1,46,000","68.40","-"
"02-JUL-2025","RTL","Rama Telecom Limited","NECTA BLOOM VCC - REGAL FUND","SELL","7,36,000","69.27","-"
"02-JUL-2025","RTL","Rama Telecom Limited","RAINBOW AGRI COMMODITIES PRIVATE LIMITED","BUY","68,000","72.00","-"
"02-JUL-2025","RTL","Rama Telecom Limited","SUBHALAXMI  DORA","BUY","70,000","71.95","-"
"02-JUL-2025","SAMBHV","Sambhv Steel Tubes Ltd","AAKRAYA RESEARCH LLP","SELL","33,06,514","100.06","-"
"02-JUL-2025","SAMBHV","Sambhv Steel Tubes Ltd","AAKRAYA RESEARCH LLP","BUY","33,06,514","100.00","-"
"02-JUL-2025","SAMBHV","Sambhv Steel Tubes Ltd","IRAGE BROKING SERVICES LLP","BUY","11,64,761","100.26","-"
"02-JUL-2025","SAMBHV","Sambhv Steel Tubes Ltd","IRAGE BROKING SERVICES LLP","SELL","18,09,424","100.63","-"
"02-JUL-2025","SIGACHI","Sigachi Industries Ltd","GRAVITON RESEARCH CAPITAL LLP","SELL","19,76,165","42.95","-"
"02-JUL-2025","SIGACHI","Sigachi Industries Ltd","GRAVITON RESEARCH CAPITAL LLP","BUY","19,76,165","43.03","-"
"02-JUL-2025","SIGACHI","Sigachi Industries Ltd","HRTI PRIVATE LIMITED","SELL","23,50,057","43.05","-"
"02-JUL-2025","SIGACHI","Sigachi Industries Ltd","HRTI PRIVATE LIMITED","BUY","23,99,140","42.82","-"
"02-JUL-2025","SIGACHI","Sigachi Industries Ltd","MATHISYS ADVISORS LLP","BUY","21,98,377","42.75","-"
"02-JUL-2025","SIGACHI","Sigachi Industries Ltd","MATHISYS ADVISORS LLP","SELL","21,98,569","42.86","-"
"02-JUL-2025","SIGACHI","Sigachi Industries Ltd","PREMLATHA AGARWAL","SELL","24,71,571","42.88","-"
"02-JUL-2025","SIGACHI","Sigachi Industries Ltd","PREMLATHA AGARWAL","BUY","24,71,571","43.06","-"
"02-JUL-2025","SIGACHI","Sigachi Industries Ltd","QE SECURITIES LLP","BUY","20,31,118","42.64","-"
"02-JUL-2025","SIGACHI","Sigachi Industries Ltd","QE SECURITIES LLP","SELL","20,65,164","43.15","-"
"02-JUL-2025","SUNTECH","Suntech Infra Solutions L","JENIVA ANTONY  EPHREM","BUY","1,60,000","109.10","-"
"02-JUL-2025","SUNTECH","Suntech Infra Solutions L","MANSI SHARE AND STOCK BROKING PRIVATE LIMITED","BUY","1,76,000","107.28","-"
"02-JUL-2025","SUNTECH","Suntech Infra Solutions L","SB OPPORTUNITIES FUND I","BUY","2,00,000","103.65","-"
"02-JUL-2025","SUNTECH","Suntech Infra Solutions L","VINEY EQUITY MARKET LLP","BUY","1,00,800","109.10","-"
"02-JUL-2025","VISAMAN","Visaman Global Sales Ltd","SANGEETA SHETALBHAI SHAH","SELL","1,50,000","48.50","-"