﻿"Date ","Symbol ","Security Name ","Client Name ","Buy / Sell ","Quantity Traded ","Trade Price / Wght. Avg. Price ","Remarks "
"29-JUL-2025","AMBER","Amber Enterprises (I) Ltd","GRAVITON RESEARCH CAPITAL LLP","BUY","1,72,059","7,690.24","-"
"29-JUL-2025","AMBER","Amber Enterprises (I) Ltd","GRAVITON RESEARCH CAPITAL LLP","SELL","1,72,059","7,692.73","-"
"29-JUL-2025","ANNAPURNA","Annapurna Swadisht Ltd","KANODIA STOCK BROKING PVT.LTD.","BUY","91,500","274.02","-"
"29-JUL-2025","ANNAPURNA","Annapurna Swadisht Ltd","KANODIA STOCK BROKING PVT.LTD.","SELL","1,25,250","272.67","-"
"29-JUL-2025","ARVINDFASN","Arvind Fashions Limited","GRAVITON RESEARCH CAPITAL LLP","BUY","6,85,653","542.51","-"
"29-JUL-2025","ARVINDFASN","Arvind Fashions Limited","GRAVITON RESEARCH CAPITAL LLP","SELL","6,85,653","542.62","-"
"29-JUL-2025","AXITA","Axita Cotton Limited","DHARAM PAL AGGARWAL","SELL","12,78,447","8.99","-"
"29-JUL-2025","AXITA","Axita Cotton Limited","DHARAM PAL AGGARWAL","BUY","28,15,374","9.00","-"
"29-JUL-2025","GARUDA","Garuda Construct N Eng L","HRTI PRIVATE LIMITED","BUY","4,79,120","184.70","-"
"29-JUL-2025","GARUDA","Garuda Construct N Eng L","HRTI PRIVATE LIMITED","SELL","4,88,215","184.10","-"
"29-JUL-2025","GATECH","GACM Technologies Limited","MANDAKINIBEN PRADYUMANBHAI PATEL","SELL","92,34,552","0.55","-"
"29-JUL-2025","GATECH","GACM Technologies Limited","SHUBHAM ASHOKBHAI PATEL","SELL","72,48,142","0.55","-"
"29-JUL-2025","JAYNECOIND","Jayaswal Neco Industr Ltd","GRAVITON RESEARCH CAPITAL LLP","BUY","1,18,07,874","46.27","-"
"29-JUL-2025","JAYNECOIND","Jayaswal Neco Industr Ltd","GRAVITON RESEARCH CAPITAL LLP","SELL","1,18,07,874","46.38","-"
"29-JUL-2025","JAYNECOIND","Jayaswal Neco Industr Ltd","HRTI PRIVATE LIMITED","SELL","70,17,888","46.70","-"
"29-JUL-2025","JAYNECOIND","Jayaswal Neco Industr Ltd","HRTI PRIVATE LIMITED","BUY","72,47,628","46.64","-"
"29-JUL-2025","JAYNECOIND","Jayaswal Neco Industr Ltd","NEGEN CAPITAL SERVICES PRIVATE LIMITED","BUY","61,59,201","47.88","-"
"29-JUL-2025","JAYNECOIND","Jayaswal Neco Industr Ltd","NEO APEX VENTURE LLP","BUY","32,80,333","46.98","-"
"29-JUL-2025","JAYNECOIND","Jayaswal Neco Industr Ltd","NEO APEX VENTURE LLP","SELL","56,30,333","46.72","-"
"29-JUL-2025","KAUSHALYA","Kaushalya Infrastructure","SANKET VIKRAMKUMAR DOSHI HUF","SELL","1,136","877.57","-"
"29-JUL-2025","KAUSHALYA","Kaushalya Infrastructure","SANKET VIKRAMKUMAR DOSHI HUF","BUY","1,869","873.81","-"
"29-JUL-2025","KEN","Ken Enterprises Limited","NEXUS GLOBAL OPPORTUNITIES FUND","BUY","1,34,400","61.58","-"
"29-JUL-2025","MAMATA","Mamata Machinery Limited","HRTI PRIVATE LIMITED","SELL","1,60,827","499.79","-"
"29-JUL-2025","MAMATA","Mamata Machinery Limited","HRTI PRIVATE LIMITED","BUY","1,68,818","502.57","-"
"29-JUL-2025","PARADEEP","Paradeep Phosphates Ltd","GRAVITON RESEARCH CAPITAL LLP","SELL","66,99,681","220.59","-"
"29-JUL-2025","PARADEEP","Paradeep Phosphates Ltd","GRAVITON RESEARCH CAPITAL LLP","BUY","66,99,681","220.50","-"
"29-JUL-2025","PARADEEP","Paradeep Phosphates Ltd","HRTI PRIVATE LIMITED","SELL","46,49,385","220.73","-"
"29-JUL-2025","PARADEEP","Paradeep Phosphates Ltd","HRTI PRIVATE LIMITED","BUY","50,57,369","220.47","-"
"29-JUL-2025","PEARLPOLY","Pearl Polymers Ltd","AVIRAT ENTERPRISE","SELL","8,191","36.89","-"
"29-JUL-2025","PEARLPOLY","Pearl Polymers Ltd","AVIRAT ENTERPRISE","BUY","3,08,191","36.26","-"
"29-JUL-2025","PEARLPOLY","Pearl Polymers Ltd","SAROJDEVI S KABRA","SELL","4,58,551","36.10","-"
"29-JUL-2025","PEARLPOLY","Pearl Polymers Ltd","SAROJDEVI S KABRA","BUY","4,58,553","35.93","-"
"29-JUL-2025","PROSTARM","Prostarm Info Systems Ltd","HRTI PRIVATE LIMITED","SELL","2,51,093","230.64","-"
"29-JUL-2025","PROSTARM","Prostarm Info Systems Ltd","HRTI PRIVATE LIMITED","BUY","2,97,586","230.52","-"
"29-JUL-2025","PUNJABCHEM","Punj Chem & Crop Prot Ltd","GRAVITON RESEARCH CAPITAL LLP","SELL","1,69,532","1,516.96","-"
"29-JUL-2025","PUNJABCHEM","Punj Chem & Crop Prot Ltd","GRAVITON RESEARCH CAPITAL LLP","BUY","1,69,532","1,514.70","-"
"29-JUL-2025","PUNJABCHEM","Punj Chem & Crop Prot Ltd","MUSIGMA SECURITIES","BUY","71,240","1,525.61","-"
"29-JUL-2025","PUNJABCHEM","Punj Chem & Crop Prot Ltd","MUSIGMA SECURITIES","SELL","71,240","1,525.76","-"
"29-JUL-2025","PUNJABCHEM","Punj Chem & Crop Prot Ltd","NK SECURITIES RESEARCH PRIVATE LIMITED","SELL","1,02,829","1,523.73","-"
"29-JUL-2025","PUNJABCHEM","Punj Chem & Crop Prot Ltd","NK SECURITIES RESEARCH PRIVATE LIMITED","BUY","1,02,829","1,522.19","-"
"29-JUL-2025","PUNJABCHEM","Punj Chem & Crop Prot Ltd","QE SECURITIES LLP","SELL","75,153","1,517.26","-"
"29-JUL-2025","PUNJABCHEM","Punj Chem & Crop Prot Ltd","QE SECURITIES LLP","BUY","76,406","1,519.76","-"
"29-JUL-2025","SAVY","Savy Infra and Logi Ltd","MANSI SHARE AND STOCK BROKING PRIVATE LIMITED","SELL","1,42,800","136.15","-"
"29-JUL-2025","SAVY","Savy Infra and Logi Ltd","NEO APEX VENTURE LLP","BUY","1,20,000","136.15","-"
"29-JUL-2025","SAVY","Savy Infra and Logi Ltd","NIRAJ RAJNIKANT SHAH","BUY","3,01,200","138.26","-"
"29-JUL-2025","SENORES","Senores Pharmaceuticals L","GRAVITON RESEARCH CAPITAL LLP","BUY","3,16,091","689.33","-"
"29-JUL-2025","SENORES","Senores Pharmaceuticals L","GRAVITON RESEARCH CAPITAL LLP","SELL","3,16,091","689.98","-"
"29-JUL-2025","SENORES","Senores Pharmaceuticals L","HRTI PRIVATE LIMITED","SELL","2,37,321","688.87","-"
"29-JUL-2025","SENORES","Senores Pharmaceuticals L","HRTI PRIVATE LIMITED","BUY","2,69,264","686.66","-"
"29-JUL-2025","SILKY","Silky Overseas Limited","GRETEX SHARE BROKING LIMITED","BUY","1,600","111.55","-"
"29-JUL-2025","SILKY","Silky Overseas Limited","GRETEX SHARE BROKING LIMITED","SELL","1,67,200","116.69","-"
"29-JUL-2025","SILKY","Silky Overseas Limited","MANSI SHARE AND STOCK BROKING PRIVATE LIMITED","BUY","800","123.00","-"
"29-JUL-2025","SILKY","Silky Overseas Limited","MANSI SHARE AND STOCK BROKING PRIVATE LIMITED","SELL","96,800","111.28","-"
"29-JUL-2025","SILKY","Silky Overseas Limited","VINCENT COMMERCIAL COMPANY LIMITED","BUY","2,01,600","116.82","-"
"29-JUL-2025","UPLPP1","UPL Limited","MARWADI SHARES AND FINANCE LTD.","SELL","5,19,058","539.19","-"
"29-JUL-2025","UPLPP1","UPL Limited","MORGAN STANLEY ASIA SINGAPORE PTE","BUY","5,98,910","538.81","-"
"29-JUL-2025","VIMTALABS","Vimta Labs Limited","AAKRAYA RESEARCH LLP","SELL","9,94,219","693.24","-"
"29-JUL-2025","VIMTALABS","Vimta Labs Limited","AAKRAYA RESEARCH LLP","BUY","9,94,219","692.92","-"
"29-JUL-2025","VIMTALABS","Vimta Labs Limited","ALPHAGREP SECURITIES PRIVATE LIMITED","SELL","5,44,697","694.26","-"
"29-JUL-2025","VIMTALABS","Vimta Labs Limited","ALPHAGREP SECURITIES PRIVATE LIMITED","BUY","5,44,697","694.44","-"
"29-JUL-2025","VIMTALABS","Vimta Labs Limited","DIPAN MEHTA COMMODITIES PRIVATE LIMITED","SELL","3,32,385","698.54","-"
"29-JUL-2025","VIMTALABS","Vimta Labs Limited","DIPAN MEHTA COMMODITIES PRIVATE LIMITED","BUY","3,36,885","697.78","-"
"29-JUL-2025","VIMTALABS","Vimta Labs Limited","ELIXIR WEALTH MANAGEMENT PRIVATE LIMITED","SELL","3,07,192","696.37","-"
"29-JUL-2025","VIMTALABS","Vimta Labs Limited","ELIXIR WEALTH MANAGEMENT PRIVATE LIMITED","BUY","3,09,277","695.69","-"
"29-JUL-2025","VIMTALABS","Vimta Labs Limited","GRAVITON RESEARCH CAPITAL LLP","SELL","20,42,551","692.86","-"
"29-JUL-2025","VIMTALABS","Vimta Labs Limited","GRAVITON RESEARCH CAPITAL LLP","BUY","20,42,551","692.47","-"
"29-JUL-2025","VIMTALABS","Vimta Labs Limited","HRTI PRIVATE LIMITED","SELL","11,45,540","692.90","-"
"29-JUL-2025","VIMTALABS","Vimta Labs Limited","HRTI PRIVATE LIMITED","BUY","11,58,822","692.62","-"
"29-JUL-2025","VIMTALABS","Vimta Labs Limited","IRAGE BROKING SERVICES LLP","SELL","2,84,792","693.28","-"
"29-JUL-2025","VIMTALABS","Vimta Labs Limited","IRAGE BROKING SERVICES LLP","BUY","3,53,058","689.99","-"
"29-JUL-2025","VIMTALABS","Vimta Labs Limited","JUNOMONETA FINSOL PRIVATE LIMITED","BUY","4,35,794","692.15","-"
"29-JUL-2025","VIMTALABS","Vimta Labs Limited","JUNOMONETA FINSOL PRIVATE LIMITED","SELL","4,35,794","692.36","-"
"29-JUL-2025","VIMTALABS","Vimta Labs Limited","MICROCURVES TRADING PRIVATE LIMITED","SELL","3,26,229","692.17","-"
"29-JUL-2025","VIMTALABS","Vimta Labs Limited","MICROCURVES TRADING PRIVATE LIMITED","BUY","3,26,229","691.76","-"
"29-JUL-2025","VIMTALABS","Vimta Labs Limited","MUSIGMA SECURITIES","BUY","4,05,802","702.62","-"
"29-JUL-2025","VIMTALABS","Vimta Labs Limited","MUSIGMA SECURITIES","SELL","4,05,802","702.96","-"
"29-JUL-2025","VIMTALABS","Vimta Labs Limited","NK SECURITIES RESEARCH PRIVATE LIMITED","SELL","4,97,617","693.91","-"
"29-JUL-2025","VIMTALABS","Vimta Labs Limited","NK SECURITIES RESEARCH PRIVATE LIMITED","BUY","4,97,617","693.45","-"
"29-JUL-2025","VIMTALABS","Vimta Labs Limited","QE SECURITIES LLP","BUY","11,17,196","692.72","-"
"29-JUL-2025","VIMTALABS","Vimta Labs Limited","QE SECURITIES LLP","SELL","11,23,064","692.93","-"
"29-JUL-2025","ZUARI","Zuari Agro Chemicals Ltd","HRTI PRIVATE LIMITED","BUY","2,30,163","241.30","-"
"29-JUL-2025","ZUARI","Zuari Agro Chemicals Ltd","HRTI PRIVATE LIMITED","SELL","2,53,813","241.74","-"
"29-JUL-2025","ZUARI","Zuari Agro Chemicals Ltd","NK SECURITIES RESEARCH PRIVATE LIMITED","BUY","2,23,554","242.72","-"
"29-JUL-2025","ZUARI","Zuari Agro Chemicals Ltd","NK SECURITIES RESEARCH PRIVATE LIMITED","SELL","2,23,554","242.93","-"
"29-JUL-2025","ZUARI","Zuari Agro Chemicals Ltd","QE SECURITIES LLP","BUY","2,16,042","240.13","-"
"29-JUL-2025","ZUARI","Zuari Agro Chemicals Ltd","QE SECURITIES LLP","SELL","2,36,331","242.06","-"