﻿"Date ","Symbol ","Security Name ","Client Name ","Buy / Sell ","Quantity Traded ","Trade Price / Wght. Avg. Price ","Remarks "
"09-JUN-2025","ATALREAL","Atal Realtech Limited","L7 HITECH PRIVATE LIMITED","BUY","50,000","17.37","-"
"09-JUN-2025","ATALREAL","Atal Realtech Limited","L7 HITECH PRIVATE LIMITED","SELL","6,70,000","17.06","-"
"09-JUN-2025","ATALREAL","Atal Realtech Limited","LEENA HEMENDRA MEHTA","BUY","7,00,002","16.82","-"
"09-JUN-2025","ATALREAL","Atal Realtech Limited","MOHIT STEEL INDUSTRIES PVT LIMITED","SELL","11,76,000","17.00","-"
"09-JUN-2025","ATALREAL","Atal Realtech Limited","PASHUPATI CAPITA SER PVT LTD","SELL","15,50,000","17.29","-"
"09-JUN-2025","ATALREAL","Atal Realtech Limited","PASHUPATI CAPITA SER PVT LTD","BUY","17,97,949","17.03","-"
"09-JUN-2025","ATALREAL","Atal Realtech Limited","TRADE CORNER","BUY","75,000","17.12","-"
"09-JUN-2025","ATALREAL","Atal Realtech Limited","TRADE CORNER","SELL","9,50,000","16.78","-"
"09-JUN-2025","AVANTEL","Avantel Limited","LAKSHMEE FOUNDATION","SELL","21,00,000","163.21","-"
"09-JUN-2025","CHAMUNDA","Chamunda Electrical Ltd","EUROPLUS ONE REALTY PRIVATE LIMITED","BUY","72,000","43.67","-"
"09-JUN-2025","CREATIVEYE","Creative Eye Ltd.","SHARE INDIA SECURITIES LIMITED","BUY","1,11,540","9.86","-"
"09-JUN-2025","CREATIVEYE","Creative Eye Ltd.","SHARE INDIA SECURITIES LIMITED","SELL","1,11,541","9.87","-"
"09-JUN-2025","CREATIVEYE","Creative Eye Ltd.","SINGH SIMRANJIT","BUY","1,24,725","9.89","-"
"09-JUN-2025","DCCL","Dar Credit & Capital Ltd","SMC GLOBAL SECURITIES LIMITED","BUY","16,000","61.91","-"
"09-JUN-2025","DCCL","Dar Credit & Capital Ltd","SMC GLOBAL SECURITIES LIMITED","SELL","90,000","61.97","-"
"09-JUN-2025","GATECH","GACM Technologies Limited","RAKESH KUMAR UPPAL AND SONS HUF","SELL","31,72,649","1.11","-"
"09-JUN-2025","GATECH","GACM Technologies Limited","RAKESH KUMAR UPPAL AND SONS HUF","BUY","43,67,578","1.10","-"
"09-JUN-2025","HBSL","HB Stockholdings Limited","AMIT KUMAR JAIN","BUY","50,000","103.09","-"
"09-JUN-2025","HBSL","HB Stockholdings Limited","AMIT KUMAR JAIN","SELL","50,000","102.38","-"
"09-JUN-2025","HBSL","HB Stockholdings Limited","D3 STOCK VISION LLP","BUY","66,049","103.38","-"
"09-JUN-2025","HBSL","HB Stockholdings Limited","D3 STOCK VISION LLP","SELL","66,052","103.38","-"
"09-JUN-2025","HBSL","HB Stockholdings Limited","NEO APEX VENTURE LLP","SELL","1,95,555","103.31","-"
"09-JUN-2025","HBSL","HB Stockholdings Limited","NEO APEX VENTURE LLP","BUY","1,95,881","102.59","-"
"09-JUN-2025","KESORAMIND","KESORAM INDUSTRIES LTD","DEVI TRADERS LLP","BUY","27,77,302","6.48","-"
"09-JUN-2025","MADHAV","Madhav Marbles and Granit","IRAGE BROKING SERVICES LLP","BUY","58,934","52.33","-"
"09-JUN-2025","MADHAV","Madhav Marbles and Granit","IRAGE BROKING SERVICES LLP","SELL","62,728","52.30","-"
"09-JUN-2025","MADHAV","Madhav Marbles and Granit","MITTAL PUNEET","SELL","1,56,651","52.45","-"
"09-JUN-2025","MADHAV","Madhav Marbles and Granit","MITTAL PUNEET","BUY","1,62,151","52.43","-"
"09-JUN-2025","MCON","Mcon Rasayan India Ltd","EUROPLUS ONE REALTY PRIVATE LIMITED","BUY","37,000","113.91","-"
"09-JUN-2025","ORIENTALTL","Oriental Trimex Limited","MSB E TRADE SECURITIES LIMITED","SELL","7,57,254","14.06","-"
"09-JUN-2025","ORIENTALTL","Oriental Trimex Limited","MSB E TRADE SECURITIES LIMITED","BUY","7,57,254","14.03","-"
"09-JUN-2025","RAMASTEEL","Rama Steel Tubes Limited","HRTI PRIVATE LIMITED","SELL","92,22,356","13.84","-"
"09-JUN-2025","RAMASTEEL","Rama Steel Tubes Limited","HRTI PRIVATE LIMITED","BUY","92,73,510","13.71","-"
"09-JUN-2025","SBC","SBC Exports Limited","SHARE INDIA SECURITIES LIMITED","BUY","1,97,338","14.98","-"
"09-JUN-2025","SBC","SBC Exports Limited","SHARE INDIA SECURITIES LIMITED","SELL","25,76,785","14.98","-"
"09-JUN-2025","SCODATUBES","Scoda Tubes Limited","LAROIA MONA","BUY","3,49,000","157.82","-"
"09-JUN-2025","SEPC-RE3","SEPC Ltd","PUNJAB NATIONAL BANK","SELL","20,00,000","2.71","-"
"09-JUN-2025","SEPC-RE3","SEPC Ltd","THE SOUTH INDIAN BANK LIMITED","SELL","25,01,037","2.71","-"
"09-JUN-2025","SRPL","Shree Ram Proteins Ltd.","HARBIR SINGH CHADHA","SELL","17,64,402","0.68","-"
"09-JUN-2025","TGL","Teerth Gopicon Limited","MANSI SHARE AND STOCK ADVISORS PVT LTD","BUY","8,000","176.57","-"
"09-JUN-2025","TGL","Teerth Gopicon Limited","MANSI SHARE AND STOCK ADVISORS PVT LTD","SELL","60,000","172.90","-"
"09-JUN-2025","TGL","Teerth Gopicon Limited","NEO APEX VENTURE LLP","BUY","3,68,000","172.90","-"
"09-JUN-2025","TVSELECT","TVS Electronics Limited","NK SECURITIES RESEARCH PRIVATE LIMITED","BUY","1,37,385","526.95","-"
"09-JUN-2025","TVSELECT","TVS Electronics Limited","NK SECURITIES RESEARCH PRIVATE LIMITED","SELL","1,37,385","527.28","-"
"09-JUN-2025","TVSELECT","TVS Electronics Limited","QE SECURITIES LLP","BUY","1,54,016","522.84","-"
"09-JUN-2025","TVSELECT","TVS Electronics Limited","QE SECURITIES LLP","SELL","1,57,765","522.98","-"
"09-JUN-2025","WILLAMAGOR","Williamson Magor & Co","AMIT KUMAR JAIN","BUY","61,736","36.86","-"
"09-JUN-2025","WILLAMAGOR","Williamson Magor & Co","AMIT KUMAR JAIN","SELL","61,736","36.86","-"
"09-JUN-2025","WILLAMAGOR","Williamson Magor & Co","NEO APEX VENTURE LLP","BUY","85,160","36.86","-"
"09-JUN-2025","WILLAMAGOR","Williamson Magor & Co","NEO APEX VENTURE LLP","SELL","85,160","36.56","-"
"09-JUN-2025","WILLAMAGOR","Williamson Magor & Co","POOJA JAIN","BUY","1,31,164","36.47","-"
"09-JUN-2025","WILLAMAGOR","Williamson Magor & Co","POOJA JAIN","SELL","1,46,564","36.68","-"
"09-JUN-2025","WIPRO","Wipro Ltd","AZIM PREMJI TRUST","SELL","20,23,00,000","250.00","-"
"09-JUN-2025","WIPRO","Wipro Ltd","HASHAM TRADERS","BUY","11,90,00,000","250.00","-"
"09-JUN-2025","WIPRO","Wipro Ltd","PRAZIM TRADERS","BUY","5,95,00,000","250.00","-"