﻿"Date ","Symbol ","Security Name ","Client Name ","Buy / Sell ","Quantity Traded ","Trade Price / Wght. Avg. Price ","Remarks "
"22-JUL-2025","360ONE","360 ONE WAM LIMITED","BC ASIA INVESTMENTS X LIMITED","SELL","75,00,000","1,161.42","-"
"22-JUL-2025","360ONE","360 ONE WAM LIMITED","BC ASIA INVESTMENTS X LIMITED","SELL","75,00,000","1,160.10","-"
"22-JUL-2025","360ONE","360 ONE WAM LIMITED","IRAGE BROKING SERVICES LLP","SELL","1,49,457","1,158.34","-"
"22-JUL-2025","360ONE","360 ONE WAM LIMITED","IRAGE BROKING SERVICES LLP","BUY","20,90,867","1,161.15","-"
"22-JUL-2025","AEROFLEX","Aeroflex Industries Ltd","GRAVITON RESEARCH CAPITAL LLP","BUY","9,29,843","218.51","-"
"22-JUL-2025","AEROFLEX","Aeroflex Industries Ltd","GRAVITON RESEARCH CAPITAL LLP","SELL","9,29,843","218.65","-"
"22-JUL-2025","AEROFLEX","Aeroflex Industries Ltd","HRTI PRIVATE LIMITED","BUY","6,28,371","216.80","-"
"22-JUL-2025","AEROFLEX","Aeroflex Industries Ltd","HRTI PRIVATE LIMITED","SELL","6,46,741","217.35","-"
"22-JUL-2025","AGI","AGI Greenpac Limited","MUSIGMA SECURITIES","BUY","3,96,225","969.48","-"
"22-JUL-2025","AGI","AGI Greenpac Limited","MUSIGMA SECURITIES","SELL","3,96,225","970.09","-"
"22-JUL-2025","AGUL","A G Universal Limited","MANISH KUMAR HUF","BUY","36,000","59.00","-"
"22-JUL-2025","AHIMSA","Ahimsa Industries Ltd.","BHAVESH PRAVINCHANDRA SHAH","SELL","48,000","24.35","-"
"22-JUL-2025","AHIMSA","Ahimsa Industries Ltd.","SHITAL BHAVESHKUMAR SHAH","BUY","48,000","24.35","-"
"22-JUL-2025","BIRDYS","Grill Splendour Ser Ltd","AJAY KRISHNAKANT PARIKH","BUY","70,800","145.54","-"
"22-JUL-2025","BIRDYS","Grill Splendour Ser Ltd","PARAS DOSHI","SELL","79,200","145.48","-"
"22-JUL-2025","BOHRAIND","Bohra Industries Limited","SPV RESORTS AND BANQUETS PRIVATE LIMITED","BUY","1,00,000","31.02","-"
"22-JUL-2025","CHAMUNDA","Chamunda Electrical Ltd","PARADISE MOON INVESTMENT FUND-I","SELL","75,000","55.27","-"
"22-JUL-2025","DENTA","Denta Water N Infra Sol L","HRTI PRIVATE LIMITED","SELL","1,54,641","372.34","-"
"22-JUL-2025","DENTA","Denta Water N Infra Sol L","HRTI PRIVATE LIMITED","BUY","1,70,805","370.72","-"
"22-JUL-2025","DENTA","Denta Water N Infra Sol L","QE SECURITIES LLP","SELL","1,56,592","372.74","-"
"22-JUL-2025","DENTA","Denta Water N Infra Sol L","QE SECURITIES LLP","BUY","1,59,644","375.02","-"
"22-JUL-2025","FALCONTECH","Falcon Technoproj Ind Ltd","SHAH SARALAL DIKSHITKUMAR","BUY","27,600","15.84","-"
"22-JUL-2025","GARUDA","Garuda Construct N Eng L","HRTI PRIVATE LIMITED","BUY","9,10,484","175.96","-"
"22-JUL-2025","GARUDA","Garuda Construct N Eng L","HRTI PRIVATE LIMITED","SELL","9,99,934","176.26","-"
"22-JUL-2025","GARUDA","Garuda Construct N Eng L","OM TRADING","BUY","53,055","177.96","-"
"22-JUL-2025","GARUDA","Garuda Construct N Eng L","OM TRADING","SELL","5,05,731","180.39","-"
"22-JUL-2025","HINDMOTORS","Hindustan Motors Limited","ANJU  BALDI","SELL","10,92,627","21.98","-"
"22-JUL-2025","HINDMOTORS","Hindustan Motors Limited","VITTHAL MAHESHWARI","SELL","12,00,500","21.98","-"
"22-JUL-2025","JAYNECOIND","Jayaswal Neco Industr Ltd","ASSETS CARE AND RECONSTRUCTION ENTERPRISE LIMITED","SELL","89,07,791","35.99","-"
"22-JUL-2025","KHANDSE","Khandwala Sec. Ltd","IRAGE BROKING SERVICES LLP","BUY","1,67,828","26.74","-"
"22-JUL-2025","KHANDSE","Khandwala Sec. Ltd","IRAGE BROKING SERVICES LLP","SELL","2,03,056","26.61","-"
"22-JUL-2025","KHANDSE","Khandwala Sec. Ltd","RIMPY MITTAL","SELL","2,77,670","26.82","-"
"22-JUL-2025","KHANDSE","Khandwala Sec. Ltd","RIMPY MITTAL","BUY","2,77,670","26.75","-"
"22-JUL-2025","LORDSCHLO","Lords Chloro Alkali Ltd","MULTIPLIER SHARE & STOCK ADVISORS PRIVATE LIMITED","BUY","1,50,000","228.57","-"
"22-JUL-2025","LORDSCHLO","Lords Chloro Alkali Ltd","MULTIPLIER SHARE & STOCK ADVISORS PRIVATE LIMITED","SELL","2,00,000","228.57","-"
"22-JUL-2025","OLIL","Oneclick Logistics Ind L","JYOTI AJAY KUMAR GUPTA","BUY","12,000","210.00","-"
"22-JUL-2025","OLIL","Oneclick Logistics Ind L","JYOTI AJAY KUMAR GUPTA","SELL","30,000","207.31","-"
"22-JUL-2025","PAISALO","Paisalo Digital Limited","GRAVITON RESEARCH CAPITAL LLP","BUY","53,99,968","32.84","-"
"22-JUL-2025","PAISALO","Paisalo Digital Limited","GRAVITON RESEARCH CAPITAL LLP","SELL","53,99,968","32.84","-"
"22-JUL-2025","PAISALO","Paisalo Digital Limited","HRTI PRIVATE LIMITED","SELL","44,11,756","32.81","-"
"22-JUL-2025","PAISALO","Paisalo Digital Limited","HRTI PRIVATE LIMITED","BUY","46,81,385","32.79","-"
"22-JUL-2025","POLYPLEX","Polyplex Corporation Ltd.","FIRST WATER FUND","BUY","2,00,000","1,125.00","-"
"22-JUL-2025","POLYPLEX","Polyplex Corporation Ltd.","HARESH TIKAMDAS KASWANI","SELL","2,00,000","1,125.00","-"
"22-JUL-2025","PROSTARM","Prostarm Info Systems Ltd","HRTI PRIVATE LIMITED","SELL","3,50,284","223.56","-"
"22-JUL-2025","PROSTARM","Prostarm Info Systems Ltd","HRTI PRIVATE LIMITED","BUY","3,52,711","223.42","-"
"22-JUL-2025","QFIL","Quality Foils (India) Ltd","NIKHIL MITTAL","SELL","20,000","60.55","-"
"22-JUL-2025","QUESTLAB","Quest Laboratories Ltd","RIKHAV SECURITIES LIMITED","SELL","2,01,600","97.03","-"
"22-JUL-2025","QUESTLAB","Quest Laboratories Ltd","YASHVI HITESH PATEL","BUY","1,75,200","96.97","-"
"22-JUL-2025","REXPIPES","Rex Pipes And Cables Ltd","AKHIL MITTAL (HUF)","BUY","50,000","132.00","-"
"22-JUL-2025","REXPIPES","Rex Pipes And Cables Ltd","VIBHOR KALA","SELL","50,000","132.00","-"
"22-JUL-2025","SAMBHV","Sambhv Steel Tubes Ltd","AAKRAYA RESEARCH LLP","SELL","32,63,631","141.58","-"
"22-JUL-2025","SAMBHV","Sambhv Steel Tubes Ltd","AAKRAYA RESEARCH LLP","BUY","32,63,631","141.50","-"
"22-JUL-2025","SAMBHV","Sambhv Steel Tubes Ltd","GRAVITON RESEARCH CAPITAL LLP","SELL","39,50,401","141.29","-"
"22-JUL-2025","SAMBHV","Sambhv Steel Tubes Ltd","GRAVITON RESEARCH CAPITAL LLP","BUY","39,50,401","141.20","-"
"22-JUL-2025","SAMBHV","Sambhv Steel Tubes Ltd","HRTI PRIVATE LIMITED","SELL","32,18,451","141.35","-"
"22-JUL-2025","SAMBHV","Sambhv Steel Tubes Ltd","HRTI PRIVATE LIMITED","BUY","36,55,279","141.71","-"
"22-JUL-2025","SAMBHV","Sambhv Steel Tubes Ltd","JUMP TRADING FINANCIAL INDIA PRIVATE LIMITED","BUY","22,39,962","142.30","-"
"22-JUL-2025","SAMBHV","Sambhv Steel Tubes Ltd","JUMP TRADING FINANCIAL INDIA PRIVATE LIMITED","SELL","22,39,962","141.95","-"
"22-JUL-2025","SAMBHV","Sambhv Steel Tubes Ltd","QE SECURITIES LLP","BUY","26,81,168","140.37","-"
"22-JUL-2025","SAMBHV","Sambhv Steel Tubes Ltd","QE SECURITIES LLP","SELL","26,89,700","140.65","-"
"22-JUL-2025","SAMBHV","Sambhv Steel Tubes Ltd","SSPL SECURITIES PRIVATE LIMITED","BUY","15,00,000","142.44","-"
"22-JUL-2025","SILVERTUC","Silver Touch Techno Ltd","RIKHAV SECURITIES LIMITED","BUY","1,122","716.99","-"
"22-JUL-2025","SILVERTUC","Silver Touch Techno Ltd","RIKHAV SECURITIES LIMITED","SELL","71,434","702.53","-"
"22-JUL-2025","SMARTEN","Smarten Power Systems Ltd","MANSI SHARE AND STOCK BROKING PRIVATE LIMITED","BUY","20,400","136.47","-"
"22-JUL-2025","SMARTEN","Smarten Power Systems Ltd","MANSI SHARE AND STOCK BROKING PRIVATE LIMITED","SELL","1,47,600","136.03","-"
"22-JUL-2025","SPRL","SP Refractories Limited","DHARAMPAL KASHIRAM NISHAD","BUY","10,400","152.00","-"
"22-JUL-2025","SPUNWEB","Spunweb Nonwoven Limited","DEVI TRADERS LLP","BUY","10,800","157.93","-"
"22-JUL-2025","SPUNWEB","Spunweb Nonwoven Limited","DEVI TRADERS LLP","SELL","2,76,000","165.60","-"
"22-JUL-2025","SPUNWEB","Spunweb Nonwoven Limited","ISHAAN TRADEFIN LLP","SELL","2,12,400","163.27","-"
"22-JUL-2025","SPUNWEB","Spunweb Nonwoven Limited","ISHAAN TRADEFIN LLP","BUY","2,62,800","163.42","-"
"22-JUL-2025","SPUNWEB","Spunweb Nonwoven Limited","MANSI SHARE AND STOCK BROKING PRIVATE LIMITED","BUY","60,000","166.45","-"
"22-JUL-2025","SPUNWEB","Spunweb Nonwoven Limited","MANSI SHARE AND STOCK BROKING PRIVATE LIMITED","SELL","1,40,400","166.45","-"
"22-JUL-2025","SUMEETINDS","Sumeet Ind Limited","CAPRI FINSERV ADVISORS LLP","SELL","29,728","124.51","-"
"22-JUL-2025","SUNREST","Sunrest Lifescience Ltd","NIKHILKUMAR YASHVNTLAL THAKKAR","SELL","1,48,800","50.51","-"
"22-JUL-2025","SUNREST","Sunrest Lifescience Ltd","PRAKASH GOURISANKAR JHUNJHUNWALA","BUY","1,05,600","50.50","-"
"22-JUL-2025","TGBHOTELS","Bhagwati Banquets And Hot","RIMPY MITTAL","BUY","2,26,129","12.70","-"
"22-JUL-2025","TGBHOTELS","Bhagwati Banquets And Hot","RIMPY MITTAL","SELL","2,26,129","12.81","-"
"22-JUL-2025","TI","Tilaknagar Industries Ltd","GRAVITON RESEARCH CAPITAL LLP","SELL","11,12,126","446.47","-"
"22-JUL-2025","TI","Tilaknagar Industries Ltd","GRAVITON RESEARCH CAPITAL LLP","BUY","11,14,129","445.59","-"
"22-JUL-2025","TI","Tilaknagar Industries Ltd","HRTI PRIVATE LIMITED","SELL","12,63,929","451.02","-"
"22-JUL-2025","TI","Tilaknagar Industries Ltd","HRTI PRIVATE LIMITED","BUY","12,82,561","449.26","-"
"22-JUL-2025","TTL-RE","T T Ltd","CROMEWELL ENTERPRISE PRIVATE LIMITED","SELL","1,49,327","0.65","-"
"22-JUL-2025","TTL-RE","T T Ltd","CROMEWELL ENTERPRISE PRIVATE LIMITED","BUY","4,21,036","0.56","-"
"22-JUL-2025","TTL-RE","T T Ltd","NADEEM AKHTAR","SELL","2,10,019","0.62","-"
"22-JUL-2025","TTL-RE","T T Ltd","T T BRANDS LIMITED","BUY","100","0.68","-"
"22-JUL-2025","TTL-RE","T T Ltd","T T BRANDS LIMITED","SELL","6,63,831","0.57","-"
"22-JUL-2025","TTL-RE","T T Ltd","VINITHA MANISH JAIN","SELL","3,69,964","0.56","-"
"22-JUL-2025","TTL-RE","T T Ltd","YOGESH KUMAR","BUY","2,00,000","0.59","-"
"22-JUL-2025","TTL-RE","T T Ltd","YOGESH KUMAR CHADHA","BUY","2,94,500","0.63","-"
"22-JUL-2025","VCL","Vaxtex Cotfab Limited","NEEL RAMESHBHAI GAJERA","SELL","2,09,630","0.93","-"
"22-JUL-2025","VCL","Vaxtex Cotfab Limited","NEEL RAMESHBHAI GAJERA","BUY","12,51,828","0.99","-"
"22-JUL-2025","VINCOFE","Vintage Coffee N Bvrgs L","JITENDRA RASIKLAL SANGHAVI","BUY","4,75,000","147.92","-"
"22-JUL-2025","VINCOFE","Vintage Coffee N Bvrgs L","JITENDRA RASIKLAL SANGHAVI","SELL","9,34,052","152.10","-"
"22-JUL-2025","VINCOFE","Vintage Coffee N Bvrgs L","L7 HITECH PRIVATE LIMITED","BUY","5,42,707","153.24","-"
"22-JUL-2025","VINCOFE","Vintage Coffee N Bvrgs L","L7 HITECH PRIVATE LIMITED","SELL","8,07,252","152.05","-"
"22-JUL-2025","VOLERCAR","Voler Car Limited","EUROPLUS ONE REALTY PRIVATE LIMITED","SELL","83,200","140.37","-"