﻿"Date ","Symbol ","Security Name ","Client Name ","Buy / Sell ","Quantity Traded ","Trade Price / Wght. Avg. Price ","Remarks "
"04-AUG-2025","AISL","ANI Integrated Serv Ltd.","MAVERICK COMMODITY BROKERS PRIAVTE LIMITED","SELL","63,600","91.58","-"
"04-AUG-2025","GATECHDVR","GACM Technologies Limited","VENKATA TIRUPATI RAO JONNA","SELL","53,72,199","0.50","-"
"04-AUG-2025","JAYNECOIND","Jayaswal Neco Industr Ltd","CRONY VYAPAR PVT LTD","BUY","71,65,131","50.21","-"
"04-AUG-2025","JAYNECOIND","Jayaswal Neco Industr Ltd","CRONY VYAPAR PVT LTD","SELL","71,65,131","50.41","-"
"04-AUG-2025","JAYNECOIND","Jayaswal Neco Industr Ltd","GRAVITON RESEARCH CAPITAL LLP","SELL","79,06,512","49.93","-"
"04-AUG-2025","JAYNECOIND","Jayaswal Neco Industr Ltd","GRAVITON RESEARCH CAPITAL LLP","BUY","79,10,225","49.92","-"
"04-AUG-2025","JAYNECOIND","Jayaswal Neco Industr Ltd","HRTI PRIVATE LIMITED","SELL","97,21,971","50.28","-"
"04-AUG-2025","JAYNECOIND","Jayaswal Neco Industr Ltd","HRTI PRIVATE LIMITED","BUY","1,02,26,017","50.20","-"
"04-AUG-2025","JAYNECOIND","Jayaswal Neco Industr Ltd","QE SECURITIES LLP","BUY","59,66,524","50.03","-"
"04-AUG-2025","JAYNECOIND","Jayaswal Neco Industr Ltd","QE SECURITIES LLP","SELL","63,49,075","50.03","-"
"04-AUG-2025","MAMATA","Mamata Machinery Limited","HRTI PRIVATE LIMITED","SELL","1,09,091","478.35","-"
"04-AUG-2025","MAMATA","Mamata Machinery Limited","HRTI PRIVATE LIMITED","BUY","1,32,414","474.51","-"
"04-AUG-2025","MCON","Mcon Rasayan India Ltd","DEVENDRA AGARWAL","BUY","38,000","81.71","-"
"04-AUG-2025","MOTOGENFIN","Motor & Gen Fin Ltd","IRAGE BROKING SERVICES LLP","BUY","1,57,595","27.90","-"
"04-AUG-2025","MOTOGENFIN","Motor & Gen Fin Ltd","IRAGE BROKING SERVICES LLP","SELL","2,00,754","28.11","-"
"04-AUG-2025","MOTOGENFIN","Motor & Gen Fin Ltd","RIMPY MITTAL","SELL","2,99,287","27.92","-"
"04-AUG-2025","MOTOGENFIN","Motor & Gen Fin Ltd","RIMPY MITTAL","BUY","2,99,287","28.31","-"
"04-AUG-2025","NETWEB","Netweb Tech India Ltd","GRAVITON RESEARCH CAPITAL LLP","SELL","3,48,555","2,255.70","-"
"04-AUG-2025","NETWEB","Netweb Tech India Ltd","GRAVITON RESEARCH CAPITAL LLP","BUY","3,48,555","2,254.19","-"
"04-AUG-2025","ORTINGLOBE","ORTIN GLOBAL LIMITED","PRABHA RAMESHKUMAR GUPTA","SELL","50,000","16.38","-"
"04-AUG-2025","PSPPROJECT","PSP Projects Limited","GRAVITON RESEARCH CAPITAL LLP","BUY","3,23,190","676.83","-"
"04-AUG-2025","PSPPROJECT","PSP Projects Limited","GRAVITON RESEARCH CAPITAL LLP","SELL","3,23,190","677.39","-"
"04-AUG-2025","PSPPROJECT","PSP Projects Limited","PRAHALADBHAI SHIVRAMBHAI PATEL","SELL","6,00,000","625.00","-"
"04-AUG-2025","SADHNANIQ","Sadhana Nitrochem Limited","ANKITA VISHAL SHAH","BUY","19,83,079","6.80","-"
"04-AUG-2025","STYLEBAAZA","Baazar Style Retail Ltd","GRAVITON RESEARCH CAPITAL LLP","BUY","4,88,187","288.62","-"
"04-AUG-2025","STYLEBAAZA","Baazar Style Retail Ltd","GRAVITON RESEARCH CAPITAL LLP","SELL","4,88,187","288.63","-"
"04-AUG-2025","SUNREST","Sunrest Lifescience Ltd","AMITBHAI SHAMBHULAL THAKKAR","SELL","56,000","52.00","-"
"04-AUG-2025","SUNREST","Sunrest Lifescience Ltd","BHAGYESH KIRITBHAI PAREKH","SELL","43,200","52.01","-"
"04-AUG-2025","SUNREST","Sunrest Lifescience Ltd","RIKHAV SECURITIES LIMITED","BUY","72,000","52.00","-"
"04-AUG-2025","TAINWALCHM","Tainwala Chem & Plastics","NK SECURITIES RESEARCH PRIVATE LIMITED","SELL","53,361","261.25","-"
"04-AUG-2025","TAINWALCHM","Tainwala Chem & Plastics","NK SECURITIES RESEARCH PRIVATE LIMITED","BUY","53,361","260.82","-"
"04-AUG-2025","VALIANT-RE","Valiant Laboratories Ltd","MARWADI SHARES AND FINANCE LTD.","BUY","68,750","10.80","-"
"04-AUG-2025","VALIANT-RE","Valiant Laboratories Ltd","NECTA BLOOM VCC - NECTA BLOOM ONE","SELL","68,750","10.80","-"
"04-AUG-2025","VCL","Vaxtex Cotfab Limited","VAXFAB ENTERPRISES LIMITED","SELL","10,79,445","1.27","-"
"04-AUG-2025","VIMTALABS","Vimta Labs Limited","AAKRAYA RESEARCH LLP","BUY","3,06,943","657.66","-"
"04-AUG-2025","VIMTALABS","Vimta Labs Limited","AAKRAYA RESEARCH LLP","SELL","3,06,943","657.87","-"
"04-AUG-2025","VIMTALABS","Vimta Labs Limited","HRTI PRIVATE LIMITED","SELL","4,06,620","659.65","-"
"04-AUG-2025","VIMTALABS","Vimta Labs Limited","HRTI PRIVATE LIMITED","BUY","4,32,677","657.84","-"
"04-AUG-2025","YATHARTH","Yatharth Hosp & Tra C S L","PURNARTHA INVESTMENT ADVISERS PRIVATE LIMITED","BUY","5,78,578","649.90","-"
"04-AUG-2025","ZUARI","Zuari Agro Chemicals Ltd","AAKRAYA RESEARCH LLP","BUY","2,19,151","326.25","-"
"04-AUG-2025","ZUARI","Zuari Agro Chemicals Ltd","AAKRAYA RESEARCH LLP","SELL","2,19,151","326.22","-"
"04-AUG-2025","ZUARI","Zuari Agro Chemicals Ltd","HRTI PRIVATE LIMITED","BUY","3,22,702","325.05","-"
"04-AUG-2025","ZUARI","Zuari Agro Chemicals Ltd","HRTI PRIVATE LIMITED","SELL","4,02,633","325.50","-"