﻿"Date ","Symbol ","Security Name ","Client Name ","Buy / Sell ","Quantity Traded ","Trade Price / Wght. Avg. Price ","Remarks "
"10-SEP-2025","AFIL","Akme Fintrade (India) Ltd","INDIAN INFOTECH AND SOFTWARE LIMITED","BUY","35,77,877","7.40","-"
"10-SEP-2025","AFIL","Akme Fintrade (India) Ltd","SUBHASH PHOOTARMAL RATHOD","BUY","24,10,859","7.59","-"
"10-SEP-2025","AHCL","Anlon Healthcare Limited","NEOMILE CORPORATE ADVISORY LIMITED","SELL","3,36,212","106.64","-"
"10-SEP-2025","AHCL","Anlon Healthcare Limited","NEOMILE CORPORATE ADVISORY LIMITED","BUY","6,70,904","106.64","-"
"10-SEP-2025","AMANTA","Amanta Healthcare Limited","AARTH.AIF GROWTH FUND","BUY","2,00,000","145.24","-"
"10-SEP-2025","AMANTA","Amanta Healthcare Limited","NAVRATRI SHARE TRADING PRIVATE LIMITED .","BUY","8,898","141.81","-"
"10-SEP-2025","AMANTA","Amanta Healthcare Limited","NAVRATRI SHARE TRADING PRIVATE LIMITED .","SELL","2,20,000","148.82","-"
"10-SEP-2025","APEX","Apex Frozen Foods Limited","BYTES AND PIXELS FINSOFT LLP .","SELL","2,43,000","263.29","-"
"10-SEP-2025","APEX","Apex Frozen Foods Limited","BYTES AND PIXELS FINSOFT LLP .","BUY","2,43,000","262.98","-"
"10-SEP-2025","APEX","Apex Frozen Foods Limited","D3 STOCK VISION LLP","BUY","1,61,467","263.05","-"
"10-SEP-2025","APEX","Apex Frozen Foods Limited","D3 STOCK VISION LLP","SELL","1,61,467","263.01","-"
"10-SEP-2025","APEX","Apex Frozen Foods Limited","FINGROW INVESTMENT VENTURES PRIVATE LIMITED .","BUY","1,74,200","263.33","-"
"10-SEP-2025","APEX","Apex Frozen Foods Limited","FINGROW INVESTMENT VENTURES PRIVATE LIMITED .","SELL","1,74,200","262.33","-"
"10-SEP-2025","APEX","Apex Frozen Foods Limited","MARWADI CHANDARANA INTERMEDIARIES BROKERS PRIVATE LIMITED","BUY","1,08,645","261.58","-"
"10-SEP-2025","APEX","Apex Frozen Foods Limited","MARWADI CHANDARANA INTERMEDIARIES BROKERS PRIVATE LIMITED","SELL","1,77,645","259.88","-"
"10-SEP-2025","APEX","Apex Frozen Foods Limited","NEO APEX SHARE BROKING SERVICES LLP","BUY","2,27,868","263.19","-"
"10-SEP-2025","APEX","Apex Frozen Foods Limited","NEO APEX SHARE BROKING SERVICES LLP","SELL","2,27,868","263.05","-"
"10-SEP-2025","APEX","Apex Frozen Foods Limited","NK SECURITIES RESEARCH PRIVATE LIMITED","BUY","3,59,346","255.85","-"
"10-SEP-2025","APEX","Apex Frozen Foods Limited","NK SECURITIES RESEARCH PRIVATE LIMITED","SELL","3,59,346","256.19","-"
"10-SEP-2025","APEX","Apex Frozen Foods Limited","OM TRADING","SELL","2,44,410","263.35","-"
"10-SEP-2025","APEX","Apex Frozen Foods Limited","OM TRADING","BUY","2,51,692","262.06","-"
"10-SEP-2025","APEX","Apex Frozen Foods Limited","YUGA STOCKS AND COMMODITIES PRIVATE LIMITED","BUY","1,95,000","261.27","-"
"10-SEP-2025","APEX","Apex Frozen Foods Limited","YUGA STOCKS AND COMMODITIES PRIVATE LIMITED","SELL","1,95,000","261.98","-"
"10-SEP-2025","ATLANTAA","ATLANTAA LIMITED","MANSI SHARE AND STOCK BROKING PRIVATE LIMITED","BUY","4,05,546","43.35","-"
"10-SEP-2025","ATLANTAA","ATLANTAA LIMITED","MANSI SHARE AND STOCK BROKING PRIVATE LIMITED","SELL","4,80,326","43.64","-"
"10-SEP-2025","AVANTIFEED","Avanti Feeds Limited","GRAVITON RESEARCH CAPITAL LLP","SELL","12,92,582","743.43","-"
"10-SEP-2025","AVANTIFEED","Avanti Feeds Limited","GRAVITON RESEARCH CAPITAL LLP","BUY","12,92,582","742.68","-"
"10-SEP-2025","BAJEL","Bajel Projects Limited","HDFC MUTUAL FUND","SELL","8,93,098","195.01","-"
"10-SEP-2025","BORANA","Borana Weaves Limited","AFFLUENCE GEMS PRIVATELIMITED","SELL","1,59,467","219.62","-"
"10-SEP-2025","CEDAAR","Cedaar Textile Limited","INDIAN INFOTECH AND SOFTWARE LIMITED","BUY","1,01,000","109.00","-"
"10-SEP-2025","CEDAAR","Cedaar Textile Limited","NNM SECURITIES PVT LTD","SELL","1,01,000","109.00","-"
"10-SEP-2025","CLASSICEIL","Classic Electrode (Ind) L","BRN COMMODITIES & TRADING CO. PVT. LTD","BUY","94,400","83.64","-"
"10-SEP-2025","CLASSICEIL","Classic Electrode (Ind) L","KAMINI CHOUDHARY","BUY","1,00,800","84.38","-"
"10-SEP-2025","CLASSICEIL","Classic Electrode (Ind) L","MILI CONSULTANTS & INV. P. LTD","SELL","94,400","83.64","-"
"10-SEP-2025","CURRENT","Current Infraprojects Ltd","DEVI TRADERS LLP","BUY","1,600","131.05","-"
"10-SEP-2025","CURRENT","Current Infraprojects Ltd","DEVI TRADERS LLP","SELL","97,600","131.40","-"
"10-SEP-2025","DCMNVL","DCM Nouvelle Limited","NX BLOCK TRADES PRIVATE LIMITED","BUY","1,00,000","159.49","-"
"10-SEP-2025","DCMNVL","DCM Nouvelle Limited","SUMAN K BANG","SELL","1,05,558","159.60","-"
"10-SEP-2025","DHARIWAL","Dhariwalcorp Limited","YAGNIK BHARATKUMAR TANK","SELL","76,800","182.97","-"
"10-SEP-2025","DIAMONDYD","Prataap Snacks Limited","SARAVANA SECURITIES  D.SATHYAMOORTHI","SELL","1,30,000","998.81","-"
"10-SEP-2025","DIGIDRIVE","Digidrive Distributors L","MALABAR INDIA FUND LIMITED","SELL","11,25,000","32.00","-"
"10-SEP-2025","DIGIDRIVE","Digidrive Distributors L","QUEST CAPITAL MARKETS LIMITED","BUY","11,25,000","32.00","-"
"10-SEP-2025","DNAMEDIA","Diligent Media Corp Ltd.","RIMPY MITTAL","BUY","8,27,349","5.17","-"
"10-SEP-2025","DNAMEDIA","Diligent Media Corp Ltd.","RIMPY MITTAL","SELL","9,43,241","5.26","-"
"10-SEP-2025","FALCONTECH","Falcon Technoproj Ind Ltd","GAURAV","BUY","28,800","22.29","-"
"10-SEP-2025","HCG","Healthcare Glob. Ent. Ltd","ACESO COMPANY PTE LTD.","SELL","16,41,913","695.01","-"
"10-SEP-2025","HCG","Healthcare Glob. Ent. Ltd","ACESO COMPANY PTE LTD.","SELL","63,00,000","695.00","-"
"10-SEP-2025","HCG","Healthcare Glob. Ent. Ltd","AXIS MUTUAL FUND","BUY","9,52,700","695.00","-"
"10-SEP-2025","HCG","Healthcare Glob. Ent. Ltd","MORGAN STANLEY ASIA SINGAPORE PTE","BUY","8,80,000","695.00","-"
"10-SEP-2025","HCG","Healthcare Glob. Ent. Ltd","NIPPON INDIA MUTUAL FUND","BUY","44,00,000","695.00","-"
"10-SEP-2025","HCG","Healthcare Glob. Ent. Ltd","PLUTUS WEALTH MANAGEMENT LLP","BUY","7,20,000","695.00","-"
"10-SEP-2025","INDOTHAI","Indo Thai Sec Ltd","YAGNIK BHARATKUMAR TANK","BUY","3,92,245","179.37","-"
"10-SEP-2025","INDOTHAI","Indo Thai Sec Ltd","YAGNIK BHARATKUMAR TANK","SELL","15,69,664","166.10","-"
"10-SEP-2025","JAINIK","Jainik Power Cables Ltd","SURESH ZUNZUNWALA","BUY","78,000","124.00","-"
"10-SEP-2025","KANDARP","Kandarp Dg Smart Bpo Ltd","RAAVI ENTERPRISE","BUY","80,000","107.92","-"
"10-SEP-2025","KOTAKBANK","Kotak Mahindra Bank Limit","SUMITOMO MITSUI BANKING CORPORATION","SELL","1,58,34,820","1,940.80","-"
"10-SEP-2025","KOTAKBANK","Kotak Mahindra Bank Limit","SUMITOMO MITSUI BANKING CORPORATION","SELL","1,64,00,000","1,940.80","-"
"10-SEP-2025","LAXMICOT","Laxmi Cotspin Limited","RAJURI STEELS & TMT BARS PRIVATE LIMITED","BUY","1,00,000","24.72","-"
"10-SEP-2025","LAXMICOT","Laxmi Cotspin Limited","SAFFORD MERCANTILE PVTLTD","SELL","1,10,000","24.73","-"
"10-SEP-2025","LAXMIINDIA","Laxmi India Finance Ltd","HRTI PRIVATE LIMITED","BUY","2,68,082","166.73","-"
"10-SEP-2025","LAXMIINDIA","Laxmi India Finance Ltd","HRTI PRIVATE LIMITED","SELL","3,11,464","167.43","-"
"10-SEP-2025","LAXMIINDIA","Laxmi India Finance Ltd","JUNOMONETA FINSOL PRIVATE LIMITED","SELL","3,90,879","167.61","-"
"10-SEP-2025","LAXMIINDIA","Laxmi India Finance Ltd","JUNOMONETA FINSOL PRIVATE LIMITED","BUY","3,90,879","167.47","-"
"10-SEP-2025","MAMATA","Mamata Machinery Limited","DIPAN MEHTA COMMODITIES PRIVATE LIMITED","SELL","1,59,664","481.51","-"
"10-SEP-2025","MAMATA","Mamata Machinery Limited","DIPAN MEHTA COMMODITIES PRIVATE LIMITED","BUY","1,70,164","480.99","-"
"10-SEP-2025","MAMATA","Mamata Machinery Limited","ELIXIR WEALTH MANAGEMENT PRIVATE LIMITED","SELL","3,43,369","481.01","-"
"10-SEP-2025","MAMATA","Mamata Machinery Limited","ELIXIR WEALTH MANAGEMENT PRIVATE LIMITED","BUY","3,55,073","480.50","-"
"10-SEP-2025","MAMATA","Mamata Machinery Limited","GRAVITON RESEARCH CAPITAL LLP","BUY","4,42,139","464.97","-"
"10-SEP-2025","MAMATA","Mamata Machinery Limited","GRAVITON RESEARCH CAPITAL LLP","SELL","4,42,139","465.72","-"
"10-SEP-2025","MAMATA","Mamata Machinery Limited","HRTI PRIVATE LIMITED","SELL","3,11,912","467.80","-"
"10-SEP-2025","MAMATA","Mamata Machinery Limited","HRTI PRIVATE LIMITED","BUY","3,18,463","469.34","-"
"10-SEP-2025","MAMATA","Mamata Machinery Limited","IRAGE BROKING SERVICES LLP","SELL","1,58,872","478.52","-"
"10-SEP-2025","MAMATA","Mamata Machinery Limited","IRAGE BROKING SERVICES LLP","BUY","2,46,980","477.48","-"
"10-SEP-2025","MAMATA","Mamata Machinery Limited","JUMP TRADING FINANCIAL INDIA PRIVATE LIMITED","BUY","1,84,160","482.36","-"
"10-SEP-2025","MAMATA","Mamata Machinery Limited","JUMP TRADING FINANCIAL INDIA PRIVATE LIMITED","SELL","1,84,160","483.56","-"
"10-SEP-2025","MAMATA","Mamata Machinery Limited","JUNOMONETA FINSOL PRIVATE LIMITED","SELL","4,80,998","474.15","-"
"10-SEP-2025","MAMATA","Mamata Machinery Limited","JUNOMONETA FINSOL PRIVATE LIMITED","BUY","4,80,998","473.73","-"
"10-SEP-2025","MAMATA","Mamata Machinery Limited","MATHISYS ADVISORS LLP","BUY","1,31,513","466.51","-"
"10-SEP-2025","MAMATA","Mamata Machinery Limited","MATHISYS ADVISORS LLP","SELL","1,31,990","465.80","-"
"10-SEP-2025","MAMATA","Mamata Machinery Limited","MUSIGMA SECURITIES","SELL","3,32,744","476.60","-"
"10-SEP-2025","MAMATA","Mamata Machinery Limited","MUSIGMA SECURITIES","BUY","3,32,744","476.41","-"
"10-SEP-2025","MAMATA","Mamata Machinery Limited","NK SECURITIES RESEARCH PRIVATE LIMITED","SELL","3,50,224","472.73","-"
"10-SEP-2025","MAMATA","Mamata Machinery Limited","NK SECURITIES RESEARCH PRIVATE LIMITED","BUY","3,50,224","472.49","-"
"10-SEP-2025","MAMATA","Mamata Machinery Limited","PACE STOCK BROKING SERVICES PVT LTD","BUY","1,97,985","478.07","-"
"10-SEP-2025","MAMATA","Mamata Machinery Limited","PACE STOCK BROKING SERVICES PVT LTD","SELL","1,97,985","478.31","-"
"10-SEP-2025","MAMATA","Mamata Machinery Limited","PRRSAAR COMMODITIES PVT LTD","BUY","1,43,959","472.50","-"
"10-SEP-2025","MAMATA","Mamata Machinery Limited","PRRSAAR COMMODITIES PVT LTD","SELL","1,43,959","473.26","-"
"10-SEP-2025","MAMATA","Mamata Machinery Limited","QE SECURITIES LLP","BUY","2,33,717","463.49","-"
"10-SEP-2025","MAMATA","Mamata Machinery Limited","QE SECURITIES LLP","SELL","2,37,085","465.18","-"
"10-SEP-2025","MAMATA","Mamata Machinery Limited","SILVER LINE VENTURES PRIVATE LIMITED","SELL","1,50,471","476.58","-"
"10-SEP-2025","MAMATA","Mamata Machinery Limited","SILVER LINE VENTURES PRIVATE LIMITED","BUY","1,50,471","475.33","-"
"10-SEP-2025","MAMATA","Mamata Machinery Limited","SILVERLEAF CAPITAL SERVICES PRIVATE LIMITED","BUY","1,52,047","469.29","-"
"10-SEP-2025","MAMATA","Mamata Machinery Limited","SILVERLEAF CAPITAL SERVICES PRIVATE LIMITED","SELL","1,52,047","469.68","-"
"10-SEP-2025","MICEL","MIC Electronics Ltd","HRTI PRIVATE LIMITED","SELL","42,86,141","72.15","-"
"10-SEP-2025","MICEL","MIC Electronics Ltd","HRTI PRIVATE LIMITED","BUY","43,29,326","71.94","-"
"10-SEP-2025","MICEL","MIC Electronics Ltd","IRAGE BROKING SERVICES LLP","SELL","19,58,405","73.88","-"
"10-SEP-2025","MICEL","MIC Electronics Ltd","IRAGE BROKING SERVICES LLP","BUY","24,28,604","74.32","-"
"10-SEP-2025","MICEL","MIC Electronics Ltd","JUNOMONETA FINSOL PRIVATE LIMITED","SELL","35,59,095","72.63","-"
"10-SEP-2025","MICEL","MIC Electronics Ltd","JUNOMONETA FINSOL PRIVATE LIMITED","BUY","35,59,095","72.57","-"
"10-SEP-2025","MICEL","MIC Electronics Ltd","MUSIGMA SECURITIES","SELL","12,54,804","74.41","-"
"10-SEP-2025","MICEL","MIC Electronics Ltd","MUSIGMA SECURITIES","BUY","12,54,804","74.36","-"
"10-SEP-2025","MICEL","MIC Electronics Ltd","NEO APEX VENTURE LLP","BUY","12,24,238","77.42","-"
"10-SEP-2025","MICEL","MIC Electronics Ltd","NEO APEX VENTURE LLP","SELL","12,24,238","77.37","-"
"10-SEP-2025","MICEL","MIC Electronics Ltd","NK SECURITIES RESEARCH PRIVATE LIMITED","SELL","18,22,674","75.47","-"
"10-SEP-2025","MICEL","MIC Electronics Ltd","NK SECURITIES RESEARCH PRIVATE LIMITED","BUY","18,22,674","75.42","-"
"10-SEP-2025","MICEL","MIC Electronics Ltd","QE SECURITIES LLP","BUY","15,56,416","72.69","-"
"10-SEP-2025","MICEL","MIC Electronics Ltd","QE SECURITIES LLP","SELL","15,60,011","72.42","-"
"10-SEP-2025","MICEL","MIC Electronics Ltd","SHARE INDIA SECURITIES LIMITED","SELL","15,56,378","75.49","-"
"10-SEP-2025","MICEL","MIC Electronics Ltd","SHARE INDIA SECURITIES LIMITED","BUY","15,57,773","75.52","-"
"10-SEP-2025","MOBIKWIK","One Mobikwik Systems Ltd","HRTI PRIVATE LIMITED","SELL","16,72,946","315.48","-"
"10-SEP-2025","MOBIKWIK","One Mobikwik Systems Ltd","HRTI PRIVATE LIMITED","BUY","17,49,907","313.14","-"
"10-SEP-2025","MOBIKWIK","One Mobikwik Systems Ltd","JUMP TRADING FINANCIAL INDIA PRIVATE LIMITED","BUY","8,83,529","311.98","-"
"10-SEP-2025","MOBIKWIK","One Mobikwik Systems Ltd","JUMP TRADING FINANCIAL INDIA PRIVATE LIMITED","SELL","8,83,529","315.59","-"
"10-SEP-2025","MOBIKWIK","One Mobikwik Systems Ltd","JUNOMONETA FINSOL PRIVATE LIMITED","SELL","7,72,401","314.55","-"
"10-SEP-2025","MOBIKWIK","One Mobikwik Systems Ltd","JUNOMONETA FINSOL PRIVATE LIMITED","BUY","7,72,401","314.43","-"
"10-SEP-2025","MOBIKWIK","One Mobikwik Systems Ltd","MUSIGMA SECURITIES","SELL","6,56,313","315.75","-"
"10-SEP-2025","MOBIKWIK","One Mobikwik Systems Ltd","MUSIGMA SECURITIES","BUY","6,56,313","315.69","-"
"10-SEP-2025","MOBIKWIK","One Mobikwik Systems Ltd","NK SECURITIES RESEARCH PRIVATE LIMITED","SELL","4,69,460","315.92","-"
"10-SEP-2025","MOBIKWIK","One Mobikwik Systems Ltd","NK SECURITIES RESEARCH PRIVATE LIMITED","BUY","4,69,460","315.77","-"
"10-SEP-2025","MOBIKWIK","One Mobikwik Systems Ltd","QE SECURITIES LLP","BUY","7,51,940","313.73","-"
"10-SEP-2025","MOBIKWIK","One Mobikwik Systems Ltd","QE SECURITIES LLP","SELL","7,53,561","316.20","-"
"10-SEP-2025","MOSCHIP","Moschip Technologies Ltd","HRTI PRIVATE LIMITED","BUY","19,04,726","235.17","-"
"10-SEP-2025","MOSCHIP","Moschip Technologies Ltd","HRTI PRIVATE LIMITED","SELL","23,09,605","236.45","-"
"10-SEP-2025","MOSCHIP","Moschip Technologies Ltd","JUNOMONETA FINSOL PRIVATE LIMITED","SELL","12,78,000","236.27","-"
"10-SEP-2025","MOSCHIP","Moschip Technologies Ltd","JUNOMONETA FINSOL PRIVATE LIMITED","BUY","12,78,000","236.13","-"
"10-SEP-2025","NGIL","Nakoda Group of Ind. Ltd","MNM STOCK BROKING PVT LTD","SELL","87,997","36.12","-"
"10-SEP-2025","NGIL","Nakoda Group of Ind. Ltd","MNM STOCK BROKING PVT LTD","BUY","1,36,498","36.16","-"
"10-SEP-2025","OPTIVALUE","Optivalue Tek Consult Ltd","ANUP GUPTA","BUY","2,41,600","103.18","-"
"10-SEP-2025","OPTIVALUE","Optivalue Tek Consult Ltd","GOPI KISHAN MALANI","BUY","2,00,000","103.60","-"
"10-SEP-2025","OPTIVALUE","Optivalue Tek Consult Ltd","L7 HITECH PRIVATE LIMITED","BUY","3,16,800","103.60","-"
"10-SEP-2025","OPTIVALUE","Optivalue Tek Consult Ltd","PG FOILS LIMITED","BUY","6,48,000","104.32","-"
"10-SEP-2025","PAISALO","Paisalo Digital Limited","EQUILIBRATED VENTURE CFLOW PRIVATE LIMITED","BUY","46,04,670","37.48","-"
"10-SEP-2025","PFOCUS","Prime Focus Limited","RAMDOOT REALTORS PVT LTD","SELL","16,24,986","192.63","-"
"10-SEP-2025","PFOCUS","Prime Focus Limited","RAMDOOT REALTORS PVT LTD","BUY","18,14,915","192.78","-"
"10-SEP-2025","POLYSIL","Polysil Irrigation Syst L","YAGNIK BHARATKUMAR TANK","BUY","16,000","193.95","-"
"10-SEP-2025","POLYSIL","Polysil Irrigation Syst L","YAGNIK BHARATKUMAR TANK","SELL","1,14,000","186.35","-"
"10-SEP-2025","PRECAM","Precision Camshafts Ltd.","JUNOMONETA FINSOL PRIVATE LIMITED","SELL","4,88,885","237.70","-"
"10-SEP-2025","PRECAM","Precision Camshafts Ltd.","JUNOMONETA FINSOL PRIVATE LIMITED","BUY","4,90,423","237.57","-"
"10-SEP-2025","PSRAJ","P S Raj Steels Limited","VIKASA INDIA EIF I FUND - SHARE CLASS P","SELL","40,000","145.13","-"
"10-SEP-2025","RNPL","Renol Polychem Limited","KAMAL ASNANI","SELL","34,800","73.90","-"
"10-SEP-2025","RNPL","Renol Polychem Limited","KAMAL ASNANI","BUY","48,000","70.50","-"
"10-SEP-2025","RNPL","Renol Polychem Limited","NORTH STAR OPPORTUNITIES FUND VCC-BULL VALUE INCORPORATED VCC SUB-FUND","SELL","48,000","70.50","-"
"10-SEP-2025","SARVES-RE","Sarveshwar Foods Limited","CREDENT GLOBAL FINANCE LIMITED","BUY","15,87,300","0.27","-"
"10-SEP-2025","SARVES-RE","Sarveshwar Foods Limited","ROHIT GUPTA","SELL","1,04,94,396","0.26","-"
"10-SEP-2025","SHANTI","Shanti Overseas (Ind) Ltd","HEMAL ARUNBHAI MEHTA","BUY","67,000","9.76","-"
"10-SEP-2025","SIGMA","Sigma Solve Limited","CNM FINVEST PRIVATE LIMITED .","BUY","62,479","467.72","-"
"10-SEP-2025","SIGMA","Sigma Solve Limited","CNM FINVEST PRIVATE LIMITED .","SELL","62,479","466.79","-"
"10-SEP-2025","SILLYMONKS","Silly Monks Entertain Ltd","AMIT KUMAR JAIN HUF","SELL","61,575","17.10","-"
"10-SEP-2025","SILLYMONKS","Silly Monks Entertain Ltd","AMIT KUMAR JAIN HUF","BUY","61,575","17.61","-"
"10-SEP-2025","SULA","Sula Vineyards Limited","GRAVITON RESEARCH CAPITAL LLP","SELL","4,74,253","289.19","-"
"10-SEP-2025","SULA","Sula Vineyards Limited","GRAVITON RESEARCH CAPITAL LLP","BUY","4,74,253","289.17","-"
"10-SEP-2025","TOLINS","Tolins Tyres Limited","NK SECURITIES RESEARCH PRIVATE LIMITED","SELL","2,18,621","176.39","-"
"10-SEP-2025","TOLINS","Tolins Tyres Limited","NK SECURITIES RESEARCH PRIVATE LIMITED","BUY","2,18,621","176.11","-"
"10-SEP-2025","VIKRAMSOLR","Vikram Solar Limited","GRAVITON RESEARCH CAPITAL LLP","BUY","40,33,305","391.29","-"
"10-SEP-2025","VIKRAMSOLR","Vikram Solar Limited","GRAVITON RESEARCH CAPITAL LLP","SELL","40,33,305","391.47","-"
"10-SEP-2025","VIKRAMSOLR","Vikram Solar Limited","HRTI PRIVATE LIMITED","SELL","16,54,158","391.55","-"
"10-SEP-2025","VIKRAMSOLR","Vikram Solar Limited","HRTI PRIVATE LIMITED","BUY","19,69,116","390.06","-"
"10-SEP-2025","VIKRAMSOLR","Vikram Solar Limited","JUNOMONETA FINSOL PRIVATE LIMITED","SELL","23,04,250","390.73","-"
"10-SEP-2025","VIKRAMSOLR","Vikram Solar Limited","JUNOMONETA FINSOL PRIVATE LIMITED","BUY","23,04,250","390.46","-"
"10-SEP-2025","VIKRAN","Vikran Engineering Ltd","GRAVITON RESEARCH CAPITAL LLP","SELL","15,05,252","106.87","-"
"10-SEP-2025","VIKRAN","Vikran Engineering Ltd","GRAVITON RESEARCH CAPITAL LLP","BUY","15,05,252","106.85","-"
"10-SEP-2025","WELSPUNLIV","Welspun Living Limited","GRAVITON RESEARCH CAPITAL LLP","BUY","65,75,675","125.01","-"
"10-SEP-2025","WELSPUNLIV","Welspun Living Limited","GRAVITON RESEARCH CAPITAL LLP","SELL","65,75,675","125.11","-"
"10-SEP-2025","WHITEFORCE","Happy Square Outsourc S L","GIRIRAJ STOCK BROKING PRIVATE LIMITED","BUY","1,600","83.00","-"
"10-SEP-2025","WHITEFORCE","Happy Square Outsourc S L","GIRIRAJ STOCK BROKING PRIVATE LIMITED","SELL","59,200","79.48","-"
"10-SEP-2025","ZTECH","Z-Tech (India) Limited","SANGHAMITRA BORGOHAIN","SELL","1,53,000","591.42","-"
"10-SEP-2025","ZTECH","Z-Tech (India) Limited","SAPAN ANIL SHAH HUF","BUY","82,500","591.13","-"