﻿"Date ","Symbol ","Security Name ","Client Name ","Buy / Sell ","Quantity Traded ","Trade Price / Wght. Avg. Price ","Remarks "
"02-JUN-2025","ALUWIND","ALUWIND INFRA-TECH LTD","ANKIT SINGHVI","BUY","1,35,000","67.10","-"
"02-JUN-2025","ALUWIND","ALUWIND INFRA-TECH LTD","KRIIS PORTFOLIO PRIVATE LIMITED","BUY","1,39,500","67.10","-"
"02-JUN-2025","ALUWIND","ALUWIND INFRA-TECH LTD","NNM SECURITIES PVT LTD","BUY","6,000","72.00","-"
"02-JUN-2025","ALUWIND","ALUWIND INFRA-TECH LTD","NNM SECURITIES PVT LTD","SELL","4,54,500","67.24","-"
"02-JUN-2025","ALUWIND","ALUWIND INFRA-TECH LTD","SAKET AGARWAL","BUY","1,35,000","67.10","-"
"02-JUN-2025","APOLLO","Apollo Micro Systems Ltd","AAKRAYA RESEARCH LLP","BUY","15,64,785","196.53","-"
"02-JUN-2025","APOLLO","Apollo Micro Systems Ltd","AAKRAYA RESEARCH LLP","SELL","15,64,785","196.55","-"
"02-JUN-2025","APOLLO","Apollo Micro Systems Ltd","HRTI PRIVATE LIMITED","BUY","13,84,857","195.89","-"
"02-JUN-2025","APOLLO","Apollo Micro Systems Ltd","HRTI PRIVATE LIMITED","SELL","16,10,755","196.00","-"
"02-JUN-2025","BHANDARI","Bhandari Hosiery Exp Ltd","ANKITA VISHAL SHAH","SELL","10,56,175","6.59","-"
"02-JUN-2025","BHANDARI","Bhandari Hosiery Exp Ltd","ANKITA VISHAL SHAH","BUY","19,56,175","6.53","-"
"02-JUN-2025","BTML","Bodhi Tree Multimedia Ltd","BRAJESH KUMAR GUPTA","BUY","3,943","7.91","-"
"02-JUN-2025","BTML","Bodhi Tree Multimedia Ltd","BRAJESH KUMAR GUPTA","SELL","11,26,241","8.02","-"
"02-JUN-2025","BTML","Bodhi Tree Multimedia Ltd","COMPANY SHIVAAY TRADING","BUY","33,26,772","8.01","-"
"02-JUN-2025","BTML","Bodhi Tree Multimedia Ltd","LAXMI TRADING AND INVESTMENTS","SELL","12,00,000","8.00","-"
"02-JUN-2025","BTML","Bodhi Tree Multimedia Ltd","NEERAJ VISHNUKUMAR GUPTA","SELL","12,50,000","7.99","-"
"02-JUN-2025","CDSL","Central Depo Ser (I) Ltd","GRAVITON RESEARCH CAPITAL LLP","BUY","15,12,450","1,635.78","-"
"02-JUN-2025","CDSL","Central Depo Ser (I) Ltd","GRAVITON RESEARCH CAPITAL LLP","SELL","15,12,450","1,636.22","-"
"02-JUN-2025","DBEIL","Deepak Builders & Eng I L","YUYU FAMILY PRIVATE TRUST","BUY","2,85,000","142.01","-"
"02-JUN-2025","DEEM","Deem Roll Tech Limited","ALKA PRAGNESH DOSHI","SELL","1,09,000","55.90","-"
"02-JUN-2025","GLOBALPET","Global Pet Industries Ltd","SHRENI SHARES PVT","BUY","64,500","130.29","-"
"02-JUN-2025","K2INFRA","K2 Infragen Limited","ROHAN GUPTA","BUY","63,600","71.95","-"
"02-JUN-2025","LYPSAGEMS","Lypsa Gems & Jewel Ltd","AMIT KUMAR JAIN","BUY","2,58,535","10.00","-"
"02-JUN-2025","LYPSAGEMS","Lypsa Gems & Jewel Ltd","AMIT KUMAR JAIN","SELL","2,58,535","9.96","-"
"02-JUN-2025","LYPSAGEMS","Lypsa Gems & Jewel Ltd","ANKIT  MITTAL","BUY","3,86,800","9.80","-"
"02-JUN-2025","LYPSAGEMS","Lypsa Gems & Jewel Ltd","IRAGE BROKING SERVICES LLP","BUY","35,638","9.59","-"
"02-JUN-2025","LYPSAGEMS","Lypsa Gems & Jewel Ltd","IRAGE BROKING SERVICES LLP","SELL","2,52,441","9.67","-"
"02-JUN-2025","LYPSAGEMS","Lypsa Gems & Jewel Ltd","JATIN SHARMA","BUY","1,52,037","9.73","-"
"02-JUN-2025","LYPSAGEMS","Lypsa Gems & Jewel Ltd","JATIN SHARMA","SELL","1,93,437","9.83","-"
"02-JUN-2025","LYPSAGEMS","Lypsa Gems & Jewel Ltd","NEHA MITTAL","BUY","3,23,901","9.80","-"
"02-JUN-2025","LYPSAGEMS","Lypsa Gems & Jewel Ltd","RAHUL MEHROTRA","BUY","89,876","9.54","-"
"02-JUN-2025","LYPSAGEMS","Lypsa Gems & Jewel Ltd","RAHUL MEHROTRA","SELL","1,63,352","9.68","-"
"02-JUN-2025","MITTAL","Mittal Life Style Limited","SURESH MADANLAL SONI ","SELL","26,15,000","1.56","-"
"02-JUN-2025","MTNL","Maha Tel Nigam Ltd.","HRTI PRIVATE LIMITED","BUY","15,56,697","50.09","-"
"02-JUN-2025","MTNL","Maha Tel Nigam Ltd.","HRTI PRIVATE LIMITED","SELL","17,89,313","50.12","-"
"02-JUN-2025","MYMUDRA","My Mudra Fincorp Limited","SUNRISE INVESTMENT OPPORTUNITIES FUND","BUY","96,000","86.00","-"
"02-JUN-2025","MYMUDRA","My Mudra Fincorp Limited","SUNRISE WEALTH ADVISORS LLP","SELL","96,000","86.00","-"
"02-JUN-2025","NIVABUPA","Niva Bupa Health Ins Co L","IRAGE BROKING SERVICES LLP","BUY","32,07,665","83.04","-"
"02-JUN-2025","NIVABUPA","Niva Bupa Health Ins Co L","IRAGE BROKING SERVICES LLP","SELL","1,09,19,157","83.51","-"
"02-JUN-2025","NIVABUPA","Niva Bupa Health Ins Co L","M PALLONJI AND CO PVT LTD","BUY","1,35,60,000","83.95","-"
"02-JUN-2025","NIVABUPA","Niva Bupa Health Ins Co L","PATRONUS TRADETECH LLP","BUY","4,36,918","82.99","-"
"02-JUN-2025","NIVABUPA","Niva Bupa Health Ins Co L","PATRONUS TRADETECH LLP","SELL","1,01,84,741","83.91","-"
"02-JUN-2025","NIVABUPA","Niva Bupa Health Ins Co L","SHARE INDIA SECURITIES LIMITED","BUY","47,45,711","83.05","-"
"02-JUN-2025","NIVABUPA","Niva Bupa Health Ins Co L","SHARE INDIA SECURITIES LIMITED","SELL","1,11,96,723","82.91","-"
"02-JUN-2025","ONEPOINT","One Point One Sol Ltd","CRONY VYAPAR PVT LTD","SELL","22,34,003","65.31","-"
"02-JUN-2025","ONEPOINT","One Point One Sol Ltd","CRONY VYAPAR PVT LTD","BUY","22,34,003","65.50","-"
"02-JUN-2025","SHANTI","Shanti Overseas (Ind) Ltd","AYUSH  KACHOLIA","SELL","3,05,000","23.87","-"
"02-JUN-2025","SHANTI","Shanti Overseas (Ind) Ltd","GREEN PEAKS ENTERPRISES LLP","SELL","49,000","23.87","-"
"02-JUN-2025","SHANTI","Shanti Overseas (Ind) Ltd","GREEN PEAKS ENTERPRISES LLP","BUY","56,001","23.87","-"
"02-JUN-2025","SIGIND","Signet Industries Limited","AMIT KUMAR JAIN","SELL","1,31,895","75.03","-"
"02-JUN-2025","SIGIND","Signet Industries Limited","AMIT KUMAR JAIN","BUY","1,81,895","74.78","-"
"02-JUN-2025","THELEELA","Schloss Bangalore Limited","WF ASIAN RECONNAISSANCE FUND LIMITED","BUY","16,83,978","434.13","-"
"02-JUN-2025","THOMASCOTT","Thomas Scott (India) Ltd","NEO APEX VENTURE LLP","SELL","63,774","321.43","-"
"02-JUN-2025","THOMASCOTT","Thomas Scott (India) Ltd","NEO APEX VENTURE LLP","BUY","74,274","297.41","-"
"02-JUN-2025","THOMASCOTT","Thomas Scott (India) Ltd","STELLAR WEALTH PARTNERS INDIA FUND I LP","SELL","62,568","297.40","-"
"02-JUN-2025","TOKYOPLAST","Tokyo Plast Intl Ltd","SHARE INDIA SECURITIES LIMITED","SELL","3,650","155.85","-"
"02-JUN-2025","TOKYOPLAST","Tokyo Plast Intl Ltd","SHARE INDIA SECURITIES LIMITED","BUY","61,150","151.45","-"